Name,Term,ES,NES,NOM p-val,FDR q-val,FWER p-val
prerank,Cytoplasmic Translation (GO:0002181),0.7432051096162626,1.8357899683242933,0.0,0.002999981880064145,0.003
prerank,Response To Epidermal Growth Factor (GO:0070849),0.7597755975328294,1.7401535461652622,0.0,0.003461517553920166,0.043
prerank,Positive Regulation Of Leukocyte Proliferation (GO:0070665),0.8051987278448192,1.7412211671829663,0.0,0.0034999788600748355,0.04
prerank,Fc Receptor Signaling Pathway (GO:0038093),0.7700109501832504,1.7366498540575763,0.0,0.003499978860074836,0.047
prerank,Negative Regulation Of Synaptic Transmission (GO:0050805),0.8038191934084474,1.7419257632620886,0.0,0.003818158756445275,0.04
prerank,Fc-epsilon Receptor Signaling Pathway (GO:0038095),0.7816884344477932,1.7302583260470663,0.0,0.003999975840085526,0.059
prerank,ERBB Signaling Pathway (GO:0038127),0.7238293099593285,1.7425277299459951,0.0,0.004099975236087665,0.039
prerank,Activin Receptor Signaling Pathway (GO:0032924),0.8252006422679239,1.7614913149708131,0.0,0.0041666415000890895,0.023
prerank,Regulation Of Cellular Component Biogenesis (GO:0044087),0.7378943060824988,1.7306953837263024,0.0,0.004199974632089803,0.059
prerank,Regulation Of Cardiac Muscle Contraction By Regulation Of The Release Of Sequestered Calcium Ion (GO:0010881),0.8138868059557088,1.743931455462596,0.0,0.0042221967200902774,0.036
prerank,Signal Release From Synapse (GO:0099643),0.7279191101256879,1.7153731831195462,0.0,0.0042727014655459025,0.084
prerank,Positive Regulation Of Dephosphorylation (GO:0035306),0.7507636647506961,1.7162825163792739,0.0,0.004285688400091635,0.081
prerank,Regulation Of Inflammatory Response To Antigenic Stimulus (GO:0002861),0.7946664650611749,1.7204741725637251,0.0,0.004444417600095029,0.074
prerank,Response To BMP (GO:0071772),0.7674980251377861,1.7238103195074463,0.0,0.004470561233036765,0.071
prerank,Epidermal Growth Factor Receptor Signaling Pathway (GO:0007173),0.7215593129362476,1.7164628937868174,0.0,0.004499972820096216,0.081
prerank,Regulation Of Early Endosome To Late Endosome Transport (GO:2000641),0.7878518071903573,1.7080100837848249,0.0,0.004499972820096216,0.096
prerank,protein-DNA Complex Disassembly (GO:0032986),0.7702485810735953,1.6919438182203226,0.0010050251256281408,0.00454051311577276,0.148
prerank,Positive Regulation Of SMAD Protein Signal Transduction (GO:0060391),0.7821718977003951,1.692646414161141,0.001006036217303823,0.004611083260098592,0.147
prerank,Dendritic Spine Organization (GO:0097061),0.76657641987668,1.7448654168320301,0.0,0.00462497206509889,0.035
prerank,Multicellular Organismal-Level Water Homeostasis (GO:0050891),0.7692690068915785,1.6934889629425631,0.0,0.0046285434720989655,0.145
prerank,Neurotransmitter Secretion (GO:0007269),0.714809761801285,1.6947493451179505,0.0,0.004676442342452932,0.142
prerank,Regulation Of Release Of Sequestered Calcium Ion Into Cytosol (GO:0051279),0.7143650329736825,1.69828900062047,0.0,0.004677391103325817,0.129
prerank,Positive Regulation Of Protein Import Into Nucleus (GO:0042307),0.7442526099388881,1.7080789785884498,0.0,0.004695623812274313,0.096
prerank,Positive Regulation Of Stress Fiber Assembly (GO:0051496),0.7201646015038811,1.6949660328680183,0.0,0.004696941327373155,0.139
prerank,Negative Regulation Of Inflammatory Response To Antigenic Stimulus (GO:0002862),0.7973362223004906,1.7170864247919657,0.0,0.004736813494838123,0.081
prerank,Regulation Of Neuronal Synaptic Plasticity (GO:0048168),0.7307002731791561,1.6959175511847884,0.0,0.004812470932602899,0.138
prerank,Regulation Of Potassium Ion Transmembrane Transporter Activity (GO:1901016),0.7428534413631337,1.6984525424103898,0.0,0.004833304140103345,0.129
prerank,Regulation Of Ubiquitin Protein Ligase Activity (GO:1904666),0.7844567574463545,1.6987822222243918,0.001006036217303823,0.004965487249761343,0.128
prerank,Cellular Response To Lectin (GO:1990858),0.8096152193174414,1.7820559701571113,0.0,0.004999969800106907,0.014
prerank,Stimulatory C-type Lectin Receptor Signaling Pathway (GO:0002223),0.8096152193174414,1.7820559701571113,0.0,0.004999969800106907,0.014
prerank,Retrograde Axonal Transport (GO:0008090),0.789876242090122,1.703760388648292,0.0,0.004999969800106907,0.115
prerank,Peptidyl-Threonine Dephosphorylation (GO:0035970),0.7712360338328497,1.6860748864946384,0.0,0.004999969800106907,0.164
prerank,Fc-gamma Receptor Signaling Pathway Involved In Phagocytosis (GO:0038096),0.7926806130693164,1.7619540846822506,0.0,0.004999969800106908,0.023
prerank,Regulation Of Cardiac Muscle Contraction By Calcium Ion Signaling (GO:0010882),0.795245716711072,1.7492791306740372,0.0,0.004999969800106909,0.033
prerank,Positive Regulation Of Nucleocytoplasmic Transport (GO:0046824),0.7190279181114667,1.7008203743277461,0.0,0.004999969800106909,0.125
prerank,Extrinsic Apoptotic Signaling Pathway In Absence Of Ligand (GO:0097192),0.7903507011545899,1.7044900991311864,0.0,0.005079969316908618,0.112
prerank,Regulation Of Anoikis (GO:2000209),0.7670656509769138,1.7008317464440457,0.0,0.005185153866777534,0.125
prerank,Cellular Glucuronidation (GO:0052695),-0.4545335486969049,-1.585913819627435,0.0,0.005517656500802568,0.01120162932790224
prerank,Glucuronate Metabolic Process (GO:0019585),-0.4545335486969049,-1.585913819627435,0.0,0.005517656500802568,0.01120162932790224
prerank,Regulation Of Stress Fiber Assembly (GO:0051492),0.6895791278020063,1.6716839173016926,0.0,0.005595710882672837,0.221
prerank,U2-type Prespliceosome Assembly (GO:1903241),0.7397006918033874,1.6718181168824557,0.001002004008016032,0.0056738787731647955,0.221
prerank,Positive Regulation Of Excitatory Postsynaptic Potential (GO:2000463),0.7474153047770086,1.6684018018110396,0.0,0.005719965451322303,0.236
prerank,Fc Receptor Mediated Stimulatory Signaling Pathway (GO:0002431),0.7472618129911651,1.6782288770326954,0.0,0.005749965270122944,0.197
prerank,Negative Regulation Of Anoikis (GO:2000811),0.7720298744081773,1.6741087015663467,0.0,0.0057674070252395964,0.213
prerank,Innate Immune Response Activating Cell Surface Receptor Signaling Pathway (GO:0002220),0.7282434845991828,1.6719015825967072,0.0,0.005777742880123538,0.22
prerank,Cell Cycle G1/S Phase Transition (GO:0044843),0.6921315227499623,1.6671664218885223,0.0,0.005784278788358971,0.241
prerank,Protein Kinase A Signaling (GO:0010737),0.7828788140787432,1.6695821972212386,0.0,0.005791631685123835,0.232
prerank,Vesicle-Mediated Transport In Synapse (GO:0099003),0.7579571949774956,1.6727824102630882,0.0,0.005795419541033006,0.218
prerank,Regulation Of Release Of Sequestered Calcium Ion Into Cytosol By Sarcoplasmic Reticulum (GO:0010880),0.7519055327987598,1.668576248302848,0.0,0.005795883360123925,0.235
prerank,NLS-bearing Protein Import Into Nucleus (GO:0006607),0.7651673275985408,1.678870639187728,0.0,0.005846118535509615,0.195
prerank,Regulation Of Cartilage Development (GO:0061035),0.7597908786654302,1.6764645654325603,0.0,0.005853623180612965,0.206
prerank,Fc-gamma Receptor Signaling Pathway (GO:0038094),0.7389134074316177,1.6744057068204061,0.0,0.005904726240126254,0.213
prerank,Myoblast Differentiation (GO:0045445),0.7930939409589601,1.7651687395824245,0.0,0.00599996376012829,0.023
prerank,Pulmonary Valve Development (GO:0003177),0.7427016227535781,1.6602139912462566,0.001002004008016032,0.006769189883221658,0.275
prerank,Negative Regulation Of Calcium Ion Transmembrane Transport (GO:1903170),0.7512522673528461,1.6583468347247607,0.001002004008016032,0.006962222099016788,0.286
prerank,Positive Regulation Of Focal Adhesion Assembly (GO:0051894),0.7472176755465374,1.654439048685338,0.0,0.007199956512153946,0.299
prerank,Positive Regulation Of Release Of Sequestered Calcium Ion Into Cytosol (GO:0051281),0.7160323338915666,1.6546303306421586,0.0,0.0073147706334897354,0.299
prerank,Positive Regulation Of G1/S Transition Of Mitotic Cell Cycle (GO:1900087),0.7128650364464411,1.6512217761105143,0.0,0.007385920301210555,0.317
prerank,Regulation Of Protein Import Into Nucleus (GO:0042306),0.7011000482645716,1.6487820727335867,0.0,0.007457582074735726,0.329
prerank,Establishment Or Maintenance Of Epithelial Cell Apical/Basal Polarity (GO:0045197),0.7028135254802994,1.6514808315913987,0.0,0.00748209766515998,0.316
prerank,Regulation Of Cell Size (GO:0008361),0.7344836502257363,1.6488644418376326,0.0,0.007586161076024274,0.329
prerank,Regulation Of Amyloid-Beta Formation (GO:1902003),0.6952657022002003,1.6360483241921746,0.0,0.008617595008419554,0.404
prerank,Negative Regulation Of Protein-Containing Complex Assembly (GO:0031333),0.6794599475166154,1.627690709281475,0.0,0.00865817555259019,0.45
prerank,Learning (GO:0007612),0.6908401040487051,1.6347261016019652,0.0,0.008666614320185307,0.41
prerank,Positive Regulation Of Glycolytic Process (GO:0045821),0.7512030600426279,1.6375498138735842,0.002014098690835851,0.008707639713416954,0.394
prerank,Cellular Response To Epidermal Growth Factor Stimulus (GO:0071364),0.7214014526331982,1.6370323862724057,0.0,0.008712068591095369,0.399
prerank,Positive Regulation Of Glial Cell Differentiation (GO:0045687),0.7481281668064135,1.6381058744477162,0.0020100502512562816,0.008734322244561754,0.393
prerank,Peptidyl-Tyrosine Modification (GO:0018212),0.6808498786241197,1.6362047420185242,0.0,0.00874621582944074,0.404
prerank,Regulation Of Monoatomic Ion Transmembrane Transporter Activity (GO:0032412),0.6672686086588113,1.6278937785205363,0.0,0.008756357367879533,0.45
prerank,Presynaptic Endocytosis (GO:0140238),0.7025669717733152,1.6322742745201335,0.0,0.008763835955187385,0.425
prerank,Positive Regulation Of Neuron Apoptotic Process (GO:0043525),0.7250543009639177,1.6294700900654808,0.0,0.008786613595387871,0.439
prerank,Dendritic Spine Morphogenesis (GO:0060997),0.7479144125212231,1.633330922257189,0.0020181634712411706,0.008799946848188156,0.419
prerank,Neuron Projection Organization (GO:0106027),0.7700031735874456,1.6279486226298137,0.0010162601626016261,0.008818128556552183,0.447
prerank,Glutamate Receptor Signaling Pathway (GO:0007215),0.695750505323824,1.622363391787914,0.0,0.008825528089025913,0.491
prerank,Positive Regulation Of Telomerase Activity (GO:0051973),0.7032355935476051,1.6312008382805174,0.0,0.008835563071421795,0.431
prerank,Peptide Biosynthetic Process (GO:0043043),0.6447337705333677,1.624444019936534,0.0,0.008841410012384166,0.471
prerank,Regulation Of Protein Serine/Threonine Kinase Activity (GO:0071900),0.6601407823776616,1.639355414588484,0.0,0.008854785226640943,0.387
prerank,"Alternative mRNA Splicing, Via Spliceosome (GO:0000380)",0.7623412572435073,1.6382913496853486,0.0,0.00885708936018938,0.393
prerank,Cellular Response To Interleukin-6 (GO:0071354),0.727135943945126,1.6324062273964117,0.0,0.008859101420471112,0.424
prerank,Positive Regulation Of Cell-Substrate Junction Organization (GO:0150117),0.7215703164620949,1.6299711468739164,0.0,0.008864811321270627,0.437
prerank,Positive Regulation Of Neuron Death (GO:1901216),0.6982471645685457,1.6254657834983666,0.0,0.008887446319690028,0.466
prerank,Positive Regulation Of Cell Cycle G1/S Phase Transition (GO:1902808),0.687702279157126,1.6225232156693332,0.001,0.008917593196425965,0.49
prerank,Regulation Of Phosphoprotein Phosphatase Activity (GO:0043666),0.7030854009504715,1.6245815353060993,0.0,0.008925872013524185,0.47
prerank,Regulation Of Cation Channel Activity (GO:2001257),0.680903090396638,1.627996798623415,0.0,0.008934156563875237,0.447
prerank,Regulation Of Calcium Ion Transmembrane Transporter Activity (GO:1901019),0.7063139259251279,1.6213772223550587,0.0,0.008942474722949827,0.501
prerank,Negative Regulation Of Stress Fiber Assembly (GO:0051497),0.7293530394576332,1.6403867794280538,0.0,0.008966612508191722,0.384
prerank,Receptor Clustering (GO:0043113),0.7444991360806298,1.6396950249984519,0.0,0.008967158952978617,0.386
prerank,Ephrin Receptor Signaling Pathway (GO:0048013),0.6868080852659397,1.6227329829850798,0.0,0.008999945640192434,0.489
prerank,Regulation Of Cyclin-Dependent Protein Kinase Activity (GO:1904029),0.6773313534582931,1.6189042822344988,0.0,0.009010934584808053,0.523
prerank,Regulation Of Bicellular Tight Junction Assembly (GO:2000810),0.7559585677519097,1.6203363082056512,0.0010080645161290322,0.009011309207919949,0.51
prerank,Regulation Of NMDA Receptor Activity (GO:2000310),0.7471438367125715,1.6232034778439512,0.0,0.009024041880192948,0.485
prerank,Positive Regulation Of Calcium Ion Transmembrane Transporter Activity (GO:1901021),0.7102610327528462,1.617817777048713,0.0,0.009075214002774687,0.532
prerank,Nucleosome Disassembly (GO:0006337),0.7451105494526825,1.6189077220083015,0.0010090817356205853,0.00911105608019481,0.523
prerank,Regulation Of Nitric Oxide Biosynthetic Process (GO:0045428),0.6854896115932593,1.6179421488827144,0.0,0.009162988133674181,0.532
prerank,Positive Regulation Of Cell Communication (GO:0010647),0.7023665512408752,1.6189650597617318,0.0,0.00920219160963496,0.522
prerank,Regulation Of Osteoblast Proliferation (GO:0033688),0.7493488324522862,1.615913823564399,0.0,0.00936164558317889,0.55
prerank,Positive Regulation Of Secretion By Cell (GO:1903532),0.6635416541195919,1.6151519939054437,0.0,0.009368364467568733,0.552
prerank,Anterograde Trans-Synaptic Signaling (GO:0098916),0.6286796381724742,1.5997251167028146,0.0,0.009399943224200987,0.65
prerank,"RNA Splicing, Via Transesterification Reactions (GO:0000375)",0.7085456505186103,1.603438308497619,0.0,0.009410199572508897,0.632
prerank,Spliceosomal Complex Assembly (GO:0000245),0.6619686940103381,1.6043194320870713,0.0,0.009417334423505706,0.624
prerank,Negative Regulation Of Actin Filament Bundle Assembly (GO:0032232),0.7070625248695951,1.6008369294068887,0.0,0.009417975902168585,0.642
prerank,"Regulation Of Nuclear-Transcribed mRNA Catabolic Process, Deadenylation-Dependent Decay (GO:1900151)",0.7143956255413536,1.6064339563858405,0.0,0.009418124932565011,0.608
prerank,Regulation Of Telomerase Activity (GO:0051972),0.6727841870381368,1.6038594997873983,0.0,0.009422356881925604,0.628
prerank,Regulation Of Protein Modification By Small Protein Conjugation Or Removal (GO:1903320),0.700913423227635,1.5991191111874727,0.0,0.009436450940201768,0.655
prerank,Regulation Of Transmembrane Transport (GO:0034762),0.6933336808576172,1.614116616102631,0.0,0.009437442997701787,0.555
prerank,Positive Regulation Of Protein Dephosphorylation (GO:0035307),0.6975432106796804,1.6061100416741094,0.0,0.009441384415337008,0.613
prerank,Microglial Cell Activation (GO:0001774),0.7230840198170714,1.6069853157898726,0.0,0.009458658465890316,0.605
prerank,Regulation Of Neuron Death (GO:1901214),0.666346318685951,1.6009298778621435,0.0,0.0094627527621858,0.641
prerank,Synaptic Vesicle Endocytosis (GO:0048488),0.6812655798441085,1.6011367557021996,0.0,0.009466609488202412,0.64
prerank,Positive Regulation Of Endothelial Cell Migration (GO:0010595),0.655001386897997,1.5997520692009948,0.0,0.009467684750525014,0.649
prerank,Positive Regulation Of Protein Localization To Nucleus (GO:1900182),0.6603421022791425,1.6043677779663221,0.0,0.009499942620203124,0.624
prerank,Cellular Response To Steroid Hormone Stimulus (GO:0071383),0.712201032376951,1.5999281268049252,0.0,0.009504007636300773,0.649
prerank,Positive Regulation Of Phosphatase Activity (GO:0010922),0.7172366950343296,1.613329395294044,0.0,0.009515406444327166,0.562
prerank,Negative Regulation Of Cell Cycle G1/S Phase Transition (GO:1902807),0.6948576062128609,1.6021068155239377,0.0,0.009516891670372977,0.637
prerank,Negative Regulation Of Cell-Cell Adhesion (GO:0022408),0.6825657921203006,1.6012980477850884,0.0,0.009520950896674162,0.639
prerank,Pulmonary Valve Morphogenesis (GO:0003184),0.7279010668090798,1.6047476871913895,0.0030211480362537764,0.009530915884451574,0.622
prerank,Neuron Projection Morphogenesis (GO:0048812),0.6329553965094349,1.5979571999173476,0.0,0.009535375477054275,0.658
prerank,Synaptic Vesicle Exocytosis (GO:0016079),0.6788037795478096,1.6070678385120862,0.0,0.009546238636870782,0.605
prerank,Positive Regulation Of Mitotic Nuclear Division (GO:0045840),0.6856188629313095,1.6091976673575872,0.0,0.009557634579435125,0.587
prerank,Macromolecule Biosynthetic Process (GO:0009059),0.6328749200557366,1.6048106050937783,0.0,0.009616013347705607,0.622
prerank,Negative Regulation Of Amyloid-Beta Formation (GO:1902430),0.7303017854415138,1.607952805272361,0.0020181634712411706,0.009622583388884992,0.6
prerank,Positive Regulation Of Small Molecule Metabolic Process (GO:0062013),0.6870306741688491,1.5965941236646273,0.0,0.009627848824391905,0.666
prerank,Regulation Of Focal Adhesion Assembly (GO:0051893),0.6690191408403786,1.607354289133751,0.0,0.009635455820392937,0.605
prerank,Regulation Of Exocytosis (GO:0017157),0.6745729260010351,1.608227630255949,0.0,0.009638037024206077,0.597
prerank,Regulation Of G1/S Transition Of Mitotic Cell Cycle (GO:2000045),0.6487431919611408,1.609229124662059,0.0,0.009650427148167507,0.587
prerank,Positive Regulation Of Intrinsic Apoptotic Signaling Pathway (GO:2001244),0.6832133577990024,1.5967216578140284,0.0,0.009671816582081801,0.666
prerank,Positive Regulation Of Peptidyl-Threonine Phosphorylation (GO:0010800),0.7170310298921615,1.609512318852237,0.001001001001001001,0.009705823729619291,0.584
prerank,Peptidyl-Tyrosine Phosphorylation (GO:0018108),0.6644581998358247,1.6100204031737595,0.0,0.009712812621593816,0.578
prerank,Regulation Of SMAD Protein Signal Transduction (GO:0060390),0.7157880794228593,1.6115124054645678,0.001002004008016032,0.009727213974753438,0.576
prerank,Ribosomal Large Subunit Assembly (GO:0000027),0.7247550521591685,1.611901385936089,0.0,0.009765247140208797,0.575
prerank,Peptidyl-Threonine Phosphorylation (GO:0018107),0.6678308533511179,1.610239118266323,0.0,0.009769940989408898,0.576
prerank,"Regulation Of Synaptic Transmission, Glutamatergic (GO:0051966)",0.6594216656539813,1.5945714179290382,0.0,0.010007631861444748,0.685
prerank,Regulation Of Platelet Aggregation (GO:0090330),0.7047656857226099,1.593052485265677,0.0,0.010105999565670628,0.697
prerank,Intracellular Sodium Ion Homeostasis (GO:0006883),0.7227667831944974,1.5918735758221523,0.0010030090270812437,0.010118457402883016,0.7
prerank,"Synaptic Transmission, Glutamatergic (GO:0035249)",0.6968073234284808,1.591110217431009,0.0,0.010145924119924966,0.704
prerank,Glial Cell Development (GO:0021782),0.7054031733032805,1.5913140852708905,0.0,0.01015435043227594,0.701
prerank,Modulation Of Chemical Synaptic Transmission (GO:0050804),0.6364548115050525,1.5932673404665145,0.0,0.01016024397548442,0.697
prerank,Negative Regulation Of Amyloid Precursor Protein Catabolic Process (GO:1902992),0.7147073628250029,1.5918820005158714,0.0030181086519114686,0.010186505637531238,0.7
prerank,Synaptic Vesicle Cycle (GO:0099504),0.6762068256546564,1.5904806285574622,0.0,0.010188344259348277,0.707
prerank,Regulation Of Blood Vessel Endothelial Cell Migration (GO:0043535),0.6625249413975675,1.5919535492217263,0.0,0.010233020899166168,0.7
prerank,Regulation Of Ubiquitin-Dependent Protein Catabolic Process (GO:2000058),0.6725895973496261,1.587179969187383,0.0,0.010315006190357537,0.729
prerank,Regulation Of Ryanodine-Sensitive Calcium-Release Channel Activity (GO:0060314),0.7118712385712943,1.5897171196777404,0.0,0.010338067054321765,0.714
prerank,Negative Regulation Of Cellular Component Organization (GO:0051129),0.6476385384336644,1.5868805075299008,0.0,0.010340073600221086,0.732
prerank,Positive Regulation Of Phosphoprotein Phosphatase Activity (GO:0032516),0.7306327260165606,1.5874487136561712,0.0020161290322580645,0.010351661613738579,0.729
prerank,Cellular Response To Growth Factor Stimulus (GO:0071363),0.6294556467893967,1.587986674340754,0.0,0.010377559697005104,0.725
prerank,Positive Regulation Of Actin Filament Bundle Assembly (GO:0032233),0.6682070617356938,1.589057353737391,0.0,0.010378508742221909,0.718
prerank,Regulation Of Signal Transduction By P53 Class Mediator (GO:1901796),0.6645956777691885,1.5876580202035757,0.0,0.010381881737721982,0.728
prerank,Regulation Of Neurotransmitter Secretion (GO:0046928),0.6784219833186615,1.5836109749519525,0.0,0.010402534571131515,0.752
prerank,Positive Regulation Of Signal Transduction By P53 Class Mediator (GO:1901798),0.7162733746842431,1.5856039768272125,0.0,0.010409333100625253,0.741
prerank,Peptidyl-Serine Phosphorylation (GO:0018105),0.6280392912517009,1.5827932717568751,0.0,0.010416603750222724,0.758
prerank,Positive Regulation Of Collagen Biosynthetic Process (GO:0032967),0.7349088490565328,1.5880538043281194,0.0,0.010443598892335978,0.724
prerank,Positive Regulation Of Collagen Metabolic Process (GO:0010714),0.7349088490565328,1.5880538043281194,0.0,0.010443598892335978,0.724
prerank,Cell Surface Receptor Signaling Pathway Involved In Heart Development (GO:0061311),0.7307829938055959,1.5837111471472487,0.0030211480362537764,0.010444381360223317,0.751
prerank,mRNA Metabolic Process (GO:0016071),0.6467719628048315,1.5859729523432222,0.0,0.010445882852655785,0.739
prerank,Regulation Of Vascular Endothelial Cell Proliferation (GO:1905562),0.7207687626639543,1.5843532090709738,0.00202020202020202,0.01045026800605126,0.747
prerank,Autonomic Nervous System Development (GO:0048483),0.7331480016604046,1.5839585967021357,0.0030303030303030303,0.010480199857329347,0.75
prerank,Regulation Of Striated Muscle Contraction (GO:0006942),0.695021592267373,1.5827971570062882,0.0,0.010483807645385451,0.758
prerank,Negative Regulation Of Cellular Response To Insulin Stimulus (GO:1900077),0.693538799333358,1.584736919194234,0.0,0.010493269953824363,0.746
prerank,Insulin Receptor Signaling Pathway (GO:0008286),0.6621284486382909,1.5792936184740771,0.0,0.010974617257449845,0.779
prerank,Establishment Of Vesicle Localization (GO:0051650),0.7289882441282418,1.578753305536592,0.0010050251256281408,0.01100622283042401,0.783
prerank,Cell Communication By Electrical Coupling Involved In Cardiac Conduction (GO:0086064),0.726777890373312,1.5796002681646018,0.0010121457489878543,0.01102541111335676,0.779
prerank,Positive Regulation Of Amide Metabolic Process (GO:0034250),0.6435731066926749,1.5763145752033199,0.0,0.011066599824236622,0.798
prerank,Regulation Of Cell-Substrate Junction Assembly (GO:0090109),0.7012876988468972,1.575891721703907,0.0,0.011090294460237128,0.798
prerank,Negative Regulation Of G1/S Transition Of Mitotic Cell Cycle (GO:2000134),0.6851119186942414,1.5769223852880498,0.0,0.011098092476556314,0.796
prerank,Regulation Of Cell-Matrix Adhesion (GO:0001952),0.6462682024507957,1.5764263643293075,0.0,0.011134079091457577,0.798
prerank,Positive Regulation Of Mitotic Cell Cycle Phase Transition (GO:1901992),0.6519872353514989,1.5769445657883552,0.0,0.011160426418016407,0.795
prerank,Endocardial Cushion Morphogenesis (GO:0003203),0.7100662490148649,1.5775142996898623,0.0,0.011199932352239473,0.789
prerank,Regulation Of Axonogenesis (GO:0050770),0.6623611649672067,1.57701056126965,0.0,0.01122974583676185,0.795
prerank,Cellular Response To Gamma Radiation (GO:0071480),0.7264017809611323,1.5723322855566304,0.004036326942482341,0.011248486972263633,0.811
prerank,Positive Regulation Of Protein Metabolic Process (GO:0051247),0.6202444512456754,1.5723581521397756,0.0,0.011308071233962715,0.811
prerank,Positive Regulation Of Cardiac Muscle Tissue Growth (GO:0055023),0.7279301753738927,1.5713178862080879,0.0020161290322580645,0.011325645878642161,0.82
prerank,Cellular Response To Amyloid-Beta (GO:1904646),0.682133702031711,1.574302210182705,0.001,0.011329272888385953,0.803
prerank,Regulation Of Vesicle-Mediated Transport (GO:0060627),0.6391578182215556,1.5716071462148593,0.0,0.011339011971966587,0.816
prerank,Positive Regulation Of Epithelial To Mesenchymal Transition (GO:0010718),0.6616584584227019,1.5724926659613454,0.0,0.011339112798137187,0.809
prerank,Positive Regulation Of Epithelial Cell Migration (GO:0010634),0.6366896372622431,1.572803839490788,0.0,0.011341107970124845,0.807
prerank,Regulation Of Neurotransmitter Receptor Activity (GO:0099601),0.6648974369995091,1.572931253034448,0.0,0.011372712373734292,0.807
prerank,protein-RNA Complex Assembly (GO:0022618),0.6262575404444147,1.5733662332660276,0.0,0.011392788330243597,0.807
prerank,Negative Regulation Of Insulin Receptor Signaling Pathway (GO:0046627),0.6882247690520749,1.569169977629448,0.0,0.011452969497924442,0.834
prerank,Positive Regulation Of Substrate Adhesion-Dependent Cell Spreading (GO:1900026),0.6756086741658546,1.5705554420971315,0.0,0.011454476269335824,0.826
prerank,Positive Regulation Of miRNA Metabolic Process (GO:2000630),0.6638543677202758,1.5688240590687665,0.0,0.01145597476178341,0.835
prerank,Substantia Nigra Development (GO:0021762),0.6671214462300178,1.5699118154984366,0.0,0.011460604935076509,0.831
prerank,Ras Protein Signal Transduction (GO:0007265),0.6241211475167807,1.5700344563392397,0.0,0.01148580633177101,0.831
prerank,Regulation Of Cellular Response To Heat (GO:1900034),0.7272026808236166,1.5691844352946918,0.003036437246963563,0.011511041584246127,0.833
prerank,Cellular Response To Heat (GO:0034605),0.6748131333793583,1.569341326685068,0.0,0.011519483494771447,0.832
prerank,Establishment Of Epithelial Cell Polarity (GO:0090162),0.714589631459409,1.5640691425278708,0.002008032128514056,0.012162088702962748,0.855
prerank,Phosphatidylinositol 3-Kinase Signaling (GO:0014065),0.6796522166984149,1.5643790895070493,0.0,0.012162970013738325,0.853
prerank,Chemical Synaptic Transmission (GO:0007268),0.6090241205324273,1.5644909019812592,0.0,0.012196647643539473,0.853
prerank,G1/S Transition Of Mitotic Cell Cycle (GO:0000082),0.6446863584603042,1.563301518006629,0.0,0.012256610461866343,0.857
prerank,MAPK Cascade (GO:0000165),0.6280072259798131,1.5633273882620236,0.0,0.012311753593811632,0.857
prerank,Positive Regulation Of Macromolecule Biosynthetic Process (GO:0010557),0.627303271250187,1.5624905629829735,0.0,0.012420137748137904,0.861
prerank,Cellular Response To Peptide (GO:1901653),0.6525361263170995,1.5605798221796494,0.0,0.01254396568503505,0.865
prerank,Mesenchyme Development (GO:0060485),0.7143159259591627,1.5617962919965207,0.006018054162487462,0.012560770693601902,0.862
prerank,RNA Processing (GO:0006396),0.6165141627936466,1.56067429890323,0.0,0.012578049028393939,0.865
prerank,Positive Regulation Of Synaptic Transmission (GO:0050806),0.6338969473410262,1.5601117349290712,0.0,0.012587552836970174,0.866
prerank,miRNA Processing (GO:0035196),0.6850013655642936,1.5612248680495535,0.0,0.012605187022374783,0.864
prerank,Positive Regulation Of Telomere Maintenance Via Telomere Lengthening (GO:1904358),0.6709816399735228,1.5597700765012792,0.0,0.012615308418731274,0.868
prerank,Regulation Of Vascular Associated Smooth Muscle Cell Proliferation (GO:1904705),0.6692126430866119,1.560773587625121,0.0,0.012628195976814516,0.865
prerank,Cell Junction Organization (GO:0034330),0.6431939961888872,1.5590854015280315,0.0,0.012634441454280297,0.871
prerank,Negative Regulation Of Mitotic Cell Cycle Phase Transition (GO:1901991),0.6684278194646912,1.5591388544549132,0.0,0.012693800880271416,0.871
prerank,Endocardial Cushion Development (GO:0003197),0.6933306523881553,1.5574263008734082,0.001002004008016032,0.012894394479471685,0.875
prerank,Positive Regulation Of miRNA Transcription (GO:1902895),0.6667598055241509,1.5575094756605457,0.0,0.012949416734822333,0.875
prerank,Response To Gamma Radiation (GO:0010332),0.6950858611318649,1.5567632477927693,0.002004008016032064,0.01296992166147732,0.877
prerank,Negative Regulation Of mRNA Processing (GO:0050686),0.7259750082293878,1.5557215941722404,0.005040322580645161,0.013019625794761139,0.881
prerank,Aortic Valve Development (GO:0003176),0.6538008493698683,1.555920231902176,0.0,0.013039525201466926,0.879
prerank,Exocytosis (GO:0006887),0.6327413490280954,1.5560884320579373,0.0,0.013064597706548,0.878
prerank,Memory (GO:0007613),0.6487252803866573,1.5552292198678725,0.0,0.013088156241456317,0.884
prerank,Negative Regulation Of Cell-Substrate Adhesion (GO:0010812),0.6644025792307604,1.5535449324561201,0.0,0.013138676623056044,0.892
prerank,Ventricular Septum Morphogenesis (GO:0060412),0.6756500459419041,1.5530045013041793,0.0,0.013156318639902157,0.893
prerank,Regulation Of miRNA Transcription (GO:1902893),0.650485948035406,1.5530938301540516,0.0,0.013199920272282235,0.893
prerank,Regulation Of Myoblast Differentiation (GO:0045661),0.6503133859219173,1.553591210903186,0.0,0.013201843337589968,0.892
prerank,Regulation Of Cardiac Muscle Cell Proliferation (GO:0060043),0.6997635942678876,1.5521017885429897,0.004020100502512563,0.013215882617183988,0.896
prerank,Positive Regulation Of Stem Cell Population Maintenance (GO:1902459),0.6616785903771729,1.5518238183977069,0.0,0.013219546321964896,0.898
prerank,Adherens Junction Organization (GO:0034332),0.6678228899917842,1.5536807596816542,0.0,0.013251127692457246,0.892
prerank,Peptidyl-Serine Modification (GO:0018209),0.6154051964635754,1.5514123783803435,0.0,0.013274338427446616,0.901
prerank,Peptidyl-Threonine Modification (GO:0018210),0.6373366874476746,1.5521198016667268,0.0,0.013278221686132968,0.896
prerank,Positive Regulation Of Protein Serine/Threonine Kinase Activity (GO:0071902),0.6239763442823151,1.551235106237305,0.0,0.013282327181950665,0.901
prerank,Positive Regulation Of Phospholipase Activity (GO:0010518),0.692813214986031,1.554029646578959,0.004016064257028112,0.013292602639308608,0.892
prerank,Regulation Of Telomere Maintenance Via Telomerase (GO:0032210),0.6533386578210497,1.5537183734774143,0.0,0.01331545355504199,0.892
prerank,Regulation Of Cardiac Muscle Cell Action Potential (GO:0098901),0.6779593730376292,1.5496213644153416,0.001001001001001001,0.013635862339646396,0.902
prerank,Regulation Of Activin Receptor Signaling Pathway (GO:0032925),0.7191686218800755,1.543176039228992,0.006048387096774193,0.01404692370337727,0.931
prerank,Negative Regulation Of Cell Development (GO:0010721),0.6857349123410577,1.5420310448282324,0.005005005005005005,0.014050335303829832,0.934
prerank,Positive Regulation Of Protein Localization To Cell Periphery (GO:1904377),0.6424356901961231,1.5428736887852443,0.0,0.014076510722343533,0.932
prerank,Positive Regulation Of Signaling Receptor Activity (GO:2000273),0.6626299501226544,1.5432579054110878,0.0,0.014077168192575672,0.931
prerank,Ribosome Assembly (GO:0042255),0.6506162140567154,1.5449997072955688,0.0,0.014083985728973705,0.929
prerank,Negative Regulation Of DNA Biosynthetic Process (GO:2000279),0.6687692940745285,1.5420639099457039,0.0,0.014096961267643187,0.933
prerank,Regulation Of Insulin Receptor Signaling Pathway (GO:0046626),0.652549801032426,1.5447104606003377,0.0,0.01410564167395799,0.929
prerank,Heart Trabecula Morphogenesis (GO:0061384),0.7023101507468841,1.542329834842153,0.004032258064516129,0.014114321528945855,0.932
prerank,Positive Regulation Of Telomere Capping (GO:1904355),0.7125073573463018,1.5473210017457426,0.003015075376884422,0.014119180774980792,0.919
prerank,Positive Regulation Of Exocytosis (GO:0045921),0.6596846152277024,1.5435821048041956,0.0,0.01412112682939284,0.931
prerank,Cellular Response To Insulin Stimulus (GO:0032869),0.6217591393134279,1.5433352937006375,0.0,0.014129225004095209,0.931
prerank,Positive Regulation Of Cellular Biosynthetic Process (GO:0031328),0.6126723203258483,1.5451496748346285,0.0,0.014133247968302192,0.929
prerank,Positive Regulation Of Carbohydrate Metabolic Process (GO:0045913),0.6656775998376617,1.545285592820909,0.0,0.014169557272802969,0.927
prerank,Establishment Or Maintenance Of Apical/Basal Cell Polarity (GO:0035088),0.6801222525514383,1.5436164615202344,0.001002004008016032,0.014182523032998896,0.931
prerank,Ribosomal Small Subunit Assembly (GO:0000028),0.7150588057655547,1.5455165849707502,0.006085192697768763,0.01420170794344267,0.927
prerank,Regulation Of Cardiac Muscle Contraction (GO:0055117),0.6662057139359128,1.543672145655227,0.0,0.014222621518732053,0.93
prerank,mRNA Splice Site Recognition (GO:0006376),0.6743645515056182,1.5456367179930404,0.0,0.01423414825976381,0.925
prerank,Regulation Of Cell Junction Assembly (GO:1901888),0.6887830997389874,1.5438842599852916,0.001001001001001001,0.014245527991883541,0.93
prerank,Regulation Of Protein Catabolic Process (GO:0042176),0.6169371420378442,1.5464199046086413,0.0,0.014260187840852851,0.92
prerank,Negative Regulation Of Calcium Ion Transmembrane Transporter Activity (GO:1901020),0.6761328493506211,1.5457337489158782,0.0,0.014275931872703432,0.924
prerank,Positive Regulation Of Signaling (GO:0023056),0.6585896465694059,1.5459890167280756,0.0,0.01429536820121475,0.922
prerank,Regulation Of Granulocyte Chemotaxis (GO:0071622),0.7027050116638166,1.5397769946094166,0.0030120481927710845,0.01449783774404443,0.946
prerank,Regulation Of Potassium Ion Transmembrane Transport (GO:1901379),0.667865485059318,1.5402230388816351,0.0,0.014502004457883298,0.943
prerank,Positive Regulation Of Peptidyl-Lysine Acetylation (GO:2000758),0.7088871483997677,1.5398080345563199,0.003036437246963563,0.014545745476811013,0.946
prerank,Positive Regulation Of Blood Vessel Endothelial Cell Migration (GO:0043536),0.6532882317378722,1.5389498804221333,0.0,0.014571928446237496,0.946
prerank,Regulation Of Potassium Ion Transport (GO:0043266),0.6717008561133434,1.5391230256178856,0.0,0.014607349787915634,0.946
prerank,Negative Regulation Of Protein Kinase Activity (GO:0006469),0.6236597520259737,1.5375861520992322,0.0,0.014760073450559498,0.949
prerank,Regulated Exocytosis (GO:0045055),0.6421148968601355,1.5379207184187307,0.001,0.0147990909411361,0.948
prerank,Regulation Of Protein Localization To Cell Surface (GO:2000008),0.6566748333430118,1.5376002931891075,0.001,0.014816237040316796,0.949
prerank,Mesenchyme Morphogenesis (GO:0072132),0.704920382889614,1.534747868691117,0.005035246727089627,0.014917878645787721,0.956
prerank,Receptor Internalization (GO:0031623),0.6422011505279136,1.5364873029149073,0.0,0.01494345812838403,0.952
prerank,Atrioventricular Valve Morphogenesis (GO:0003181),0.6953067939433815,1.5366627411969607,0.0050200803212851405,0.014967520931979948,0.951
prerank,Negative Regulation Of Cell Projection Organization (GO:0031345),0.6436461181989561,1.5349757222045082,0.001,0.014972350511658716,0.954
prerank,Regulation Of Proteasomal Protein Catabolic Process (GO:0061136),0.6395821333072057,1.5347785072327427,0.0,0.0149724585857319,0.956
prerank,Positive Regulation Of Cation Channel Activity (GO:2001259),0.661869567283163,1.535079958173833,0.001,0.01498805176443114,0.954
prerank,Regulation Of Peptidyl-Tyrosine Phosphorylation (GO:0050730),0.6239022107853894,1.533923507650632,0.0,0.014988281563576287,0.96
prerank,Response To Estradiol (GO:0032355),0.6658640387942302,1.5353113351014818,0.001001001001001001,0.014991972940320553,0.954
prerank,G2/M Transition Of Mitotic Cell Cycle (GO:0000086),0.6523798538496793,1.5340378789594087,0.0,0.015015473508647905,0.959
prerank,Epithelial Tube Morphogenesis (GO:0060562),0.6603793716878568,1.5355802560392608,0.001,0.015015845559046163,0.954
prerank,"Wound Healing, Spreading Of Cells (GO:0044319)",0.6807831081132758,1.5310172043835086,0.0,0.015025739502609096,0.97
prerank,Myelination (GO:0042552),0.644941579062237,1.531446229444609,0.0,0.015029648997644779,0.969
prerank,Cellular Response To Ketone (GO:1901655),0.6440894652036654,1.5335801342219653,0.0,0.0150462411668082,0.961
prerank,Skin Epidermis Development (GO:0098773),0.6881341538111415,1.5356213684965443,0.0030120481927710845,0.01505590906208192,0.954
prerank,Positive Regulation Of Vascular Associated Smooth Muscle Cell Proliferation (GO:1904707),0.6938832585421404,1.531093393160152,0.0020100502512562816,0.015062871982988736,0.97
prerank,Regulation Of Cell Cycle G2/M Phase Transition (GO:1902749),0.7079349002226017,1.5356731260560694,0.009127789046653144,0.01507219812032227,0.953
prerank,Positive Regulation Of Cell-Substrate Adhesion (GO:0010811),0.6282166375482295,1.531456668324626,0.0,0.015085729777486739,0.969
prerank,Integrin-Mediated Signaling Pathway (GO:0007229),0.6223962424782459,1.5332178652674158,0.0,0.015096062665707394,0.963
prerank,RNA Splicing (GO:0008380),0.6202347910136696,1.532894370970366,0.0,0.015099525656874576,0.964
prerank,Negative Regulation Of Protein Catabolic Process (GO:0042177),0.6379154110142063,1.5324354623593044,0.0,0.015102570377205048,0.965
prerank,Positive Regulation Of Endothelial Cell Proliferation (GO:0001938),0.624171354490062,1.531536252877403,0.0,0.015119758863694072,0.969
prerank,Response To Transforming Growth Factor Beta (GO:0071559),0.655960237196087,1.5324729804635095,0.0,0.015141129921392445,0.965
prerank,Positive Regulation Of Biosynthetic Process (GO:0009891),0.6467242642974407,1.5316278542585664,0.0,0.015157803183481994,0.968
prerank,Artery Morphogenesis (GO:0048844),0.6690815679344929,1.5318931947370864,0.001,0.015177938628051802,0.968
prerank,"Regulation Of mRNA Splicing, Via Spliceosome (GO:0048024)",0.623405546535964,1.5316413124324226,0.0,0.015215002440778152,0.968
prerank,Negative Regulation Of Apoptotic Signaling Pathway (GO:2001234),0.619184926404918,1.5295066105204516,0.0,0.015358881591097629,0.974
prerank,Plasma Membrane Bounded Cell Projection Morphogenesis (GO:0120039),0.6399868759009901,1.5295463541827998,0.0,0.015400642274005762,0.974
prerank,Positive Regulation Of Telomere Maintenance Via Telomerase (GO:0032212),0.6618663280719778,1.5269006090850359,0.0,0.01551227379679811,0.976
prerank,Small GTPase Mediated Signal Transduction (GO:0007264),0.6122519960148604,1.5278793915325637,0.0,0.015525086084360729,0.975
prerank,Regulation Of Extrinsic Apoptotic Signaling Pathway In Absence Of Ligand (GO:2001239),0.6637156975069778,1.5262442948812271,0.002002002002002002,0.015531374721730688,0.977
prerank,Positive Regulation Of Lamellipodium Organization (GO:1902745),0.6547123342600142,1.526583405438403,0.0,0.015542159646247812,0.976
prerank,Negative Regulation Of Protein Phosphorylation (GO:0001933),0.6096787148653304,1.52760269801392,0.0,0.015562630015816625,0.975
prerank,Modulation Of Excitatory Postsynaptic Potential (GO:0098815),0.6656156366286167,1.527151541035006,0.001001001001001001,0.01556574228161396,0.975
prerank,Synaptic Vesicle Recycling (GO:0036465),0.6404432698780779,1.5269033297285384,0.001,0.015567281859907323,0.976
prerank,Negative Regulation Of miRNA Metabolic Process (GO:2000629),0.6876133831065636,1.5278948355632105,0.002008032128514056,0.01557030306704772,0.975
prerank,Negative Regulation Of miRNA Transcription (GO:1902894),0.6876133831065636,1.5278948355632105,0.002008032128514056,0.01557030306704772,0.975
prerank,Epithelial To Mesenchymal Transition (GO:0001837),0.6428769321755333,1.5248509803694792,0.0,0.015582097664716733,0.977
prerank,Cellular Response To Peptide Hormone Stimulus (GO:0071375),0.6163347658644719,1.5262471929088814,0.0,0.015585870773385885,0.977
prerank,Ventricular Septum Development (GO:0003281),0.6468090106486292,1.525050769524756,0.0,0.015610250541437222,0.977
prerank,Regulation Of Stem Cell Differentiation (GO:2000736),0.6469069497807478,1.5271586045444656,0.0,0.01562133421833401,0.975
prerank,Gene Expression (GO:0010467),0.593417259269469,1.524371944341567,0.0,0.015627891955419474,0.977
prerank,Negative Regulation Of Extrinsic Apoptotic Signaling Pathway (GO:2001237),0.6239022494103413,1.5252109013012773,0.0,0.01563312356877717,0.977
prerank,Positive Regulation Of Mitotic Cell Cycle (GO:0045931),0.6677191535875552,1.5248558894137814,0.001,0.01563564439208689,0.977
prerank,Maturation Of LSU-rRNA (GO:0000470),0.6857552261609372,1.5241393824616376,0.003003003003003003,0.015646164000334542,0.977
prerank,Regulation Of Cyclin-Dependent Protein Serine/Threonine Kinase Activity (GO:0000079),0.6232448442213543,1.5279696403089151,0.0,0.015650814559752823,0.975
prerank,Astrocyte Development (GO:0014002),0.710767780706295,1.5238024372786043,0.007049345417925478,0.01566770197701297,0.978
prerank,Positive Regulation Of Smooth Muscle Cell Proliferation (GO:0048661),0.6466713025068328,1.5254949687620378,0.0,0.015675863505701028,0.977
prerank,Extrinsic Apoptotic Signaling Pathway (GO:0097191),0.6291319949040216,1.5252584418461284,0.0,0.0156769886440852,0.977
prerank,Positive Regulation Of Ion Transmembrane Transporter Activity (GO:0032414),0.6558565952930797,1.5279752323070417,0.0,0.015707934320919804,0.975
prerank,Regulation Of Amyloid-Beta Clearance (GO:1900221),0.710846758362975,1.5223932658402441,0.009081735620585268,0.01574741319103438,0.982
prerank,Regulation Of Adenylate Cyclase Activity (GO:0045761),0.6972002528833244,1.5224460771505193,0.006042296072507553,0.01577323806273726,0.981
prerank,Cellular Response To Organic Cyclic Compound (GO:0071407),0.6053780593162602,1.52257856187135,0.0,0.01578585783043786,0.981
prerank,Cellular Response To Cadmium Ion (GO:0071276),0.6862024462377824,1.5229158380423717,0.002004008016032064,0.015797884378519603,0.981
prerank,Positive Regulation Of Neurogenesis (GO:0050769),0.6204916262648981,1.5231222572098773,0.0,0.015800580239932437,0.98
prerank,Neuron Projection Development (GO:0031175),0.6002704846054172,1.5226290241075406,0.0,0.01580862934785479,0.981
prerank,Cellular Response To Metal Ion (GO:0071248),0.6082894371753188,1.5217773515560438,0.0,0.015880698782326313,0.983
prerank,Positive Regulation Of DNA Biosynthetic Process (GO:2000573),0.6269733447269787,1.5214228301090544,0.0,0.015914095297766013,0.983
prerank,Cellular Response To Alcohol (GO:0097306),0.6311002973453347,1.5204643317028919,0.0,0.016101876428633758,0.984
prerank,Interleukin-1-Mediated Signaling Pathway (GO:0070498),0.6907307389058039,1.5198380461530432,0.003006012024048096,0.016140425387403932,0.984
prerank,Regulation Of Collagen Biosynthetic Process (GO:0032965),0.6913408359083288,1.5199081188410837,0.005025125628140704,0.01618023014001809,0.984
prerank,Positive Regulation Of BMP Signaling Pathway (GO:0030513),0.6772357299862961,1.519122395803775,0.001002004008016032,0.01625397348699249,0.985
prerank,Negative Regulation Of Protein Binding (GO:0032091),0.622489435617511,1.518880490421366,0.0,0.016269382252166047,0.986
prerank,Regulation Of Sodium Ion Transmembrane Transporter Activity (GO:2000649),0.6493589223936689,1.5169966049875883,0.001,0.016379647902122374,0.986
prerank,Positive Regulation Of Nuclear Division (GO:0051785),0.6628766181561098,1.5167251493559482,0.001002004008016032,0.016387913635050717,0.987
prerank,Organelle Membrane Fusion (GO:0090174),0.6624241756389178,1.5174134696413046,0.003,0.016392872232810572,0.986
prerank,Positive Regulation Of Cell Division (GO:0051781),0.6367789733601213,1.517182313806023,0.001,0.01639355177635052,0.986
prerank,Regulation Of Chondrocyte Differentiation (GO:0032330),0.668390969485452,1.5182061581430237,0.001,0.016404431661321627,0.986
prerank,Regulation Of Cardiac Conduction (GO:1903779),0.6782895129744695,1.5177519937163215,0.004004004004004004,0.016421122681122814,0.986
prerank,Positive Regulation Of Cyclin-Dependent Protein Serine/Threonine Kinase Activity (GO:0045737),0.7005979673556857,1.517475547562949,0.006060606060606061,0.016422977728043457,0.986
prerank,Negative Regulation Of Response To Stimulus (GO:0048585),0.6316301616935409,1.5172334091247879,0.0,0.016423467680988103,0.986
prerank,Associative Learning (GO:0008306),0.6926373013437933,1.5178526416940377,0.004012036108324975,0.01643861038796439,0.986
prerank,Regulation Of Lamellipodium Assembly (GO:0010591),0.6460840207210925,1.5155896631884471,0.0,0.016639397930387125,0.988
prerank,Cardiac Ventricle Morphogenesis (GO:0003208),0.6423511345397656,1.515626768022689,0.001,0.016691723081111613,0.988
prerank,Axon Guidance (GO:0007411),0.5983224369722706,1.515047747649368,0.0,0.016746773849233076,0.989
prerank,Transmembrane Receptor Protein Serine/Threonine Kinase Signaling Pathway (GO:0007178),0.6051081202670865,1.5127249052733338,0.0,0.01677633371600825,0.991
prerank,Negative Regulation Of Neuron Differentiation (GO:0045665),0.676387002624055,1.5129534720580269,0.003006012024048096,0.016799290629295367,0.991
prerank,Positive Regulation Of Protein Binding (GO:0032092),0.6296838052286723,1.5127820555898241,0.0,0.016802928813086544,0.991
prerank,Negative Regulation Of Kinase Activity (GO:0033673),0.6290227331124649,1.512964454473988,0.0,0.016850507978774926,0.991
prerank,Positive Regulation Of Protein Localization To Membrane (GO:1905477),0.6147699075740143,1.512116242216792,0.0,0.01687339206036078,0.992
prerank,Cellular Response To BMP Stimulus (GO:0071773),0.6243304026934727,1.5142256125854934,0.0,0.016887748465033985,0.99
prerank,Positive Regulation Of Reactive Oxygen Species Metabolic Process (GO:2000379),0.6319376768645609,1.5135971430068393,0.0,0.016894959682583463,0.991
prerank,Positive Regulation Of Protein Kinase B Signaling (GO:0051897),0.6134466986596698,1.512992067900677,0.0,0.016898980498709953,0.991
prerank,Cellular Response To Decreased Oxygen Levels (GO:0036294),0.6201766241991191,1.5131480082569368,0.0,0.01690787333631244,0.991
prerank,Regulation Of Cardiac Muscle Hypertrophy (GO:0010611),0.6708225975554293,1.5136910759568136,0.003006012024048096,0.01691630649398399,0.991
prerank,BMP Signaling Pathway (GO:0030509),0.6283411932269622,1.5133464741353992,0.0,0.016919897803561776,0.991
prerank,Positive Regulation Of Amyloid Precursor Protein Catabolic Process (GO:1902993),0.6766608417851396,1.5137967658266054,0.001002004008016032,0.016937785894275203,0.991
prerank,Cell-Cell Junction Assembly (GO:0007043),0.6207365036707506,1.5115641339196362,0.0,0.016972870456579126,0.992
prerank,Positive Regulation Of Developmental Process (GO:0051094),0.5914302129431804,1.510952091739348,0.0,0.017083729149347315,0.992
prerank,Regulation Of Neurogenesis (GO:0050767),0.6208142483530311,1.5101134694119882,0.0,0.0171064055527918,0.995
prerank,Negative Regulation Of Stress-Activated MAPK Cascade (GO:0032873),0.6539862019987618,1.5102319435217904,0.0,0.017121558306597544,0.994
prerank,Regulation Of cAMP-mediated Signaling (GO:0043949),0.6786863580319775,1.5106552881208979,0.012060301507537688,0.017143180037023267,0.994
prerank,Regulation Of Sodium Ion Transmembrane Transport (GO:1902305),0.6596001025127074,1.5103320892873986,0.002004008016032064,0.017169539152867112,0.994
prerank,Regulation Of Protein Tyrosine Kinase Activity (GO:0061097),0.6434707491212266,1.5086167044882268,0.0,0.017188849667460548,0.995
prerank,Regulation Of Protein Kinase B Signaling (GO:0051896),0.6014764447669397,1.5093114054398207,0.0,0.017208719588485598,0.995
prerank,Central Nervous System Neuron Development (GO:0021954),0.6922876504078636,1.509477564484667,0.007042253521126761,0.01721523525275747,0.995
prerank,Actin Filament Polymerization (GO:0030041),0.6601529940166309,1.5088410967227373,0.0,0.017233814036157962,0.995
prerank,Cellular Response To Estradiol Stimulus (GO:0071392),0.6804493648066878,1.5086280373820113,0.0020060180541624875,0.017238962931797167,0.995
prerank,Regulation Of Protein Localization To Plasma Membrane (GO:1903076),0.6150645060137943,1.5089275734322158,0.0,0.017257960277788358,0.995
prerank,Positive Regulation Of Transferase Activity (GO:0051347),0.5985708622339984,1.5078773526686808,0.0,0.017341924240022972,0.995
prerank,Phagocytosis (GO:0006909),0.6210631430588218,1.5069376687294826,0.0,0.017563477731358197,0.995
prerank,Regulation Of Regulated Secretory Pathway (GO:1903305),0.6510998174969492,1.5062582829085722,0.001,0.017604478195906503,0.997
prerank,Regulation Of Immunoglobulin Production (GO:0002637),0.6716432360934214,1.5066493815278845,0.0,0.01761084463887799,0.995
prerank,Regulation Of Extrinsic Apoptotic Signaling Pathway (GO:2001236),0.6248139732728879,1.5064268888012302,0.0,0.017620583226583657,0.996
prerank,Protein Heterooligomerization (GO:0051291),0.6827844592065355,1.5055235866941958,0.005,0.017661825140491274,0.997
prerank,Dendrite Morphogenesis (GO:0048813),0.6417512988529547,1.5058097979470981,0.001,0.01766560758517772,0.997
prerank,Positive Regulation Of Cyclin-Dependent Protein Kinase Activity (GO:1904031),0.679870352031048,1.5052063463342533,0.004020100502512563,0.017708108340208657,0.997
prerank,Transmembrane Receptor Protein Tyrosine Kinase Signaling Pathway (GO:0007169),0.5870152794439836,1.5055322538730247,0.0,0.017712143730635125,0.997
prerank,Regulation Of Membrane Protein Ectodomain Proteolysis (GO:0051043),0.6660961071869259,1.5045177972544392,0.004020100502512563,0.01771697982390823,0.997
prerank,G Protein-Coupled Acetylcholine Receptor Signaling Pathway (GO:0007213),0.6893711409066451,1.5045987233736355,0.007035175879396985,0.017744274846783894,0.997
prerank,Cardiac Muscle Tissue Development (GO:0048738),0.6338894943514276,1.5046029007813901,0.0,0.017794258719591737,0.997
prerank,Positive Regulation Of Cholesterol Efflux (GO:0010875),0.6734909760582404,1.5047864196514615,0.005005005005005005,0.01779650267834662,0.997
prerank,Response To Amyloid-Beta (GO:1904645),0.638757448929914,1.5034880755808158,0.0,0.017877669796382254,0.997
prerank,Acetylcholine Receptor Signaling Pathway (GO:0095500),0.6704056236251309,1.5032088747483394,0.0020060180541624875,0.017905709023762352,0.997
prerank,Positive Regulation Of Canonical Wnt Signaling Pathway (GO:0090263),0.615888494901956,1.5037144992234426,0.0,0.01791329962462883,0.997
prerank,Regulation Of Smooth Muscle Cell Proliferation (GO:0048660),0.6271085198382849,1.503539927393506,0.0,0.01791911182400431,0.997
prerank,Positive Regulation Of Intracellular Protein Transport (GO:0090316),0.5998288339764968,1.501279762076614,0.0,0.018007977484913347,0.997
prerank,Mitotic Cell Cycle Phase Transition (GO:0044772),0.6012428113080691,1.5016715466847694,0.0,0.01802157136623899,0.997
prerank,Response To Fatty Acid (GO:0070542),0.6807721221607452,1.5014362438131286,0.004024144869215292,0.018024215457790795,0.997
prerank,Positive Regulation Of Protein Autophosphorylation (GO:0031954),0.677002872555051,1.5017403461872032,0.011011011011011011,0.018051521403320753,0.997
prerank,Positive Regulation Of Axonogenesis (GO:0050772),0.6394834270573153,1.500962098127455,0.001,0.018067095175547592,0.997
prerank,Positive Regulation Of Cytokinesis (GO:0032467),0.6339255119938457,1.501929442225044,0.002,0.01809005467022286,0.997
prerank,Pore Complex Assembly (GO:0046931),0.6723579930538153,1.5017405314067924,0.006024096385542169,0.01810070811014179,0.997
prerank,Protein Phosphorylation (GO:0006468),0.579040859174446,1.5025348761435169,0.0,0.018104863022044566,0.997
prerank,Adenylate Cyclase-Inhibiting G Protein-Coupled Receptor Signaling Pathway (GO:0007193),0.6344855669515713,1.5023915675148627,0.0,0.01811008345228805,0.997
prerank,Cell Cycle G2/M Phase Transition (GO:0044839),0.636943696442564,1.5006022225624667,0.0,0.018117853034382028,0.997
prerank,Regulation Of Protein Dephosphorylation (GO:0035304),0.6428637803907625,1.5020118157339346,0.0,0.018120438497483335,0.997
prerank,Regulation Of Endothelial Cell Migration (GO:0010594),0.6108710665960004,1.5020522389413065,0.0,0.018159230977311352,0.997
prerank,Positive Regulation Of Cartilage Development (GO:0061036),0.6808126882811943,1.5000363626871982,0.007035175879396985,0.018207890024069313,0.997
prerank,Regulation Of Cytoplasmic Translation (GO:2000765),0.6609990863467528,1.5001733996501987,0.005005005005005005,0.018216467512368106,0.997
prerank,Negative Regulation Of Phosphorylation (GO:0042326),0.6137406310876969,1.499319654326276,0.0,0.018350952989754078,0.997
prerank,Cellular Response To Hypoxia (GO:0071456),0.6135061314555698,1.4989883556058703,0.0,0.018381851838058818,0.997
prerank,Regulation Of Oxidative Stress-Induced Intrinsic Apoptotic Signaling Pathway (GO:1902175),0.6838578255351981,1.4984454313857678,0.009018036072144289,0.01845371439680618,0.997
prerank,Axonogenesis (GO:0007409),0.5874712757654974,1.4971179533748358,0.0,0.01847792456876718,0.997
prerank,Mitochondrial ATP Synthesis Coupled Electron Transport (GO:0042775),0.615460110241211,1.498580962370749,0.0,0.018481369853728495,0.997
prerank,Regulation Of MAP Kinase Activity (GO:0043405),0.6022347254638422,1.498153555924895,0.0,0.01851041451260631,0.997
prerank,Negative Regulation Of MAPK Cascade (GO:0043409),0.6032809135319034,1.497156288035103,0.0,0.018515432207960654,0.997
prerank,Positive Regulation Of Protein Targeting To Membrane (GO:0090314),0.6677667213621289,1.4958819123873792,0.002,0.018534239197953547,0.998
prerank,Negative Regulation Of Stem Cell Population Maintenance (GO:1902455),0.6767042809364909,1.4965082758647958,0.0050150451354062184,0.018547445813764184,0.997
prerank,Response To Cadmium Ion (GO:0046686),0.6765384401531024,1.4971993192694977,0.004008016032064128,0.018550537305123915,0.997
prerank,Regulation Of Cell-Cell Adhesion Mediated By Cadherin (GO:2000047),0.6861468872446508,1.4956666046865392,0.008072653884964682,0.018555725486589642,0.998
prerank,rRNA Methylation (GO:0031167),0.666595299048939,1.4959587424678162,0.006036217303822937,0.01855601037039676,0.998
prerank,Positive Regulation Of Cell Cycle (GO:0045787),0.6152738544993377,1.4965867220818736,0.0,0.018561743556891726,0.997
prerank,Regulation Of Metal Ion Transport (GO:0010959),0.6473536250752231,1.4953373977888362,0.0,0.018563019192215088,0.998
prerank,Regulation Of Oligodendrocyte Differentiation (GO:0048713),0.6805443130327946,1.4978372177875507,0.009018036072144289,0.01856419233394024,0.997
prerank,Sympathetic Nervous System Development (GO:0048485),0.6929247496116764,1.4962865774059286,0.00909090909090909,0.018569118611473964,0.998
prerank,Regulation Of Fibroblast Migration (GO:0010762),0.6719110437470964,1.4954184159550732,0.006066734074823054,0.018574571353612342,0.998
prerank,Negative Regulation Of Proteolysis Involved In Protein Catabolic Process (GO:1903051),0.6718348545697349,1.4960660212661214,0.005005005005005005,0.018575335375026328,0.998
prerank,Negative Regulation Of Mitotic Cell Cycle (GO:0045930),0.6443073100951127,1.4972383535529914,0.001001001001001001,0.018580616939459782,0.997
prerank,Positive Regulation Of DNA Replication (GO:0045740),0.6779833431585722,1.4951490852849414,0.011099899091826439,0.018584270622261343,0.998
prerank,Regulation Of Peptidyl-Serine Phosphorylation (GO:0033135),0.6063348843354905,1.4972868066457254,0.0,0.01861607554817872,0.997
prerank,Cell Surface Receptor Signaling Pathway Involved In Cell-Cell Signaling (GO:1905114),0.6541382887298876,1.4946548475333807,0.002,0.01863647891408269,0.998
prerank,"Wnt Signaling Pathway, Planar Cell Polarity Pathway (GO:0060071)",0.6577407451995404,1.4973559599505686,0.001001001001001001,0.018654337589299384,0.997
prerank,Calcium-Ion Regulated Exocytosis (GO:0017156),0.6622308672886702,1.4947728294871847,0.003006012024048096,0.018658178761604974,0.998
prerank,Regulation Of Phosphorylation (GO:0042325),0.6070960063985194,1.4942049379842037,0.0,0.01870988699200005,0.998
prerank,Positive Regulation Of Phosphate Metabolic Process (GO:0045937),0.6505369342417602,1.493592778316628,0.001001001001001001,0.01880537269955421,0.998
prerank,Regulation Of Cytoskeleton Organization (GO:0051493),0.5980914868646616,1.4929434536086637,0.0,0.018940184108464674,0.998
prerank,Regulation Of Phosphatidylinositol 3-Kinase Signaling (GO:0014066),0.6023642965250309,1.4918071630137109,0.0,0.01905393896797497,0.998
prerank,Positive Regulation Of Leukocyte Cell-Cell Adhesion (GO:1903039),0.6287279163667836,1.4919292659511418,0.0,0.019054072105234993,0.998
prerank,Positive Regulation Of Microtubule Polymerization (GO:0031116),0.6454334784322026,1.491450540213931,0.004004004004004004,0.01907812437664264,0.998
prerank,Regulation Of Neuron Apoptotic Process (GO:0043523),0.6019593558450246,1.4915860483973429,0.0,0.019078316139231454,0.998
prerank,Regulation Of Cell Differentiation (GO:0045595),0.5900953747366239,1.49196898389277,0.0,0.019083835350630265,0.998
prerank,Negative Regulation Of Protein Dephosphorylation (GO:0035308),0.6745406066450664,1.4920333930708143,0.007042253521126761,0.019108795473675905,0.998
prerank,"Positive Regulation Of mRNA Splicing, Via Spliceosome (GO:0048026)",0.6652113198064298,1.4921776207974509,0.002,0.01911899122075619,0.998
prerank,Oligodendrocyte Development (GO:0014003),0.6845463390599438,1.490404602584688,0.005050505050505051,0.019259592409635103,0.998
prerank,Regulation Of Mitotic Cell Cycle Phase Transition (GO:1901990),0.6067371937466489,1.4907121224014361,0.0,0.0192706153125096,0.998
prerank,Cardiac Epithelial To Mesenchymal Transition (GO:0060317),0.6793366080757205,1.4905330901827383,0.00501002004008016,0.019284555053842994,0.998
prerank,Regulation Of Neuron Projection Development (GO:0010975),0.5873478971568716,1.489523536630805,0.0,0.019370075312144932,0.998
prerank,Positive Regulation Of Ossification (GO:0045778),0.6376462285254406,1.488517848173395,0.001,0.019372524499093463,0.998
prerank,SMAD Protein Signal Transduction (GO:0060395),0.6189592278043415,1.4887127881898419,0.0,0.01939324779340044,0.998
prerank,Positive Regulation Of Signal Transduction (GO:0009967),0.5819750869450728,1.4885700102660098,0.0,0.019394681910201925,0.998
prerank,Regulation Of Vascular Endothelial Growth Factor Receptor Signaling Pathway (GO:0030947),0.6687627114694705,1.489580436463204,0.003006012024048096,0.019402292448414855,0.998
prerank,Negative Regulation Of Protein Serine/Threonine Kinase Activity (GO:0071901),0.6041810646613107,1.4887810584707855,0.0,0.019413184406780883,0.998
prerank,Negative Regulation Of Nervous System Development (GO:0051961),0.6719644820645008,1.4888434747810249,0.010090817356205853,0.019437977832415618,0.998
prerank,Negative Regulation Of Blood Vessel Endothelial Cell Migration (GO:0043537),0.6387286026084702,1.4896067914794944,0.001,0.019444327000415755,0.998
prerank,Regulation Of Transforming Growth Factor Beta Production (GO:0071634),0.6825211175977174,1.489016551645749,0.011077542799597181,0.019459212609602674,0.998
prerank,Positive Regulation Of Binding (GO:0051099),0.6024722521605563,1.4891181680973806,0.0,0.01946271218113557,0.998
prerank,Ribosomal Small Subunit Biogenesis (GO:0042274),0.605920799948053,1.489666313259799,0.0,0.019469616059399345,0.998
prerank,Positive Regulation Of Translation (GO:0045727),0.6018777469584881,1.4888577708979425,0.0,0.0194819825671946,0.998
prerank,Regulation Of Cell-Cell Adhesion (GO:0022407),0.6337671196377583,1.487697734977632,0.001,0.01952681414205686,0.999
prerank,Negative Regulation Of Peptidyl-Serine Phosphorylation (GO:0033137),0.679915812161673,1.4879924830078621,0.00906344410876133,0.01953635258837066,0.998
prerank,Positive Regulation Of Nitric Oxide Biosynthetic Process (GO:0045429),0.650592604489018,1.4877886907418976,0.004004004004004004,0.0195491776973194,0.999
prerank,Positive Regulation Of Wnt Signaling Pathway (GO:0030177),0.5998753734685521,1.4869954456265997,0.0,0.019663432634439124,0.999
prerank,Regulation Of Epithelial Cell Migration (GO:0010632),0.6198683118977627,1.4863094613977574,0.0,0.019675807083754035,0.999
prerank,Phosphorylation (GO:0016310),0.5754828119932721,1.486427462165399,0.0,0.019691296377497596,0.999
prerank,Negative Regulation Of Neuron Death (GO:1901215),0.603331689195188,1.4857671216084474,0.0,0.019728616471042522,1.0
prerank,Regulation Of Substrate Adhesion-Dependent Cell Spreading (GO:1900024),0.6226917066250387,1.485860668743418,0.001,0.019730295575260577,0.999
prerank,Regulation Of Kinase Activity (GO:0043549),0.6056486560443947,1.4864292245181685,0.0,0.019737090090003406,0.999
prerank,Protein Autophosphorylation (GO:0046777),0.5865237063246881,1.4865813130028913,0.0,0.019748132469233435,0.999
prerank,Regulation Of Mononuclear Cell Migration (GO:0071675),0.6627105398211808,1.4858723873466102,0.006012024048096192,0.019773552622870828,0.999
prerank,Ribonucleoprotein Complex Biogenesis (GO:0022613),0.5934216029557549,1.485247143525089,0.0,0.019837036147304882,1.0
prerank,Positive Chemotaxis (GO:0050918),0.6858245157084583,1.4848627454591816,0.0050150451354062184,0.019919788150998003,1.0
prerank,Axon Extension (GO:0048675),0.6614832797789483,1.4819382811774209,0.004012036108324975,0.020335447643387825,1.0
prerank,Cellular Response To Organonitrogen Compound (GO:0071417),0.5988018312455947,1.4832599279056553,0.0,0.02034690906783231,1.0
prerank,Regulation Of Muscle Cell Differentiation (GO:0051147),0.6571785863350144,1.4820176794184146,0.003,0.02035862142823799,1.0
prerank,Dopamine Metabolic Process (GO:0042417),0.6669778803046824,1.4829386947721155,0.011077542799597181,0.020358967940617125,1.0
prerank,Aortic Valve Morphogenesis (GO:0003180),0.6289536881248756,1.482978557817557,0.0,0.020384842706677318,1.0
prerank,Negative Regulation Of Apoptotic Process (GO:0043066),0.571084523539313,1.4825754999457865,0.0,0.020395804410843335,1.0
prerank,Regulation Of Execution Phase Of Apoptosis (GO:1900117),0.6733209321632879,1.4820177365372191,0.007028112449799197,0.020404371139312684,1.0
prerank,Regulation Of MAPK Cascade (GO:0043408),0.5844029682340716,1.4815854056987163,0.0,0.020408358876061367,1.0
prerank,Ventricular Cardiac Muscle Tissue Morphogenesis (GO:0055010),0.6431294853395273,1.481419882821962,0.002,0.020423039228053604,1.0
prerank,Establishment Of Mitotic Spindle Localization (GO:0040001),0.6382422019953521,1.482583442520423,0.002,0.020435250720436938,1.0
prerank,Endocytosis (GO:0006897),0.5847208759817933,1.4821036326209076,0.0,0.020436813498274812,1.0
prerank,Negative Regulation Of Protein Polymerization (GO:0032272),0.6532529832167993,1.4811527700042812,0.007,0.02045765421323742,1.0
prerank,Regulation Of Stem Cell Population Maintenance (GO:2000036),0.619302990714237,1.4821432416588927,0.0,0.020471659646577673,1.0
prerank,Negative Regulation Of Cell Motility (GO:2000146),0.5898427059799852,1.479526382970707,0.0,0.020539006378873938,1.0
prerank,Negative Regulation Of Ion Transmembrane Transporter Activity (GO:0032413),0.6602867003891766,1.4805769506553237,0.003006012024048096,0.02056845983698846,1.0
prerank,Positive Regulation Of Calcium Ion Transmembrane Transport (GO:1904427),0.623750037598101,1.4802899504344698,0.0,0.020576034660837298,1.0
prerank,Regulation Of Protein-Containing Complex Assembly (GO:0043254),0.593759000843838,1.4795398661958006,0.0,0.020579396397302767,1.0
prerank,Regulation Of Secretion By Cell (GO:1903530),0.611634855668544,1.4796405187961457,0.0,0.020589395290396568,1.0
prerank,Protein Stabilization (GO:0050821),0.5828029389737606,1.480162487489632,0.0,0.020592386634889638,1.0
prerank,Positive Regulation Of Nitric Oxide Metabolic Process (GO:1904407),0.6458153596281666,1.480636809072872,0.003003003003003003,0.020596327926027967,1.0
prerank,Positive Regulation Of Muscle Hypertrophy (GO:0014742),0.685096227510808,1.4797661943280478,0.004056795131845842,0.020601626112913145,1.0
prerank,Actin Polymerization Or Depolymerization (GO:0008154),0.6196895706812764,1.479774149556003,0.0,0.020646805117546727,1.0
prerank,Proton Motive Force-Driven Mitochondrial ATP Synthesis (GO:0042776),0.622835073827805,1.4781774032647308,0.001,0.02066511123391825,1.0
prerank,Positive Regulation Of Lipid Metabolic Process (GO:0045834),0.6535969435786968,1.4798597216015792,0.004008016032064128,0.020676798188749797,1.0
prerank,Long-Term Synaptic Potentiation (GO:0060291),0.6595187581255431,1.477883834321071,0.004004004004004004,0.020687241215774234,1.0
prerank,Positive Regulation Of Response To Endoplasmic Reticulum Stress (GO:1905898),0.6735843097263357,1.4782386611913083,0.006018054162487462,0.02069449866082958,1.0
prerank,"Phagocytosis, Engulfment (GO:0006911)",0.6427659781464201,1.4776863783046608,0.005,0.02070713988582737,1.0
prerank,Positive Regulation Of Nervous System Process (GO:0031646),0.6683511452586016,1.4775195850053946,0.009045226130653266,0.02070776405059202,1.0
prerank,Ribosomal Large Subunit Biogenesis (GO:0042273),0.6183066540599667,1.4784183104319846,0.0,0.020710458061868307,1.0
prerank,Positive Regulation Of Protein Kinase Activity (GO:0045860),0.5905564536976948,1.4785073547187717,0.0,0.0207336410022615,1.0
prerank,Negative Regulation Of Binding (GO:0051100),0.603822151304676,1.478240242778697,0.0,0.02073694371406408,1.0
prerank,Positive Regulation Of Phospholipase C Activity (GO:0010863),0.6367912229811776,1.4786303801641518,0.003,0.020743909413632258,1.0
prerank,Aerobic Electron Transport Chain (GO:0019646),0.6075214542577205,1.4768263950844098,0.0,0.020872485394841194,1.0
prerank,Phosphatidylinositol-Mediated Signaling (GO:0048015),0.6151164744730212,1.4768543391485505,0.0,0.020904129057893777,1.0
prerank,Positive Regulation Of Neuron Differentiation (GO:0045666),0.6270122951078441,1.4756600300716236,0.001,0.021079872677250724,1.0
prerank,Positive Regulation Of Antigen Receptor-Mediated Signaling Pathway (GO:0050857),0.6646544992816438,1.4754430210293128,0.007042253521126761,0.021092309576921577,1.0
prerank,Regulation Of Endocytosis (GO:0030100),0.6049609889568789,1.4757736359677416,0.0,0.02112037983216406,1.0
prerank,Regulation Of Protein Localization (GO:0032880),0.5982367050662183,1.4756627222618501,0.0,0.02112223529057821,1.0
prerank,Positive Regulation Of Cell Cycle G2/M Phase Transition (GO:1902751),0.6501826857385281,1.4759141964116782,0.006006006006006006,0.021129109667994146,1.0
prerank,Regulation Of Cellular Senescence (GO:2000772),0.6336828413423828,1.4745607849952092,0.002,0.021223721180788527,1.0
prerank,Negative Regulation Of Neuron Projection Development (GO:0010977),0.6116953995090202,1.474662415050129,0.0,0.02124934754460529,1.0
prerank,Positive Regulation Of Microtubule Polymerization Or Depolymerization (GO:0031112),0.6492350112765782,1.4741985696835447,0.007,0.02129214696922353,1.0
prerank,Cellular Response To Estrogen Stimulus (GO:0071391),0.6854555212692898,1.473613391154896,0.010070493454179255,0.021344269420539366,1.0
prerank,Positive Regulation Of Lymphocyte Differentiation (GO:0045621),0.6324357558934451,1.4732446622514308,0.002,0.02136069572334332,1.0
prerank,Positive Regulation Of Nitrogen Compound Metabolic Process (GO:0051173),0.6348349364277123,1.473651620678762,0.001,0.021372012284864454,1.0
prerank,Regulation Of Erythrocyte Differentiation (GO:0045646),0.6345876612852016,1.4737628996449526,0.002,0.021372787574706988,1.0
prerank,Positive Regulation Of Cell Projection Organization (GO:0031346),0.5904259455811061,1.4733371890426132,0.0,0.02137797005029181,1.0
prerank,Positive Regulation Of Protein Phosphorylation (GO:0001934),0.5712689906599066,1.4734295661615127,0.0,0.021384964002196374,1.0
prerank,Cellular Response To Reactive Oxygen Species (GO:0034614),0.6051667572458358,1.4718037927335332,0.0,0.021456259856199138,1.0
prerank,Regulation Of Cell-Substrate Adhesion (GO:0010810),0.6202112993427914,1.4718788320903782,0.0,0.021475480043873816,1.0
prerank,Regulation Of Monoatomic Ion Transport (GO:0043269),0.6347809944995881,1.4718795903347766,0.003,0.02151718164485926,1.0
prerank,Cellular Response To Nerve Growth Factor Stimulus (GO:1990090),0.6621743736245561,1.4720339444110278,0.003006012024048096,0.021522318984460182,1.0
prerank,Amyloid Fibril Formation (GO:1990000),0.6475177399487312,1.4721188229649445,0.007,0.02154383715506187,1.0
prerank,Cellular Response To UV (GO:0034644),0.6021377263017638,1.4712088219807848,0.0,0.021549364791006213,1.0
prerank,Neuron Projection Extension (GO:1990138),0.632438334844026,1.4722369920302785,0.003,0.021555197675133017,1.0
prerank,Protein Localization To Cell Periphery (GO:1990778),0.587110150091964,1.471247997510386,0.0,0.02158691414912553,1.0
prerank,Positive Regulation Of Erythrocyte Differentiation (GO:0045648),0.6514028562473413,1.4722577873275644,0.006,0.02159329873426047,1.0
prerank,Positive Regulation Of Neural Precursor Cell Proliferation (GO:2000179),0.6379764577578271,1.4723261492792095,0.002002002002002002,0.02160275017749894,1.0
prerank,Positive Regulation Of mRNA Processing (GO:0050685),0.6419571311056517,1.469880137319775,0.003,0.021911514240468503,1.0
prerank,Axon Development (GO:0061564),0.5940144273061801,1.4700322592099084,0.0,0.021925270796839768,1.0
prerank,Stress Granule Assembly (GO:0034063),0.6543703489436502,1.469899824983436,0.006012024048096192,0.021949565613427063,1.0
prerank,Positive Regulation Of Amyloid-Beta Formation (GO:1902004),0.6676204642008241,1.4696272955370382,0.008048289738430584,0.021949767222673732,1.0
prerank,Proton Motive Force-Driven ATP Synthesis (GO:0015986),0.6180652095087467,1.4691518385157354,0.002,0.02205186680639151,1.0
prerank,Negative Regulation Of Signal Transduction In Absence Of Ligand (GO:1901099),0.6504159904962331,1.4688485072625153,0.01001001001001001,0.022065603775212838,1.0
prerank,Negative Regulation Of Extrinsic Apoptotic Signaling Pathway In Absence Of Ligand (GO:2001240),0.6504159904962331,1.4688485072625153,0.01001001001001001,0.022065603775212838,1.0
prerank,Regulation Of Protein Ubiquitination (GO:0031396),0.5918778543432663,1.4686048619631944,0.0,0.02209927009860373,1.0
prerank,Protein Acylation (GO:0043543),0.6251561106611085,1.4681616172929757,0.001,0.022158282005226255,1.0
prerank,Response To Axon Injury (GO:0048678),0.6705748095070762,1.4682237028005831,0.00802407221664995,0.022180421585474255,1.0
prerank,Negative Regulation Of Rho Protein Signal Transduction (GO:0035024),0.6763436235011485,1.4674876977205549,0.011111111111111112,0.022351643651861312,1.0
prerank,Negative Regulation Of Cell Migration (GO:0030336),0.5821274646847188,1.4668186932855485,0.0,0.022354072417464267,1.0
prerank,Negative Regulation Of ERK1 And ERK2 Cascade (GO:0070373),0.6167729865215912,1.467202455789618,0.001,0.022356164181029193,1.0
prerank,Positive Regulation Of Potassium Ion Transport (GO:0043268),0.6936901517298454,1.4666701444447143,0.010121457489878543,0.022357286836649913,1.0
prerank,Regulation Of Actin Filament-Based Process (GO:0032970),0.6034885294111064,1.4670281242446959,0.0,0.022369216559535266,1.0
prerank,Negative Regulation Of Developmental Process (GO:0051093),0.5904276149833513,1.4672577215505043,0.0,0.022376590683318685,1.0
prerank,Chordate Embryonic Development (GO:0043009),0.6071465907612409,1.4668572415881513,0.0,0.022380256979772643,1.0
prerank,Intrinsic Apoptotic Signaling Pathway In Response To DNA Damage (GO:0008630),0.6185070442188969,1.4664708017840629,0.001,0.02239167761942614,1.0
prerank,Positive Regulation Of Transcription Regulatory Region DNA Binding (GO:2000679),0.659227767230404,1.464576027147168,0.004020100502512563,0.022418912208479354,1.0
prerank,Receptor-Mediated Endocytosis (GO:0006898),0.5878597884143245,1.46480085693669,0.0,0.022424338744035877,1.0
prerank,Regulation Of Cholesterol Efflux (GO:0010874),0.6339627785602386,1.4646712811887674,0.003,0.022433070610785002,1.0
prerank,Regulation Of Establishment Of Planar Polarity (GO:0090175),0.6385323024255428,1.4649647288853733,0.002002002002002002,0.0224347303942728,1.0
prerank,Cellular Response To Transforming Growth Factor Beta Stimulus (GO:0071560),0.5946999588987499,1.4651191360521199,0.0,0.022437484438867467,1.0
prerank,Regulation Of Synaptic Vesicle Exocytosis (GO:2000300),0.6850324726907573,1.4643468955381138,0.013,0.022458039258046732,1.0
prerank,Regulation Of Cell Migration (GO:0030334),0.5679791115479965,1.465145740979216,0.0,0.02247101812086508,1.0
prerank,Regulation Of Cell Cycle G1/S Phase Transition (GO:1902806),0.6020013287801276,1.4652842425098491,0.0,0.022471925926260832,1.0
prerank,Regulation Of Protein Binding (GO:0043393),0.5875225831048522,1.4652898095748557,0.0,0.022515308022643576,1.0
prerank,Translation (GO:0006412),0.574130530588899,1.4653199905412653,0.0,0.022553055268567327,1.0
prerank,Neuron Projection Guidance (GO:0097485),0.5817971856222673,1.4654342405281635,0.0,0.02255412733862178,1.0
prerank,"Mitochondrial Electron Transport, NADH To Ubiquinone (GO:0006120)",0.6292356994311588,1.4655372214533988,0.001,0.022564912251278595,1.0
prerank,Regulation Of Receptor Signaling Pathway Via JAK-STAT (GO:0046425),0.6162035494937198,1.463788356620205,0.0,0.02257751514661911,1.0
prerank,Positive Regulation Of Myoblast Differentiation (GO:0045663),0.6283606884762438,1.465678705521631,0.0,0.022577684642116992,1.0
prerank,Regulation Of G2/M Transition Of Mitotic Cell Cycle (GO:0010389),0.6292390964942247,1.4638549832910674,0.003,0.02260327903562561,1.0
prerank,Negative Regulation Of Ubiquitin-Protein Transferase Activity (GO:0051444),0.6685342070305373,1.463370632860645,0.013131313131313131,0.022633825555502817,1.0
prerank,Sensory Perception Of Taste (GO:0050909),0.664617086651874,1.4634598901793596,0.01306532663316583,0.02265014674664687,1.0
prerank,Neurotransmitter Transport (GO:0006836),0.6095327767975339,1.4627601584045862,0.0,0.022792706022860227,1.0
prerank,Substrate Adhesion-Dependent Cell Spreading (GO:0034446),0.6262806812640768,1.4624839657897,0.0,0.022840087609435726,1.0
prerank,Regulation Of Dendrite Extension (GO:1903859),0.6685889303962609,1.4620073459869805,0.014042126379137413,0.022949204726044163,1.0
prerank,Response To Metal Ion (GO:0010038),0.6015169058363911,1.461721898815801,0.0,0.02301296961554824,1.0
prerank,Positive Regulation Of Protein Localization To Plasma Membrane (GO:1903078),0.6117165228515998,1.4611476191559496,0.0,0.02316247692071955,1.0
prerank,mRNA Stabilization (GO:0048255),0.6170500296150346,1.4602200210934262,0.002,0.02345694787191946,1.0
prerank,Oligodendrocyte Differentiation (GO:0048709),0.6575898077330219,1.4597474373712545,0.01609657947686117,0.023595760646984962,1.0
prerank,Regulation Of Cellular Response To Transforming Growth Factor Beta Stimulus (GO:1903844),0.6656235134724777,1.4594442962268988,0.012024048096192385,0.023599115345959133,1.0
prerank,Negative Regulation Of Smoothened Signaling Pathway (GO:0045879),0.6470562569202136,1.4595328511090344,0.008016032064128256,0.023613240275300425,1.0
prerank,Positive Regulation Of Adenylate Cyclase Activity (GO:0045762),0.6379385100766414,1.4586330418358806,0.012012012012012012,0.02384985594650995,1.0
prerank,Apoptotic Cell Clearance (GO:0043277),0.6414190351004178,1.4584682189735239,0.008,0.023864920550528756,1.0
prerank,Positive Regulation Of Gene Expression (GO:0010628),0.563934116550473,1.4583488570832834,0.0,0.023872549536377595,1.0
prerank,Regulation Of Axon Extension (GO:0030516),0.6236243167040066,1.458138027401083,0.003,0.02390961617487587,1.0
prerank,Establishment Of Mitotic Spindle Orientation (GO:0000132),0.6351718654968016,1.4568373050525794,0.003006012024048096,0.02419033008051723,1.0
prerank,Establishment Of Endothelial Barrier (GO:0061028),0.6348943224686584,1.4566349851930023,0.003003003003003003,0.024191810005416713,1.0
prerank,Morphogenesis Of An Epithelium (GO:0002009),0.6360650977941029,1.4571154560155573,0.005,0.024196545028973244,1.0
prerank,Regulation Of Proteasomal Ubiquitin-Dependent Protein Catabolic Process (GO:0032434),0.5869603792257971,1.456881853181366,0.0,0.024227376602059307,1.0
prerank,Epidermal Cell Differentiation (GO:0009913),0.6074178497204265,1.4562443088819885,0.0,0.02426761298609265,1.0
prerank,Negative Regulation Of Programmed Cell Death (GO:0043069),0.563724659691889,1.4562790375189392,0.0,0.024295473692928237,1.0
prerank,Regulation Of Membrane Depolarization (GO:0003254),0.6501621653955245,1.4556686480051182,0.011077542799597181,0.024375533352172733,1.0
prerank,Negative Regulation Of Endothelial Cell Migration (GO:0010596),0.6217256833110449,1.4557024344468592,0.002,0.02441439799121293,1.0
prerank,Regulation Of Protein Kinase Activity (GO:0045859),0.586693883187641,1.4553474692273949,0.0,0.024438258189652964,1.0
prerank,Negative Regulation Of Peptidyl-Tyrosine Phosphorylation (GO:0050732),0.6278155431289916,1.4546433950411761,0.004,0.024455049423748695,1.0
prerank,Regulation Of Androgen Receptor Signaling Pathway (GO:0060765),0.6388913671687286,1.4551422353025263,0.004004004004004004,0.024477248178751212,1.0
prerank,Positive Regulation Of Cell Migration (GO:0030335),0.5685914050765438,1.4550072195952963,0.0,0.024483606631281626,1.0
prerank,Intrinsic Apoptotic Signaling Pathway (GO:0097193),0.5862961335668916,1.4546674812054434,0.0,0.024486387110828768,1.0
prerank,Cell Migration Involved In Sprouting Angiogenesis (GO:0002042),0.665636737548269,1.4544383851733618,0.01606425702811245,0.02448643528581873,1.0
prerank,Regulation Of Osteoblast Differentiation (GO:0045667),0.596876394986316,1.4548606088585234,0.0,0.0245061582887402,1.0
prerank,Positive Regulation Of Transcription From RNA Polymerase II Promoter In Response To Stress (GO:0036003),0.6601839526829862,1.4547382301297533,0.015090543259557344,0.024512441872538506,1.0
prerank,Negative Regulation Of Telomere Maintenance Via Telomerase (GO:0032211),0.6590926583665698,1.4540443011932707,0.013,0.024518568485016226,1.0
prerank,Positive Regulation Of Mitotic Sister Chromatid Separation (GO:1901970),0.6765067421089485,1.453902435687053,0.014098690835850957,0.0245372183428734,1.0
prerank,Protein Destabilization (GO:0031648),0.6223842786068425,1.454075749276323,0.001,0.02455163742202495,1.0
prerank,Regulation Of Neuron Differentiation (GO:0045664),0.5944998649649241,1.453558768325303,0.0,0.024569000539035962,1.0
prerank,Positive Regulation Of Glucose Import (GO:0046326),0.6493888328974926,1.4536474742418648,0.006,0.024584220960312507,1.0
prerank,Positive Regulation Of Transmembrane Receptor Protein Serine/Threonine Kinase Signaling Pathway (GO:0090100),0.5892810640571219,1.453269550448583,0.0,0.024642329036066717,1.0
prerank,Negative Regulation Of Cation Channel Activity (GO:2001258),0.6410034358978621,1.4528705877639325,0.003,0.024675335969416488,1.0
prerank,Regulation Of Peptidyl-Threonine Phosphorylation (GO:0010799),0.6249190195728619,1.4528979978413745,0.002,0.024713631648019582,1.0
prerank,Cellular Response To Hormone Stimulus (GO:0032870),0.5907848435179088,1.4517563399435844,0.0,0.02491578646098808,1.0
prerank,Detection Of Mechanical Stimulus (GO:0050982),0.6566776576937956,1.4517640053538405,0.011033099297893681,0.024957743991691532,1.0
prerank,Positive Regulation Of Macromolecule Metabolic Process (GO:0010604),0.5628402500321931,1.4518422851700246,0.0,0.024975244579725577,1.0
prerank,Positive Regulation Of Dendrite Extension (GO:1903861),0.668597966691309,1.4519680272822273,0.012060301507537688,0.024976961814829828,1.0
prerank,Protein Localization To Membrane (GO:0072657),0.5748208170611249,1.4514093578670662,0.0,0.025012086688856478,1.0
prerank,Regulation Of Signal Transduction (GO:0009966),0.5720398736716342,1.4509194676146198,0.0,0.025118315183951703,1.0
prerank,Regulation Of Protein Metabolic Process (GO:0051246),0.58476324003514,1.450934164879806,0.0,0.025158661304831128,1.0
prerank,Positive Regulation Of Neuroblast Proliferation (GO:0002052),0.6552597532495278,1.4505206553861922,0.012096774193548387,0.02516825076116314,1.0
prerank,Regulation Of Protein Localization To Nucleus (GO:1900180),0.6033563664733455,1.450638386911433,0.0,0.025175500113512207,1.0
prerank,Sodium Ion Homeostasis (GO:0055078),0.640925948896967,1.449800007100644,0.011022044088176353,0.025296911109556435,1.0
prerank,Regulation Of Receptor Internalization (GO:0002090),0.6198382611021983,1.4500274034460916,0.002,0.025297940787577307,1.0
prerank,Positive Regulation Of Lamellipodium Assembly (GO:0010592),0.6367177789227383,1.4498796656055788,0.004012036108324975,0.025302615337911255,1.0
prerank,Positive Regulation Of Cell-Matrix Adhesion (GO:0001954),0.6088765673140101,1.4487254741133684,0.001,0.02568605175241128,1.0
prerank,Protein Localization To Nucleus (GO:0034504),0.5818116634819701,1.4484505219907882,0.0,0.025719293880549925,1.0
prerank,Regulation Of Vasculature Development (GO:1901342),0.6372677198028858,1.4471408454510704,0.004,0.02572112842777969,1.0
prerank,Regulation Of Catecholamine Secretion (GO:0050433),0.6357696648890183,1.4482262439707547,0.006012024048096192,0.02572368682408346,1.0
prerank,Negative Regulation Of Amide Metabolic Process (GO:0034249),0.5837042260992921,1.4477286405587138,0.0,0.02573408647373593,1.0
prerank,Regulation Of Tumor Necrosis Factor-Mediated Signaling Pathway (GO:0010803),0.6094215042133179,1.4478957623912545,0.002,0.025750271818396737,1.0
prerank,Regulation Of Protein Phosphorylation (GO:0001932),0.564290648321781,1.4471692985561837,0.0,0.02575788164704821,1.0
prerank,Protein Localization To Cell Junction (GO:1902414),0.6443872458940235,1.4480008497200034,0.009009009009009009,0.025758406062674044,1.0
prerank,Negative Regulation Of Protein Localization (GO:1903828),0.6099639991155942,1.448243656691777,0.003,0.025759294585293042,1.0
prerank,Negative Regulation Of Ubiquitin-Dependent Protein Catabolic Process (GO:2000059),0.6181961943919086,1.4477452302738971,0.002,0.025771175399731915,1.0
prerank,Response To Insulin (GO:0032868),0.5916536026895635,1.447193322865093,0.0,0.02578967473844973,1.0
prerank,Regulation Of Telomere Capping (GO:1904353),0.6461503514726623,1.4468195949728808,0.007007007007007007,0.025814346610467637,1.0
prerank,Positive Regulation Of Epithelial Cell Proliferation (GO:0050679),0.5804526087557114,1.4472324988702407,0.0,0.025819878003404365,1.0
prerank,Negative Regulation Of Neuron Apoptotic Process (GO:0043524),0.5937796903050888,1.4466285674104515,0.0,0.02582812682600679,1.0
prerank,Cellular Response To Catecholamine Stimulus (GO:0071870),0.6552685054403654,1.4472842980551948,0.012072434607645875,0.025841680650552538,1.0
prerank,Positive Regulation Of Fibroblast Proliferation (GO:0048146),0.6338220120151844,1.4463196966527225,0.01001001001001001,0.02586707065325896,1.0
prerank,Positive Regulation Of G2/M Transition Of Mitotic Cell Cycle (GO:0010971),0.6467787990473568,1.4452882557053799,0.011033099297893681,0.025888732520553542,1.0
prerank,Glial Cell Differentiation (GO:0010001),0.6206542270140258,1.4453873415213654,0.003,0.02589519242985601,1.0
prerank,Negative Regulation Of Transport (GO:0051051),0.6115848669137862,1.4453975806800443,0.003,0.02593495150557949,1.0
prerank,Negative Regulation Of Biomineral Tissue Development (GO:0070168),0.6485093391095766,1.4450880662392311,0.008016032064128256,0.025938585052408914,1.0
prerank,Positive Regulation Of Phosphorylation (GO:0042327),0.5665693587862839,1.4459996505242954,0.0,0.025944474167467486,1.0
prerank,Positive Regulation Of Cell Differentiation (GO:0045597),0.5662830634550425,1.4457010502519623,0.0,0.02594967603948461,1.0
prerank,Positive Regulation Of Phosphatidylinositol 3-Kinase Signaling (GO:0014068),0.5918354369827697,1.445462931913629,0.0,0.025951509919154885,1.0
prerank,Negative Regulation Of Receptor-Mediated Endocytosis (GO:0048261),0.6321756813779378,1.445809886365816,0.005005005005005005,0.025956292134826347,1.0
prerank,Circulatory System Development (GO:0072359),0.5780525138121659,1.4455011329758602,0.0,0.025979809692575524,1.0
prerank,Regulation Of Cellular Localization (GO:0060341),0.5976264446634565,1.44391885083349,0.0,0.026076891675508387,1.0
prerank,Epithelial Cell Migration (GO:0010631),0.6111628665709018,1.4439596660579062,0.002,0.026103290611592615,1.0
prerank,Regulation Of Cellular Component Size (GO:0032535),0.6125319807789805,1.4442349589377539,0.001,0.026106926333540087,1.0
prerank,Response To Reactive Oxygen Species (GO:0000302),0.5971905396696785,1.4432927715354658,0.0,0.026112037404851,1.0
prerank,ERK1 And ERK2 Cascade (GO:0070371),0.6425971360519106,1.4443369628501852,0.009,0.026121954434221897,1.0
prerank,Positive Regulation Of Protein Modification Process (GO:0031401),0.5674063563317212,1.4433914928911444,0.0,0.02612687802388111,1.0
prerank,Negative Regulation Of Interleukin-2 Production (GO:0032703),0.6486524872567568,1.4444193014804845,0.007007007007007007,0.026127114919104095,1.0
prerank,"Regulation Of DNA Damage Response, Signal Transduction By P53 Class Mediator (GO:0043516)",0.6406128023790929,1.443992436470896,0.005,0.02613800002082203,1.0
prerank,Positive Regulation Of Protein Polymerization (GO:0032273),0.5978997650725293,1.4435579661850533,0.0,0.026141998964676606,1.0
prerank,RNA Stabilization (GO:0043489),0.6250318057608572,1.4434307630520982,0.002,0.026158080177720804,1.0
prerank,Regulation Of Protein Localization To Cell Periphery (GO:1904375),0.6519673712499692,1.4435638876920178,0.0160481444332999,0.026181511257712013,1.0
prerank,mRNA Transcription (GO:0009299),0.611998019036316,1.4428873058133287,0.001,0.026213780080041854,1.0
prerank,Mammary Gland Development (GO:0030879),0.6490913732467548,1.4426776372593337,0.007028112449799197,0.02622637880910445,1.0
prerank,Regulation Of Translation (GO:0006417),0.5685663870969174,1.4429034339566837,0.0,0.026251464817379482,1.0
prerank,Cellular Response To Calcium Ion (GO:0071277),0.5936541408403341,1.441908208905789,0.0,0.026466722208449586,1.0
prerank,Lamellipodium Assembly (GO:0030032),0.6320280378736822,1.4412174764345376,0.01002004008016032,0.02661398716108352,1.0
prerank,Regulation Of Sodium Ion Transport (GO:0002028),0.6210266980114542,1.4412236790476054,0.001,0.02664879234201907,1.0
prerank,Regulation Of Metaphase/Anaphase Transition Of Cell Cycle (GO:1902099),0.6273709539609262,1.4412658406377366,0.004,0.026675645330312307,1.0
prerank,Vasodilation (GO:0042311),0.6672389401616959,1.4392059179591374,0.018163471241170535,0.027243854585462902,1.0
prerank,Regulation Of Smooth Muscle Contraction (GO:0006940),0.6475905112198763,1.4394014371358719,0.008040201005025126,0.02725423538400674,1.0
prerank,Positive Regulation Of Protein Tyrosine Kinase Activity (GO:0061098),0.6167447524147328,1.4395451978103015,0.001,0.027269498213167338,1.0
prerank,Cell-Substrate Junction Assembly (GO:0007044),0.6339873410995162,1.4392208064486365,0.008,0.02727938794773983,1.0
prerank,Negative Regulation Of BMP Signaling Pathway (GO:0030514),0.605084632298302,1.4394381822276507,0.001,0.02728348905346798,1.0
prerank,"Nuclear-Transcribed mRNA Catabolic Process, Exonucleolytic (GO:0000291)",0.6625624423103638,1.4389408302832862,0.014112903225806451,0.027319898681666944,1.0
prerank,Protein Acetylation (GO:0006473),0.6265433798760079,1.4386708221896567,0.004,0.027384572275625272,1.0
prerank,Positive Regulation Of Peptidyl-Tyrosine Phosphorylation (GO:0050731),0.5777939768978635,1.4385823531295894,0.0,0.027388723460585615,1.0
prerank,Negative Regulation Of Developmental Growth (GO:0048640),0.626493172706133,1.4382314323714749,0.004,0.027458694908561797,1.0
prerank,Neuron Apoptotic Process (GO:0051402),0.6518346060112848,1.438273423206908,0.011055276381909548,0.027475269865119955,1.0
prerank,Positive Regulation Of Protein Localization (GO:1903829),0.5843036303142467,1.4379277110081723,0.0,0.027552756171773957,1.0
prerank,Oxidative Phosphorylation (GO:0006119),0.599891676879927,1.4373909331170658,0.001,0.027666499560591556,1.0
prerank,Positive Regulation Of Bone Mineralization (GO:0030501),0.6203465928593892,1.43743734892263,0.002,0.02768644694667072,1.0
prerank,Regulation Of NIK/NF-kappaB Signaling (GO:1901222),0.5889253106166235,1.437182414618203,0.0,0.02769528012982294,1.0
prerank,Mesenchymal Cell Differentiation (GO:0048762),0.600878903205005,1.4374607635969585,0.001,0.027714343645955354,1.0
prerank,Cellular Response To Salt (GO:1902075),0.5782880210807949,1.4367288046926936,0.0,0.027811744242350146,1.0
prerank,Adenylate Cyclase-Modulating G Protein-Coupled Receptor Signaling Pathway (GO:0007188),0.5704695979464465,1.436585062417402,0.0,0.0278386424958065,1.0
prerank,Regulation Of Cell Adhesion (GO:0030155),0.5740961307916647,1.4362487965907575,0.0,0.027884386960096996,1.0
prerank,Regulation Of Canonical Wnt Signaling Pathway (GO:0060828),0.5679788975998057,1.4363420205426374,0.0,0.027892019031783875,1.0
prerank,Negative Regulation Of Intracellular Steroid Hormone Receptor Signaling Pathway (GO:0033144),0.6271750931680683,1.4348155772826356,0.003,0.027923261664670553,1.0
prerank,Regulation Of ERK1 And ERK2 Cascade (GO:0070372),0.5625331104925042,1.4351834316774958,0.0,0.02792444672053553,1.0
prerank,Positive Regulation Of Monooxygenase Activity (GO:0032770),0.6308697894119628,1.4350336884082096,0.008008008008008008,0.027935315141242464,1.0
prerank,Protein Localization To Plasma Membrane (GO:0072659),0.5744533994504749,1.4348765215038262,0.0,0.027940015290965504,1.0
prerank,Positive Regulation Of Monoatomic Ion Transport (GO:0043270),0.6087632050739348,1.4359857844390156,0.001,0.02796400555181287,1.0
prerank,Positive Regulation Of Immunoglobulin Production (GO:0002639),0.6255753782947044,1.4351886668863105,0.004,0.02796439195751626,1.0
prerank,Regulation Of Stress-Activated MAPK Cascade (GO:0032872),0.6016536539408023,1.4353427102067862,0.002,0.027996739709161212,1.0
prerank,Negative Regulation Of Cell Adhesion (GO:0007162),0.5927859999490865,1.4352034772125954,0.0,0.02800600368282104,1.0
prerank,Cell Morphogenesis Involved In Neuron Differentiation (GO:0048667),0.5848647725467327,1.43535675851787,0.0,0.02803233842419071,1.0
prerank,Positive Regulation Of Neuron Projection Development (GO:0010976),0.580515551107305,1.434286009626693,0.0,0.028045632130676,1.0
prerank,Regulation Of Nervous System Process (GO:0031644),0.653995194488265,1.4354662152069546,0.014042126379137413,0.028052543740506787,1.0
prerank,mRNA Processing (GO:0006397),0.5649242177881443,1.435522808173057,0.0,0.028077470163209037,1.0
prerank,Facultative Heterochromatin Formation (GO:0140718),0.6695787762429363,1.4340463305639306,0.023162134944612285,0.028082147456576053,1.0
prerank,Positive Regulation Of Cell Motility (GO:2000147),0.5649872322231916,1.4342948791727903,0.0,0.028085457274728956,1.0
prerank,Mesoderm Formation (GO:0001707),0.6451965592207359,1.4355687184137964,0.01701701701701702,0.028088477312513484,1.0
prerank,Regulation Of Receptor-Mediated Endocytosis (GO:0048259),0.6113032138165869,1.4337991827955274,0.002,0.02809253548783471,1.0
prerank,Outflow Tract Septum Morphogenesis (GO:0003148),0.6355390624115309,1.4338332521254453,0.01503006012024048,0.02811855162471081,1.0
prerank,Negative Regulation Of Peptide Hormone Secretion (GO:0090278),0.6563550732969887,1.4335388732363308,0.02320887991927346,0.028166749447521826,1.0
prerank,"RNA Splicing, Via Transesterification Reactions With Bulged Adenosine As Nucleophile (GO:0000377)",0.566307734686814,1.4329611652703624,0.0,0.02822154899843148,1.0
prerank,Negative Regulation Of Cell-Matrix Adhesion (GO:0001953),0.6285002118903767,1.432847462475795,0.006,0.02823025117560361,1.0
prerank,Positive Regulation Of Cellular Component Organization (GO:0051130),0.5762167981290486,1.4331953877257404,0.0,0.028231296956065053,1.0
prerank,Response To Calcium Ion (GO:0051592),0.577981733585909,1.433283233323621,0.0,0.028234677946967338,1.0
prerank,Negative Regulation Of Protein Metabolic Process (GO:0051248),0.5680875616521343,1.4330168112706776,0.0,0.02825058465305117,1.0
prerank,Positive Regulation Of Small GTPase Mediated Signal Transduction (GO:0051057),0.6608722181514876,1.4323216073189684,0.01609657947686117,0.028285757297311385,1.0
prerank,Negative Regulation Of Cell Population Proliferation (GO:0008285),0.5552190108716719,1.4325893602901536,0.0,0.028297573443131368,1.0
prerank,Negative Regulation Of Macromolecule Metabolic Process (GO:0010605),0.5673065342710215,1.4323812191192749,0.0,0.028298179903153784,1.0
prerank,Tumor Necrosis Factor-Mediated Signaling Pathway (GO:0033209),0.6060470749953024,1.432004197588901,0.003003003003003003,0.028326694577978807,1.0
prerank,Negative Regulation Of Cytoskeleton Organization (GO:0051494),0.6295963294650947,1.4323998914953737,0.008008008008008008,0.028334663693038272,1.0
prerank,Lamellipodium Organization (GO:0097581),0.6199082291249961,1.4320981982108874,0.007,0.02834810979343124,1.0
prerank,Regulation Of G Protein-Coupled Receptor Signaling Pathway (GO:0008277),0.588104436880034,1.4318579743181366,0.001,0.02835899413598639,1.0
prerank,Positive Regulation Of Ubiquitin-Protein Transferase Activity (GO:0051443),0.6323756921616538,1.4316445365314583,0.004004004004004004,0.028407566513107402,1.0
prerank,Regulation Of Dendritic Spine Morphogenesis (GO:0061001),0.6252621599662946,1.430978039838163,0.004004004004004004,0.028646186560553066,1.0
prerank,Regulation Of Hydrolase Activity (GO:0051336),0.5903176069831502,1.430824746317834,0.0,0.028664515293194498,1.0
prerank,Stress-Activated Protein Kinase Signaling Cascade (GO:0031098),0.6475155182230905,1.430443742439644,0.014028056112224449,0.028750937455014742,1.0
prerank,Cytoplasmic Translational Initiation (GO:0002183),0.6289200152630382,1.4302600453034904,0.008,0.028797163342805084,1.0
prerank,Negative Regulation Of Phosphoprotein Phosphatase Activity (GO:0032515),0.6434794447244564,1.4301481900650455,0.020080321285140562,0.028797462695091366,1.0
prerank,Positive Regulation Of Receptor Signaling Pathway Via STAT (GO:1904894),0.6147019045037793,1.4293378112615645,0.002,0.028998352095465394,1.0
prerank,Heart Morphogenesis (GO:0003007),0.5993456841004641,1.4292161683943745,0.001,0.02900423657867898,1.0
prerank,Regulation Of Interleukin-2 Production (GO:0032663),0.6002826325074537,1.429412022266331,0.002,0.02901604893141687,1.0
prerank,Cytoskeleton-Dependent Cytokinesis (GO:0061640),0.5880550346412129,1.4290431909101526,0.0,0.029032130078682432,1.0
prerank,Regulation Of Heart Contraction (GO:0008016),0.5861548026587021,1.4288494032352075,0.0,0.029065806846779833,1.0
prerank,Positive Regulation Of Osteoblast Differentiation (GO:0045669),0.6115034529239827,1.4283483965948196,0.001,0.0292205837411511,1.0
prerank,Mitotic Cytokinesis (GO:0000281),0.5925434449873932,1.4284493928926485,0.0,0.029225299320624887,1.0
prerank,Regulation Of Stem Cell Proliferation (GO:0072091),0.6584117033184745,1.4280296472980203,0.019076305220883535,0.029260756209197072,1.0
prerank,Positive Regulation Of Angiogenesis (GO:0045766),0.5712963592365843,1.428113443870293,0.0,0.02927427573767703,1.0
prerank,Regulation Of Receptor Signaling Pathway Via STAT (GO:1904892),0.6575128708444545,1.4277128725447195,0.019076305220883535,0.02931813687149896,1.0
prerank,Negative Regulation Of Vascular Associated Smooth Muscle Cell Proliferation (GO:1904706),0.6603665360526693,1.4277871858022673,0.03125,0.02934188973233044,1.0
prerank,Positive Regulation Of Pathway-Restricted SMAD Protein Phosphorylation (GO:0010862),0.5968220292311499,1.4274394341224768,0.001,0.02941056256295105,1.0
prerank,Regulation Of Long-Term Synaptic Potentiation (GO:1900271),0.6203533620934236,1.4273211658003606,0.01,0.02941141655749843,1.0
prerank,Sprouting Angiogenesis (GO:0002040),0.5994625615096025,1.4267175742246347,0.001,0.02955970601881385,1.0
prerank,Negative Regulation Of Telomere Maintenance Via Telomere Lengthening (GO:1904357),0.6292627510359015,1.4267482098910549,0.01001001001001001,0.029592306811152963,1.0
prerank,Cardiac Ventricle Development (GO:0003231),0.6475126730906398,1.4263032357273282,0.021148036253776436,0.02963435338215881,1.0
prerank,Regulation Of Synapse Organization (GO:0050807),0.6299398204261306,1.4267555986778226,0.006006006006006006,0.029635132146624964,1.0
prerank,Positive Regulation Of RNA Splicing (GO:0033120),0.6121546127982813,1.426000868317949,0.003,0.029658357448439022,1.0
prerank,Negative Regulation Of Smooth Muscle Cell Proliferation (GO:0048662),0.610591159066309,1.4263426468604472,0.007007007007007007,0.029662645044668822,1.0
prerank,Positive Regulation Of Histone Methylation (GO:0031062),0.652710877959268,1.426029567817988,0.014042126379137413,0.02969091262046243,1.0
prerank,Negative Regulation Of Insulin Secretion (GO:0046676),0.6541764093911459,1.425330831288088,0.02112676056338028,0.02986944709525184,1.0
prerank,Regulation Of Microtubule Polymerization (GO:0031113),0.6067445583678832,1.4250761294319232,0.005,0.029902676530239366,1.0
prerank,Regulation Of Sprouting Angiogenesis (GO:1903670),0.6112729326275055,1.4251059188029602,0.009,0.029934010900554205,1.0
prerank,Cellular Respiration (GO:0045333),0.5795984000253881,1.4245700501927023,0.0,0.029941580516037927,1.0
prerank,Macrophage Activation (GO:0042116),0.6160577132745673,1.4246419043109007,0.003,0.029947187539587687,1.0
prerank,Telomere Maintenance Via Telomere Lengthening (GO:0010833),0.6282235496589561,1.4246538512316098,0.011,0.029989847350897637,1.0
prerank,Stress-Activated MAPK Cascade (GO:0051403),0.6067425251081312,1.424313310830594,0.001,0.02999981880064145,1.0
prerank,Actin Filament Organization (GO:0007015),0.5673402952555558,1.4247268752589795,0.0,0.030005524900270666,1.0
prerank,Positive Regulation Of G Protein-Coupled Receptor Signaling Pathway (GO:0045745),0.6461032168208006,1.423299848755354,0.02414486921529175,0.030286540232681472,1.0
prerank,Regulation Of Epithelial Cell Differentiation (GO:0030856),0.6630672608052434,1.4231902143856896,0.02014098690835851,0.03029459840239669,1.0
prerank,Vascular Endothelial Growth Factor Receptor Signaling Pathway (GO:0048010),0.6264556790603986,1.4233060804778563,0.01001001001001001,0.030327963919064303,1.0
prerank,Regulation Of DNA Biosynthetic Process (GO:2000278),0.6134766962188068,1.4233324036828774,0.002,0.030358173576683103,1.0
prerank,Regulation Of Actin Cytoskeleton Organization (GO:0032956),0.5787523726263533,1.4229204449393862,0.0,0.03036038000312803,1.0
prerank,Nervous System Development (GO:0007399),0.5492757765124194,1.4225978639150103,0.0,0.030462544557107035,1.0
prerank,Potassium Ion Homeostasis (GO:0055075),0.6360447300131633,1.422195210644721,0.015015015015015015,0.030464151660399626,1.0
prerank,Positive Regulation Of Glucose Transmembrane Transport (GO:0010828),0.619804401623367,1.4222740210428497,0.007,0.030473205297122156,1.0
prerank,Negative Regulation Of Multicellular Organismal Process (GO:0051241),0.5583739696214839,1.422310832034722,0.0,0.030499114522615653,1.0
prerank,In Utero Embryonic Development (GO:0001701),0.6208807769888373,1.4223471520309034,0.011011011011011011,0.030530714470428075,1.0
prerank,Synapse Organization (GO:0050808),0.5675583347136245,1.4218501696694326,0.0,0.03056964776110056,1.0
prerank,Regulation Of Cysteine-Type Endopeptidase Activity Involved In Apoptotic Process (GO:0043281),0.5775937379670854,1.4216386937580499,0.0,0.030645561064923034,1.0
prerank,Pharyngeal System Development (GO:0060037),0.6649397104419826,1.4212854246635513,0.030425963488843813,0.030659537038155552,1.0
prerank,Cardiac Conduction System Development (GO:0003161),0.631395869354346,1.4214768059833254,0.014028056112224449,0.030669731188900897,1.0
prerank,Positive Regulation Of Cell Cycle Process (GO:0090068),0.5674429817645561,1.4210632187755252,0.0,0.030674329962040905,1.0
prerank,Osteoclast Differentiation (GO:0030316),0.6314531956079334,1.421348024429546,0.009009009009009009,0.03068409839498153,1.0
prerank,"mRNA Splicing, Via Spliceosome (GO:0000398)",0.5594100418083845,1.4211558571367633,0.0,0.03068497416298619,1.0
prerank,Positive Regulation Of Biomineral Tissue Development (GO:0070169),0.6060592803086295,1.420678151120329,0.001,0.030817241249289626,1.0
prerank,Blood Vessel Endothelial Cell Migration (GO:0043534),0.6309245065637791,1.4204959456762687,0.01901901901901902,0.030847879976681675,1.0
prerank,Nuclear Export (GO:0051168),0.5973313766092363,1.4197917921058538,0.001,0.031110156921768637,1.0
prerank,Vesicle Docking (GO:0048278),0.6403018064023495,1.4196636810686476,0.022066198595787363,0.03112377895405391,1.0
prerank,Positive Regulation Of Chromosome Segregation (GO:0051984),0.6463496610891258,1.4192419346207443,0.023023023023023025,0.031195970697950975,1.0
prerank,Neurotrophin Signaling Pathway (GO:0038179),0.6604819358203264,1.4191374638047471,0.03441295546558704,0.031202551262146612,1.0
prerank,Positive Regulation Of MAP Kinase Activity (GO:0043406),0.5776434548857211,1.41928971678072,0.0,0.031227833361436936,1.0
prerank,Response To Organic Cyclic Compound (GO:0014070),0.5903668424945258,1.419337976081794,0.001,0.031248779620035416,1.0
prerank,Regulation Of Glucose Import (GO:0046324),0.6144329484487441,1.418375209899222,0.008,0.03146355824964676,1.0
prerank,Regulation Of Plasma Membrane Bounded Cell Projection Organization (GO:0120035),0.6166381315343029,1.418042875265969,0.006,0.03152641258135621,1.0
prerank,Positive Regulation Of Peptidyl-Serine Phosphorylation (GO:0033138),0.5751492919423572,1.4180958491542406,0.0,0.03153942698772355,1.0
prerank,Cellular Response To Light Stimulus (GO:0071482),0.5835066066251973,1.4178414919443674,0.001,0.03157474116819556,1.0
prerank,Protein-Containing Complex Organization (GO:0043933),0.5679362624036507,1.4176189552609015,0.0,0.031617496104676034,1.0
prerank,Regulation Of Intracellular Signal Transduction (GO:1902531),0.5528006146097852,1.4174315269883133,0.0,0.03165877617181822,1.0
prerank,Heterochromatin Formation (GO:0031507),0.6188150932556595,1.4171873737795122,0.014,0.03171894003177725,1.0
prerank,Histone mRNA Metabolic Process (GO:0008334),0.6369963075194097,1.4169620565075107,0.019076305220883535,0.03175861576555711,1.0
prerank,Positive Regulation Of Cell Adhesion (GO:0045785),0.5761276162608363,1.4167657244117566,0.0,0.03179953729431998,1.0
prerank,"Regulation Of Alternative mRNA Splicing, Via Spliceosome (GO:0000381)",0.5959865573233069,1.4163922906296993,0.003,0.03181786711879353,1.0
prerank,Regulation Of Dopamine Secretion (GO:0014059),0.6334033307359596,1.4164448058312444,0.024072216649949848,0.03183246630092355,1.0
prerank,"Positive Regulation Of Synaptic Transmission, Glutamatergic (GO:0051968)",0.6305786527034227,1.4162672350250602,0.011011011011011011,0.031838300293762854,1.0
prerank,Enzyme-Linked Receptor Protein Signaling Pathway (GO:0007167),0.5666698703515904,1.4164759231610076,0.0,0.031864672401762405,1.0
prerank,Neuromuscular Junction Development (GO:0007528),0.6248599407791664,1.4160088838233904,0.014,0.03193125874761822,1.0
prerank,Regulation Of Neurotransmitter Transport (GO:0051588),0.630057501484205,1.4155898658337531,0.01603206412825651,0.03209510815848491,1.0
prerank,Negative Regulation Of Oxidative Stress-Induced Cell Death (GO:1903202),0.6307547837429399,1.4151908225794956,0.018018018018018018,0.03221696358599716,1.0
prerank,Negative Regulation Of Macromolecule Biosynthetic Process (GO:0010558),0.5723679330723825,1.4148357805622003,0.0,0.03232376728069113,1.0
prerank,Transcription Initiation-Coupled Chromatin Remodeling (GO:0045815),0.6108088492226316,1.4146861714576309,0.005005005005005005,0.03235809332668117,1.0
prerank,Positive Regulation Of Kinase Activity (GO:0033674),0.5709732253621544,1.4140210046293074,0.0,0.03263798711172589,1.0
prerank,Regulation Of Cardiac Muscle Cell Contraction (GO:0086004),0.622206708162821,1.413869658596701,0.011011011011011011,0.03264913613205809,1.0
prerank,Neural Tube Development (GO:0021915),0.6464314877583883,1.4137631960559554,0.025176233635448138,0.03264960306221608,1.0
prerank,Artery Development (GO:0060840),0.6346460561572308,1.4132450653791315,0.013026052104208416,0.03274284859031599,1.0
prerank,Positive Regulation Of Cholesterol Transport (GO:0032376),0.6178033541091662,1.4133856634686301,0.008,0.03275677426014263,1.0
prerank,Protein Kinase B Signaling (GO:0043491),0.622087226328392,1.4132919093487575,0.015045135406218655,0.032758422828286636,1.0
prerank,Cellular Response To Hexose Stimulus (GO:0071331),0.6256765201853177,1.4128847830933706,0.009,0.032768931362758706,1.0
prerank,Calcium-Mediated Signaling (GO:0019722),0.5799099151718661,1.4134439364100937,0.0,0.03277506799554121,1.0
prerank,RNA-templated DNA Biosynthetic Process (GO:0006278),0.6412324683949184,1.4129681984011488,0.020100502512562814,0.03277787335536399,1.0
prerank,Telomere Maintenance Via Telomerase (GO:0007004),0.6412324683949184,1.4129681984011488,0.020100502512562814,0.03277787335536399,1.0
prerank,Regulation Of mRNA Processing (GO:0050684),0.606691438895735,1.4127861643819342,0.002,0.03277845814410007,1.0
prerank,Negative Regulation Of Catabolic Process (GO:0009895),0.5798820365776483,1.4120170855163032,0.001,0.033005049992831687,1.0
prerank,Wound Healing (GO:0042060),0.5770214603925697,1.4120337516364043,0.0,0.03304316441353174,1.0
prerank,Nucleocytoplasmic Transport (GO:0006913),0.5946085034787584,1.4121132406369639,0.004,0.03304322147107494,1.0
prerank,Positive Regulation Of Cell Junction Assembly (GO:1901890),0.580049617167676,1.4117708887093379,0.001,0.033074505340890674,1.0
prerank,Protein Dephosphorylation (GO:0006470),0.564723219675905,1.4113826916001186,0.0,0.03323147467406134,1.0
prerank,Branching Morphogenesis Of An Epithelial Tube (GO:0048754),0.5952743443391828,1.4111684906107553,0.001,0.03329130218800594,1.0
prerank,Negative Regulation Of DNA Binding (GO:0043392),0.6227198369349777,1.4108206586429912,0.017,0.03340580345037484,1.0
prerank,Positive Regulation Of Catabolic Process (GO:0009896),0.5729695831332492,1.409943231949031,0.0,0.03372115049040852,1.0
prerank,NIK/NF-kappaB Signaling (GO:0038061),0.610220730470851,1.4099969653019329,0.011,0.0337416475689092,1.0
prerank,Negative Regulation Of Phosphate Metabolic Process (GO:0045936),0.6332908196934854,1.4093191293824578,0.01507537688442211,0.033950380114744126,1.0
prerank,Regulation Of Nervous System Development (GO:0051960),0.5926477519204265,1.4090410646845435,0.001,0.03398941856850885,1.0
prerank,Regulation Of Angiogenesis (GO:0045765),0.5545032089931808,1.4090919960817418,0.0,0.03401408026872728,1.0
prerank,Cellular Response To Hydrogen Peroxide (GO:0070301),0.6047636023404722,1.4087792488603348,0.009,0.03407880970751622,1.0
prerank,Negative Regulation Of Gene Expression (GO:0010629),0.5483545165654622,1.408541342359072,0.0,0.034155033030381005,1.0
prerank,Heart Looping (GO:0001947),0.6029289197843827,1.4082377212180106,0.002,0.03415958749000874,1.0
prerank,Transforming Growth Factor Beta Receptor Signaling Pathway (GO:0007179),0.5804629016224266,1.4079965683990001,0.0,0.03416174739003635,1.0
prerank,Regulation Of G0 To G1 Transition (GO:0070316),0.6051445618199984,1.4082945680391317,0.006,0.034173987136988764,1.0
prerank,Regulation Of calcineurin-NFAT Signaling Cascade (GO:0070884),0.6094886585474746,1.4080181101888598,0.008,0.03420185262235291,1.0
prerank,Negative Regulation Of Protein Secretion (GO:0050709),0.6010047121972742,1.4083493704683578,0.002,0.03420521975654532,1.0
prerank,Positive Regulation Of Endothelial Cell Apoptotic Process (GO:2000353),0.6552151566975788,1.4074441419759534,0.027245206861755803,0.03428569034981001,1.0
prerank,Regulation Of Fibroblast Proliferation (GO:0048145),0.5909117616747206,1.4075500800343967,0.003,0.0342963268676396,1.0
prerank,Activation Of Protein Kinase B Activity (GO:0032148),0.6204018195238516,1.4069826362375013,0.011,0.03442306574145213,1.0
prerank,Regulation Of Lipid Storage (GO:0010883),0.624661891101313,1.407066010799395,0.01812688821752266,0.034424888103885866,1.0
prerank,Chondrocyte Differentiation (GO:0002062),0.6129296049366982,1.4068818943137387,0.004,0.034439127874759355,1.0
prerank,Positive Regulation Of Macrophage Migration (GO:1905523),0.6431428085741497,1.40676638136245,0.024096385542168676,0.03444494501323649,1.0
prerank,Negative Regulation Of RNA Splicing (GO:0033119),0.6414216626379681,1.4061506100299892,0.02208835341365462,0.03468896245266528,1.0
prerank,Proteasomal Protein Catabolic Process (GO:0010498),0.5497034477436605,1.4054407752045472,0.0,0.0348426285867526,1.0
prerank,Negative Regulation Of Proteasomal Ubiquitin-Dependent Protein Catabolic Process (GO:0032435),0.6057395849653999,1.4054652411769708,0.006,0.03486527164673532,1.0
prerank,Neuron Fate Commitment (GO:0048663),0.6470327181682773,1.4051770403161163,0.02416918429003021,0.034872102899152706,1.0
prerank,Excitatory Postsynaptic Potential (GO:0060079),0.6393759038876361,1.4056366957866158,0.021169354838709676,0.03487637967692892,1.0
prerank,Regulation Of Glycolytic Process (GO:0006110),0.6054927596860287,1.4052359435885222,0.003,0.03488713105335354,1.0
prerank,Regulation Of Proteolysis (GO:0030162),0.5895853533491656,1.405503768776781,0.0,0.034889242889793004,1.0
prerank,Negative Regulation Of Cysteine-Type Endopeptidase Activity Involved In Apoptotic Process (GO:0043154),0.590196170780063,1.4050421576679597,0.001,0.034903829584382665,1.0
prerank,Positive Regulation Of Receptor Signaling Pathway Via JAK-STAT (GO:0046427),0.6062512203602487,1.404600480777256,0.002,0.03507671121305769,1.0
prerank,Regulation Of p38MAPK Cascade (GO:1900744),0.6021995744215318,1.4044412133057262,0.001,0.035095505906745365,1.0
prerank,Digestive Tract Development (GO:0048565),0.5976935083245878,1.4037983691955354,0.005,0.035298781769699465,1.0
prerank,Establishment Of Spindle Orientation (GO:0051294),0.6022026816743248,1.4038228368748342,0.007007007007007007,0.0353293463586422,1.0
prerank,Gamma-Aminobutyric Acid Signaling Pathway (GO:0007214),0.6388678520565859,1.4036552425194393,0.014084507042253521,0.03533479285084335,1.0
prerank,Regulation Of Postsynapse Organization (GO:0099175),0.6225972153245318,1.4034601147679675,0.011,0.03539828243444108,1.0
prerank,Regulation Of Macroautophagy (GO:0016241),0.5686859111146131,1.40303395739232,0.0,0.03555422830574143,1.0
prerank,Response To Alcohol (GO:0097305),0.6096521305262828,1.4027721796164234,0.013,0.03565478464456236,1.0
prerank,Regulation Of Monoatomic Ion Transmembrane Transport (GO:0034765),0.6092686855140059,1.4022214484092936,0.006,0.0358364419014645,1.0
prerank,Striated Muscle Cell Differentiation (GO:0051146),0.6371679055253232,1.4022548751005939,0.019114688128772636,0.03585371602728346,1.0
prerank,Negative Regulation Of Intrinsic Apoptotic Signaling Pathway In Response To DNA Damage (GO:1902230),0.6218938363123884,1.401272225204947,0.014014014014014014,0.03588511001048368,1.0
prerank,Regulation Of Bone Resorption (GO:0045124),0.6115621359164501,1.4011651849150715,0.011,0.035892640350767446,1.0
prerank,Positive Regulation Of Protein Catabolic Process (GO:0045732),0.5659706889096131,1.4019729926644746,0.0,0.03590264740649618,1.0
prerank,Regulation Of Developmental Growth (GO:0048638),0.6134028028971916,1.4012855789525074,0.016,0.03592570893410148,1.0
prerank,Positive Regulation Of Cell Population Proliferation (GO:0008284),0.5406202145480947,1.4014464586104145,0.0,0.0359317136649762,1.0
prerank,Neuron Development (GO:0048666),0.5586180110163957,1.4017479717251586,0.0,0.03593518667763792,1.0
prerank,Negative Regulation Of Cell Growth (GO:0030308),0.5599748290907622,1.401639104160854,0.0,0.03594147025789008,1.0
prerank,Ribosome Biogenesis (GO:0042254),0.5540904746362574,1.401337988186784,0.0,0.03594292258282044,1.0
prerank,Negative Regulation Of NIK/NF-kappaB Signaling (GO:1901223),0.6178640865173727,1.4014495571308438,0.011022044088176353,0.03597499956299969,1.0
prerank,Regulation Of Postsynaptic Membrane Potential (GO:0060078),0.6072496507141469,1.4017495424065036,0.008,0.03597988218345588,1.0
prerank,Negative Regulation Of Oxidative Stress-Induced Intrinsic Apoptotic Signaling Pathway (GO:1902176),0.6471398900045261,1.400844306986104,0.03024193548387097,0.035989954610302695,1.0
prerank,Regulation Of Protein Targeting To Membrane (GO:0090313),0.6148239646235277,1.4008914336831755,0.009,0.03600224257051149,1.0
prerank,Negative Regulation Of Cell Junction Assembly (GO:1901889),0.6221621896441275,1.4002487487575792,0.018018018018018018,0.03603152840077042,1.0
prerank,Negative Regulation Of Cell Differentiation (GO:0045596),0.55272377566715,1.4003061527286398,0.0,0.03604868202091748,1.0
prerank,Positive Regulation Of Cardiac Muscle Hypertrophy (GO:0010613),0.637279421584833,1.4004225378372832,0.019095477386934675,0.03604874187337788,1.0
prerank,Cellular Response To cAMP (GO:0071320),0.615404848832541,1.4005435842155713,0.006,0.036070947775102544,1.0
prerank,Regulation Of Phosphatase Activity (GO:0010921),0.6403105218353116,1.40045833801194,0.030181086519114688,0.03608311539077152,1.0
prerank,Positive Regulation Of Lipid Kinase Activity (GO:0090218),0.6067173605525473,1.3999873663770435,0.008,0.03613026957750423,1.0
prerank,Cortical Cytoskeleton Organization (GO:0030865),0.6156763874390794,1.3996589957459113,0.011,0.03619564512471553,1.0
prerank,Cell-Cell Adhesion Mediated By Cadherin (GO:0044331),0.6151048930947706,1.3996985746165747,0.02004008016032064,0.03621049992384366,1.0
prerank,Rac Protein Signal Transduction (GO:0016601),0.645710480878882,1.3989976090629141,0.02920443101711984,0.03649674189205618,1.0
prerank,Regulation Of Protein Localization To Membrane (GO:1905475),0.6149085632637882,1.3985966710588298,0.025,0.03659614259510976,1.0
prerank,Regulation Of Calcium Ion-Dependent Exocytosis (GO:0017158),0.6099657868723475,1.3986406329282621,0.014014014014014014,0.03661992444617135,1.0
prerank,Cellular Response To Vascular Endothelial Growth Factor Stimulus (GO:0035924),0.6015891230316296,1.3983510012565035,0.005,0.03667653392112319,1.0
prerank,Apoptotic Mitochondrial Changes (GO:0008637),0.6042202598136716,1.3981167075406487,0.005,0.03675189410022959,1.0
prerank,Neuron Migration (GO:0001764),0.5797923238916902,1.397640489608802,0.002,0.03693576724557236,1.0
prerank,Protein Localization To Cell-Cell Junction (GO:0150105),0.6513964214692398,1.3974409207168257,0.031155778894472363,0.03699012639813711,1.0
prerank,Positive Regulation Of DNA Binding (GO:0043388),0.6064129404110619,1.3973326100068841,0.007,0.037007005392791274,1.0
prerank,Positive Regulation Of Cell Growth (GO:0030307),0.5650959460851525,1.3971030439756267,0.0,0.0370791984237531,1.0
prerank,Cardiac Muscle Cell Differentiation (GO:0055007),0.6164688723342404,1.3969534596726016,0.011022044088176353,0.03710193936526445,1.0
prerank,Actin Cytoskeleton Reorganization (GO:0031532),0.5803859015499663,1.3963471326517385,0.001,0.03724499035070066,1.0
prerank,Regulation Of Voltage-Gated Calcium Channel Activity (GO:1901385),0.6070777945027723,1.3966330567555032,0.009,0.037248274419619955,1.0
prerank,Negative Regulation Of Neurogenesis (GO:0050768),0.6069448388981198,1.3965047080097737,0.018018018018018018,0.03725636969518509,1.0
prerank,Muscle Cell Development (GO:0055001),0.6063558803032504,1.3964154946004415,0.005,0.03725845759308408,1.0
prerank,Positive Regulation Of Proteasomal Ubiquitin-Dependent Protein Catabolic Process (GO:0032436),0.571765417676669,1.396162701986864,0.0,0.037293681555636116,1.0
prerank,Response To Glucose (GO:0009749),0.5893113248073812,1.3960221413314449,0.004,0.03732197027879323,1.0
prerank,Positive Regulation Of Multicellular Organismal Process (GO:0051240),0.5412602940611855,1.3957104758913623,0.0,0.037445542600705296,1.0
prerank,Positive Regulation Of Protein Ubiquitination (GO:0031398),0.5695488515589933,1.3954231368970813,0.0,0.037540249446802676,1.0
prerank,Regulation Of Transcription Regulatory Region DNA Binding (GO:2000677),0.6159646910456805,1.395184221240491,0.008008008008008008,0.037613328106250135,1.0
prerank,Negative Regulation Of Protein Modification By Small Protein Conjugation Or Removal (GO:1903321),0.5825207741113353,1.3945826626499989,0.002,0.03785962880945558,1.0
prerank,Regulation Of Mitotic Metaphase/Anaphase Transition (GO:0030071),0.5889254016656753,1.394201483096536,0.001,0.0379737042875418,1.0
prerank,Regulation Of Glycogen Biosynthetic Process (GO:0005979),0.6135823760921937,1.393901213775715,0.017034068136272545,0.037986783546266764,1.0
prerank,Regulation Of Endothelial Cell Proliferation (GO:0001936),0.5650341669873142,1.3942415515484032,0.0,0.037999770480812496,1.0
prerank,Apoptotic Nuclear Changes (GO:0030262),0.6374144011226819,1.393943964154068,0.040160642570281124,0.038002134532727445,1.0
prerank,Response To Hexose (GO:0009746),0.6180787150031464,1.3939751311657842,0.018018018018018018,0.038028172676126716,1.0
prerank,Activation Of Cysteine-Type Endopeptidase Activity (GO:0097202),0.6500463833609293,1.39299251438163,0.017119838872104734,0.03839481526454736,1.0
prerank,Regulation Of Epithelial To Mesenchymal Transition (GO:0010717),0.5668155387658633,1.392512435055548,0.0,0.038635809041956834,1.0
prerank,Positive Regulation Of Extracellular Matrix Organization (GO:1903055),0.6319443018688474,1.392268988809868,0.025050100200400802,0.03870094271630985,1.0
prerank,'De Novo' Post-Translational Protein Folding (GO:0051084),0.6041628318514299,1.391993609456764,0.015,0.03876032926730764,1.0
prerank,Cellular Response To Oxidative Stress (GO:0034599),0.5597497453257353,1.3920434484278927,0.0,0.038776499044354366,1.0
prerank,Negative Regulation Of Endocytosis (GO:0045806),0.6020841494758684,1.3917363466037171,0.007007007007007007,0.03885322370812266,1.0
prerank,Embryonic Heart Tube Morphogenesis (GO:0003143),0.5894120192008399,1.391298459694399,0.002,0.03898572943788621,1.0
prerank,Regulation Of DNA Binding (GO:0051101),0.5908946699954403,1.3913334739797725,0.004,0.03900327730017822,1.0
prerank,Cell Projection Organization (GO:0030030),0.6292800073955962,1.391169280996034,0.02014098690835851,0.03900443730980594,1.0
prerank,Negative Regulation Of Carbohydrate Metabolic Process (GO:0045912),0.6059508297994092,1.3908761341593738,0.019,0.03900907753941382,1.0
prerank,Positive Regulation Of Interleukin-2 Production (GO:0032743),0.6115002295185332,1.390890313064029,0.014014014014014014,0.03904638420586984,1.0
prerank,Regulation Of Neuroblast Proliferation (GO:1902692),0.6171899328595492,1.3909825491355499,0.020060180541624874,0.03905227287514072,1.0
prerank,Positive Regulation Of Vasculature Development (GO:1904018),0.5599860408772431,1.3905398850263686,0.0,0.03911371724092934,1.0
prerank,Cellular Response To Oxygen-Containing Compound (GO:1901701),0.5381887124247509,1.3901051434581324,0.0,0.03929941419888907,1.0
prerank,RNA Polyadenylation (GO:0043631),0.618571399924258,1.38973460618837,0.01901901901901902,0.03946843910423137,1.0
prerank,Negative Regulation Of Axonogenesis (GO:0050771),0.616884463330761,1.3893009360920416,0.021042084168336674,0.03964286600260893,1.0
prerank,Inositol Lipid-Mediated Signaling (GO:0048017),0.603407330350341,1.3890704190310563,0.009,0.03967837305879058,1.0
prerank,Neural Tube Closure (GO:0001843),0.6030503685315968,1.389109317687262,0.009,0.03969073248959865,1.0
prerank,Regulation Of Protein Autophosphorylation (GO:0031952),0.6041773064379952,1.388415952686651,0.019,0.0399951394911092,1.0
prerank,Response To Fibroblast Growth Factor (GO:0071774),0.6270087788087704,1.387743908823089,0.027135678391959798,0.04027541994231444,1.0
prerank,Regulation Of T Cell Differentiation (GO:0045580),0.5852614267469487,1.387183943854775,0.003,0.04054122978473781,1.0
prerank,Cyclic Nucleotide Biosynthetic Process (GO:0009190),0.639716555624279,1.3869791445212944,0.020100502512562814,0.0405491803696946,1.0
prerank,Growth Hormone Receptor Signaling Pathway (GO:0060396),0.6341162351109321,1.3868500701081328,0.036180904522613064,0.04058069633859444,1.0
prerank,Negative Regulation Of Macroautophagy (GO:0016242),0.620127987399548,1.3869865222393996,0.02905811623246493,0.04059469151631102,1.0
prerank,Response To UV (GO:0009411),0.5604389429791606,1.3865921641951513,0.0,0.04060914761818788,1.0
prerank,Regulation Of Vascular Endothelial Growth Factor Production (GO:0010574),0.6108410920057419,1.386678306707412,0.011011011011011011,0.04061787393348316,1.0
prerank,Cellular Response To Xenobiotic Stimulus (GO:0071466),0.6088687579950752,1.3860358897074212,0.014014014014014014,0.04086130926114829,1.0
prerank,Peripheral Nervous System Development (GO:0007422),0.6224662743742614,1.385688738671763,0.033099297893681046,0.04089599015977978,1.0
prerank,Regulation Of Pathway-Restricted SMAD Protein Phosphorylation (GO:0060393),0.572904948371599,1.3858327613600745,0.001,0.040923181394795005,1.0
prerank,Positive Regulation Of Cell Death (GO:0010942),0.5814800840983029,1.3857202033103948,0.006,0.040924410350190094,1.0
prerank,Regulation Of Cell Motility (GO:2000145),0.5560376503230888,1.3853287639277447,0.0,0.04105214384397571,1.0
prerank,Regulation Of Programmed Cell Death (GO:0043067),0.5459101550168722,1.3849752540159992,0.0,0.04121363047746825,1.0
prerank,Regulation Of Mitotic Nuclear Division (GO:0007088),0.5730842920884639,1.3848604558523023,0.002,0.0412236146451087,1.0
prerank,Positive Regulation Of Transport (GO:0051050),0.5794446026739953,1.3846034920545554,0.0,0.04122738405506045,1.0
prerank,Diol Biosynthetic Process (GO:0034312),0.637416953491993,1.3846097725552131,0.030211480362537766,0.041270725780882436,1.0
prerank,Regulation Of Reactive Oxygen Species Biosynthetic Process (GO:1903426),0.6162070826045363,1.3846423680198694,0.0160481444332999,0.04128805935956612,1.0
prerank,Cellular Response To pH (GO:0071467),0.6200707951626269,1.3841971200286776,0.024072216649949848,0.0413707908437805,1.0
prerank,Regulation Of Biomineral Tissue Development (GO:0070167),0.6098519279081749,1.383554535976635,0.022066198595787363,0.041635188703418445,1.0
prerank,Positive Regulation Of T Cell Differentiation (GO:0045582),0.5760168091590983,1.3835922064969306,0.002,0.04166189525417894,1.0
prerank,Regulation Of Cholesterol Biosynthetic Process (GO:0045540),0.6424032827559566,1.3832827893894601,0.03323262839879154,0.04173255515006931,1.0
prerank,Negative Regulation Of Epithelial Cell Migration (GO:0010633),0.5969356954953571,1.3828299412435785,0.01,0.0418514326099735,1.0
prerank,"Chemical Synaptic Transmission, Postsynaptic (GO:0099565)",0.6155168768538398,1.3829022997371134,0.024024024024024024,0.04186138945128876,1.0
prerank,Positive Regulation Of Cellular Component Biogenesis (GO:0044089),0.5606701533418936,1.382905304764995,0.0,0.04190740453630146,1.0
prerank,Positive Regulation Of Vascular Endothelial Growth Factor Production (GO:0010575),0.6115766987802259,1.3825941213552855,0.012012012012012012,0.04192455036655298,1.0
prerank,Apoptotic Process (GO:0006915),0.5427778468720569,1.3822841861963016,0.0,0.04206701048861247,1.0
prerank,Positive Regulation Of Myeloid Cell Differentiation (GO:0045639),0.5950123283547473,1.3815317664630833,0.013,0.04243311436404279,1.0
prerank,Positive Regulation Of Catalytic Activity (GO:0043085),0.5894723382551883,1.3812616999184195,0.006,0.04250533610829139,1.0
prerank,Positive Regulation Of p38MAPK Cascade (GO:1900745),0.6104944599301984,1.3811514293515217,0.01903807615230461,0.04252600012555732,1.0
prerank,Cellular Response To Mechanical Stimulus (GO:0071260),0.5835950791598906,1.380896656450635,0.004,0.04264259958091177,1.0
prerank,Chaperone Cofactor-Dependent Protein Refolding (GO:0051085),0.6087087090150286,1.3805581183160331,0.02002002002002002,0.042732481316102994,1.0
prerank,Positive Regulation Of mRNA Catabolic Process (GO:0061014),0.5847879261067721,1.380636260527329,0.005,0.04274667603462637,1.0
prerank,Positive Regulation Of Ras Protein Signal Transduction (GO:0046579),0.5806592946105701,1.3802289122656135,0.005,0.04287738284420933,1.0
prerank,Regulation Of Transmembrane Receptor Protein Serine/Threonine Kinase Signaling Pathway (GO:0090092),0.6074256472462475,1.3800735607861871,0.017,0.04290974082451748,1.0
prerank,Cell-Matrix Adhesion (GO:0007160),0.5554102436509673,1.3798297609665673,0.0,0.042985311955192125,1.0
prerank,Response To Hydrogen Peroxide (GO:0042542),0.5793371376194745,1.379489299545108,0.013,0.0431372117344035,1.0
prerank,Positive Regulation Of Production Of Molecular Mediator Of Immune Response (GO:0002702),0.5940999756778953,1.3790360583480683,0.01,0.043382905186974116,1.0
prerank,RNA Metabolic Process (GO:0016070),0.5563495028857848,1.3789093741030944,0.0,0.04340792365619362,1.0
prerank,Regulation Of Ossification (GO:0030278),0.5926900725801632,1.378231554138598,0.007,0.04374006730104573,1.0
prerank,Regulation Of Lipid Biosynthetic Process (GO:0046890),0.6006268552847593,1.3779839121136417,0.016016016016016016,0.043831964834844486,1.0
prerank,Heart Development (GO:0007507),0.5462522897796431,1.377445627916137,0.0,0.043848419365411236,1.0
prerank,Central Nervous System Development (GO:0007417),0.5368952061661437,1.3776287369814089,0.0,0.04385248238309149,1.0
prerank,Negative Regulation Of Transferase Activity (GO:0051348),0.5861455702218367,1.3774853073354696,0.0070140280561122245,0.04388447697880879,1.0
prerank,Positive Regulation Of Epithelial Cell Apoptotic Process (GO:1904037),0.6118749414774437,1.3776377670182185,0.025025025025025027,0.04389522442113657,1.0
prerank,Protein Localization To Cell Surface (GO:0034394),0.6110748993651965,1.377276956049657,0.02404809619238477,0.0438967775791204,1.0
prerank,Notch Signaling Pathway (GO:0007219),0.5870419603309455,1.3777727166687614,0.004,0.04390271167370608,1.0
prerank,Regulation Of Cytokine-Mediated Signaling Pathway (GO:0001959),0.5842708311174228,1.3776728183705946,0.005,0.04391603430596103,1.0
prerank,Regulation Of Smooth Muscle Cell Migration (GO:0014910),0.6232459573215611,1.3765099944175725,0.03714859437751004,0.044079254457805236,1.0
prerank,Regulation Of Macrophage Chemotaxis (GO:0010758),0.6203229475425107,1.376843179607523,0.035140562248995984,0.0440894492351659,1.0
prerank,Negative Regulation Of Intrinsic Apoptotic Signaling Pathway (GO:2001243),0.5705627770394422,1.3766687635660009,0.001,0.04409471183321356,1.0
prerank,mRNA Transcription By RNA Polymerase II (GO:0042789),0.5902697320207305,1.376761229324661,0.003,0.04409481563386085,1.0
prerank,Positive Regulation Of Protein-Containing Complex Assembly (GO:0031334),0.5558196699727057,1.376568131330284,0.0,0.044110965848271406,1.0
prerank,Positive Regulation Of Leukocyte Adhesion To Vascular Endothelial Cell (GO:1904996),0.6339518491811086,1.3763528031452785,0.028311425682507583,0.044112900042727755,1.0
prerank,Positive Regulation Of Receptor-Mediated Endocytosis (GO:0048260),0.5798958336272522,1.3762119615469326,0.005,0.044137776885421996,1.0
prerank,rRNA Catabolic Process (GO:0016075),0.6217833740906099,1.3761007921802255,0.03614457831325301,0.044148484699706184,1.0
prerank,Cytoskeleton-Dependent Intracellular Transport (GO:0030705),0.6183605019967884,1.3757276327232115,0.028,0.044325111885199366,1.0
prerank,Regulation Of Macrophage Derived Foam Cell Differentiation (GO:0010743),0.5965688961419002,1.3754887838710326,0.011011011011011011,0.044400598558609165,1.0
prerank,Regulation Of Anatomical Structure Morphogenesis (GO:0022603),0.5508507040050186,1.3750573173950411,0.0,0.04460146220822638,1.0
prerank,Positive Regulation Of Cellular Metabolic Process (GO:0031325),0.5745461949522039,1.3741377273081334,0.003,0.045035403661157526,1.0
prerank,Positive Regulation Of Hydrolase Activity (GO:0051345),0.544064528189901,1.3737673581574215,0.0,0.045175753055695954,1.0
prerank,Negative Regulation Of MAP Kinase Activity (GO:0043407),0.5723550645059818,1.3734826758674652,0.005,0.045270492477084465,1.0
prerank,Toll-Like Receptor Signaling Pathway (GO:0002224),0.5898435910686909,1.3728252432167898,0.012,0.045609638310199346,1.0
prerank,Cardiac Atrium Morphogenesis (GO:0003209),0.6227706954839415,1.372743343637373,0.030364372469635626,0.04561759314504428,1.0
prerank,"G Protein-Coupled Receptor Signaling Pathway, Coupled To Cyclic Nucleotide Second Messenger (GO:0007187)",0.5744305821765613,1.3723482405210117,0.003003003003003003,0.045784669696462825,1.0
prerank,Neuron Differentiation (GO:0030182),0.5439421093933524,1.3717662811588727,0.0,0.046072761462037745,1.0
prerank,Spindle Assembly (GO:0051225),0.561991947406297,1.3710839724463046,0.001,0.046336979224588196,1.0
prerank,Regulation Of Cell Communication (GO:0010646),0.5748256286061644,1.3711229805958178,0.007,0.04636092040806523,1.0
prerank,Negative Regulation Of Proteolysis (GO:0045861),0.5808469994701697,1.3709232218811247,0.006,0.046387955110168314,1.0
prerank,Odontogenesis (GO:0042476),0.587124085445589,1.3708287252601556,0.004,0.04639501891868431,1.0
prerank,post-Golgi Vesicle-Mediated Transport (GO:0006892),0.5746926751531035,1.3711375349144619,0.004,0.0464020802457561,1.0
prerank,Cell-Cell Signaling By Wnt (GO:0198738),0.6120908663309373,1.3701049481464092,0.02208835341365462,0.04673212711890966,1.0
prerank,Regulation Of Monocyte Differentiation (GO:0045655),0.6372648974506857,1.3701800253541603,0.037298387096774195,0.04673931214422241,1.0
prerank,Positive Regulation Of DNA-binding Transcription Factor Activity (GO:0051091),0.5369665613505538,1.3696870329219024,0.0,0.046882695551215194,1.0
prerank,Positive Regulation Of Metabolic Process (GO:0009893),0.5554767669748297,1.369727915206412,0.001,0.04691664953007664,1.0
prerank,Regulation Of Cellular Component Organization (GO:0051128),0.5409952671758448,1.369169232694204,0.0,0.047148493118245094,1.0
prerank,Regulation Of Apoptotic Signaling Pathway (GO:2001233),0.5807228392934803,1.368885623796372,0.004,0.04726510729935456,1.0
prerank,Cellular Nitrogen Compound Biosynthetic Process (GO:0044271),0.5936679832637888,1.3687759801362536,0.018018018018018018,0.04728709508512561,1.0
prerank,Endothelial Cell Development (GO:0001885),0.6147649817565961,1.3683645174073276,0.03219315895372234,0.04742254654807528,1.0
prerank,Membrane Fusion (GO:0061025),0.5989691670938877,1.368394433254257,0.018036072144288578,0.04745050704901457,1.0
prerank,Heterochromatin Organization (GO:0070828),0.5883861781522565,1.3684247437683847,0.011,0.047484882682117,1.0
prerank,Regulation Of Wnt Signaling Pathway (GO:0030111),0.5530647813436096,1.3680236963782317,0.0,0.04757521422893698,1.0
prerank,Regulation Of Exosomal Secretion (GO:1903541),0.6200112449867631,1.3679287712660335,0.04321608040201005,0.047586210468865575,1.0
prerank,Regulation Of BMP Signaling Pathway (GO:0030510),0.5609319157793513,1.3670754651192336,0.001,0.047916640130614446,1.0
prerank,Vesicle-Mediated Transport (GO:0016192),0.5269812971176191,1.3672681715736323,0.0,0.04793437854728414,1.0
prerank,Aerobic Respiration (GO:0009060),0.5660385854763814,1.36712911055465,0.004,0.04794076306864611,1.0
prerank,B Cell Receptor Signaling Pathway (GO:0050853),0.5849298169491963,1.3669637653625364,0.009,0.04795349187279003,1.0
prerank,Plasma Membrane Invagination (GO:0099024),0.5997246587395266,1.3667607927436694,0.01701701701701702,0.04801859768992493,1.0
prerank,Regulation Of Microtubule Polymerization Or Depolymerization (GO:0031110),0.6061441832888588,1.3661643416977962,0.02,0.04833933067122225,1.0
prerank,Negative Regulation Of Growth (GO:0045926),0.5468678691942832,1.3660529975248945,0.0,0.048382953839526656,1.0
prerank,Regulation Of Intrinsic Apoptotic Signaling Pathway (GO:2001242),0.5757273824836919,1.3657785027326044,0.006,0.04849238492953057,1.0
prerank,Positive Regulation Of Nervous System Development (GO:0051962),0.5695566483364828,1.3656595442712267,0.006,0.048514858484673684,1.0
prerank,Mitochondrial Membrane Organization (GO:0007006),0.6018061080879781,1.3654740363834208,0.016016016016016016,0.04858112619348133,1.0
prerank,Regulation Of Microtubule-Based Process (GO:0032886),0.5800468534795966,1.3652695965683588,0.008,0.04866706788542014,1.0
prerank,Platelet-Derived Growth Factor Receptor Signaling Pathway (GO:0048008),0.6325389395946066,1.3651006257318405,0.045454545454545456,0.04873095566429195,1.0
prerank,Regulation Of Mitotic Cell Cycle (GO:0007346),0.5473490650635175,1.3647394131400825,0.0,0.04892374196083796,1.0
prerank,Positive Regulation Of ERK1 And ERK2 Cascade (GO:0070374),0.5399797920606141,1.3640746749557566,0.0,0.04917293950922568,1.0
prerank,Regulation Of Dendritic Spine Development (GO:0060998),0.6162365034965138,1.364252353032526,0.035211267605633804,0.04917329966612417,1.0
prerank,Positive Regulation Of Ubiquitin-Dependent Protein Catabolic Process (GO:2000060),0.5579929977715435,1.3641331855647105,0.0,0.04918973404591157,1.0
prerank,T Cell Differentiation (GO:0030217),0.5715977586326912,1.3636500650075318,0.009,0.0493924477828592,1.0
prerank,Protein Sumoylation (GO:0016925),0.5771428190165047,1.3633560033805152,0.005,0.04954007344801577,1.0
prerank,Cyclic-Nucleotide-Mediated Signaling (GO:0019935),0.5861047445011889,1.3631975898806048,0.011,0.04958708415406956,1.0
prerank,Regulation Of Neutrophil Chemotaxis (GO:0090022),0.6079642934811893,1.3625627336873394,0.018018018018018018,0.04992325218181124,1.0
prerank,Embryo Development Ending In Birth Or Egg Hatching (GO:0009792),0.633981247865964,1.3624274303812884,0.03621730382293763,0.04996461049369991,1.0
prerank,Positive Regulation Of Cysteine-Type Endopeptidase Activity Involved In Apoptotic Process (GO:0043280),0.5474784675028569,1.3623023184491987,0.0,0.049989388784986384,1.0
prerank,Negative Regulation Of Cellular Biosynthetic Process (GO:0031327),0.5409492469338555,1.3618247375342039,0.0,0.05018591086811009,1.0
prerank,Regulation Of Cell Cycle (GO:0051726),0.5298279894937162,1.3618563220132003,0.0,0.050221117878931694,1.0
prerank,Cellular Response To Ionizing Radiation (GO:0071479),0.5670962610665488,1.3612595469892939,0.003,0.05049918110956896,1.0
prerank,Sister Chromatid Segregation (GO:0000819),0.5919274430140758,1.3610326355533051,0.017,0.050509940820834084,1.0
prerank,JNK Cascade (GO:0007254),0.5954294800094708,1.3610894053333418,0.017,0.05052072049511099,1.0
prerank,Regulation Of Cell Cycle Phase Transition (GO:1901987),0.601997562323038,1.3608443705793447,0.02108433734939759,0.0505262796875834,1.0
prerank,"Negative Regulation Of Gene Expression, Epigenetic (GO:0045814)",0.5732470314661577,1.3608986634890394,0.009,0.050538077553752024,1.0
prerank,Regulation Of Microtubule Cytoskeleton Organization (GO:0070507),0.582351587704149,1.3611038166742557,0.01,0.050566429690937456,1.0
prerank,Negative Regulation Of mRNA Catabolic Process (GO:1902373),0.5854686607643131,1.3587943930232125,0.014,0.051779279089107136,1.0
prerank,Positive Regulation Of Myeloid Leukocyte Differentiation (GO:0002763),0.5789754258506326,1.3588499431189758,0.009,0.05180152572882976,1.0
prerank,Regulation Of Calcium Ion Transport (GO:0051924),0.5660840815128438,1.3577306341790416,0.002,0.052464514917819026,1.0
prerank,Positive Regulation Of MAPK Cascade (GO:0043410),0.5292624728894515,1.3575397695360054,0.0,0.052546525795380154,1.0
prerank,Vesicle Transport Along Microtubule (GO:0047496),0.6053916855610808,1.3573066271062542,0.03303303303303303,0.0526751650558567,1.0
prerank,Regulation Of Necroptotic Process (GO:0060544),0.6144102042395895,1.357112819766156,0.04032258064516129,0.05275273015320111,1.0
prerank,Negative Regulation Of Protein Ubiquitination (GO:0031397),0.5665635120487341,1.3567716931349598,0.006,0.05287899095492375,1.0
prerank,Determination Of Heart Left/Right Asymmetry (GO:0061371),0.5758505185618775,1.3568117219678606,0.007,0.052901203318572745,1.0
prerank,Regulation Of Bone Mineralization (GO:0030500),0.5682641824541466,1.3565608849492496,0.003,0.052949021625812984,1.0
prerank,Anterograde Axonal Transport (GO:0008089),0.5746663626896763,1.3562730531112133,0.01,0.052974427508405406,1.0
prerank,Metal Ion Transport (GO:0030001),0.5352558823765406,1.3563337572677892,0.0,0.052992602067462695,1.0
prerank,Positive Regulation Of Endocytosis (GO:0045807),0.551231251538866,1.3563459178786197,0.001,0.053038141187287884,1.0
prerank,Positive Regulation Of Programmed Cell Death (GO:0043068),0.52967288070244,1.3559585159602812,0.0,0.05316012290801859,1.0
prerank,Negative Chemotaxis (GO:0050919),0.5814613811750117,1.3557789836140426,0.014,0.05320935603404092,1.0
prerank,Regulation Of Monoatomic Cation Transmembrane Transport (GO:1904062),0.5798629323441898,1.355191941744353,0.009,0.05340972765569475,1.0
prerank,Activation Of Adenylate Cyclase Activity (GO:0007190),0.6093480130429358,1.3553503878994657,0.04008016032064128,0.05341961692174643,1.0
prerank,protein-DNA Complex Assembly (GO:0065004),0.5788619597227194,1.3551009850543019,0.01,0.05343040017114243,1.0
prerank,Regulation Of Cytokinesis (GO:0032465),0.5530416212844466,1.3551957054585195,0.002,0.053462453745931844,1.0
prerank,Positive Regulation Of Heart Rate (GO:0010460),0.6201212145493827,1.3545756856974709,0.05226130653266332,0.053712814992041155,1.0
prerank,Response To Unfolded Protein (GO:0006986),0.5723564970144663,1.354335448782373,0.01,0.05383434417842562,1.0
prerank,Cardiac Conduction (GO:0061337),0.5726563230146435,1.3539054750509547,0.005,0.05383915636601658,1.0
prerank,Semaphorin-Plexin Signaling Pathway (GO:0071526),0.5829602683375305,1.3539806994286085,0.015,0.05385097214450472,1.0
prerank,Protein Tetramerization (GO:0051262),0.557168041996357,1.3539993819353577,0.0,0.05389278137989357,1.0
prerank,Regulation Of Nitric-Oxide Synthase Activity (GO:0050999),0.5878616584439672,1.3540734289565115,0.023069207622868605,0.0539106743787127,1.0
prerank,Import Into Nucleus (GO:0051170),0.5559566690787447,1.3540982173151925,0.001,0.05395062508836076,1.0
prerank,Establishment Of Skin Barrier (GO:0061436),0.6131188768804815,1.3534273313658438,0.03112449799196787,0.054040469614648014,1.0
prerank,Regulation Of Mitochondrial Membrane Permeability (GO:0046902),0.6160377015493448,1.3534519675797199,0.04308617234468938,0.054076366605020784,1.0
prerank,Regulation Of Platelet Activation (GO:0010543),0.5929702734270055,1.3530169042428328,0.018,0.05427502009058396,1.0
prerank,Regulation Of Transforming Growth Factor Beta Receptor Signaling Pathway (GO:0017015),0.5474070326639081,1.3524395410727361,0.0,0.054605429864603504,1.0
prerank,rRNA Metabolic Process (GO:0016072),0.5459586466598874,1.3521649589891247,0.0,0.054691443696550955,1.0
prerank,Second-Messenger-Mediated Signaling (GO:0019932),0.5570819787921671,1.3522277236309264,0.0,0.0547010584936696,1.0
prerank,Regulation Of Actin Filament Bundle Assembly (GO:0032231),0.5989976003555978,1.352004720604901,0.01701701701701702,0.0547382832413288,1.0
prerank,Positive Regulation Of Cellular Response To Transforming Growth Factor Beta Stimulus (GO:1903846),0.60412712130035,1.3510830797495315,0.03803803803803804,0.055118010281651884,1.0
prerank,Positive Regulation Of Transforming Growth Factor Beta Receptor Signaling Pathway (GO:0030511),0.60412712130035,1.3510830797495315,0.03803803803803804,0.055118010281651884,1.0
prerank,Protein Import Into Nucleus (GO:0006606),0.5517526614171766,1.3512697747814189,0.0,0.0551440784027221,1.0
prerank,Spliceosomal snRNP Assembly (GO:0000387),0.5806520335206796,1.3511155088221378,0.015,0.05519927133865061,1.0
prerank,Platelet Aggregation (GO:0070527),0.5787711684618999,1.3503733898561616,0.016,0.055523802566428575,1.0
prerank,Regulation Of JNK Cascade (GO:0046328),0.5431627321206748,1.3501801296008538,0.0,0.055543420662426554,1.0
prerank,Microtubule Polymerization (GO:0046785),0.5787870219380152,1.3502451630386942,0.019,0.05556265652669983,1.0
prerank,Regulation Of Mitochondrial Membrane Potential (GO:0051881),0.5817722766714067,1.3499462703206682,0.015015015015015015,0.05558749545775382,1.0
prerank,Cellular Response To Organic Substance (GO:0071310),0.5494609119926424,1.3499510912259876,0.001,0.05563915313317394,1.0
prerank,Heterotypic Cell-Cell Adhesion (GO:0034113),0.5829681113227507,1.3494902368525141,0.021,0.055840839191076325,1.0
prerank,Peptidyl-Tyrosine Dephosphorylation (GO:0035335),0.5904708474413014,1.3490240323582596,0.01701701701701702,0.05598793162676896,1.0
prerank,Positive Regulation Of Activated T Cell Proliferation (GO:0042104),0.6165361359594694,1.3490294327501664,0.03413654618473896,0.05603977893571877,1.0
prerank,Positive Regulation Of Muscle Cell Differentiation (GO:0051149),0.625430229132742,1.3485890388879307,0.06357214934409687,0.056048346958861496,1.0
prerank,Positive Regulation Of Notch Signaling Pathway (GO:0045747),0.5856320059778055,1.3490666734933587,0.024,0.056066262730131204,1.0
prerank,Regulation Of Trans-Synaptic Signaling (GO:0099177),0.5751271585003833,1.3486422426484221,0.015,0.05606886212295323,1.0
prerank,Purine Ribonucleotide Biosynthetic Process (GO:0009152),0.5683769565026129,1.3486549474682274,0.006,0.05611478301708275,1.0
prerank,Positive Regulation Of Nitric-Oxide Synthase Activity (GO:0051000),0.619413190291126,1.3487226704011102,0.04044489383215369,0.05611587199678579,1.0
prerank,Negative Regulation Of Protein Kinase B Signaling (GO:0051898),0.5776118469986388,1.3480893452768907,0.014,0.056323589765756826,1.0
prerank,Response To Cholesterol (GO:0070723),0.6133266574174855,1.3479046642786583,0.04627766599597585,0.05638741452120565,1.0
prerank,Proteasome-Mediated Ubiquitin-Dependent Protein Catabolic Process (GO:0043161),0.5226129528633314,1.347822155860876,0.0,0.056389950665982416,1.0
prerank,Chaperone-Mediated Protein Complex Assembly (GO:0051131),0.6062689862201583,1.3477061876691845,0.030120481927710843,0.05641673004714227,1.0
prerank,Iron Ion Transport (GO:0006826),0.5921924666086068,1.347422301137518,0.02902902902902903,0.056516599587578216,1.0
prerank,Protein Polymerization (GO:0051258),0.559251061146051,1.347423821145542,0.003,0.0565713637344654,1.0
prerank,Positive Regulation Of Chemotaxis (GO:0050921),0.5693621961448732,1.3470855365705874,0.012,0.05670758785281792,1.0
prerank,Negative Regulation Of Protein Modification Process (GO:0031400),0.5503534594004423,1.3465705053604562,0.002,0.05704506607495885,1.0
prerank,Regulation Of Peptide Hormone Secretion (GO:0090276),0.5667661855896116,1.3463190440246966,0.01,0.05712694521275474,1.0
prerank,Regulation Of Heart Rate By Cardiac Conduction (GO:0086091),0.5739871434471985,1.3463894811033494,0.008,0.05712996381446477,1.0
prerank,Positive Regulation Of calcineurin-NFAT Signaling Cascade (GO:0070886),0.6195982718877993,1.346026320790164,0.05025125628140704,0.057211396501974,1.0
prerank,Positive Regulation Of Calcineurin-Mediated Signaling (GO:0106058),0.6195982718877993,1.346026320790164,0.05025125628140704,0.057211396501974,1.0
prerank,Peptide Hormone Secretion (GO:0030072),0.5980512048544094,1.3457362778972057,0.031,0.057347730541918496,1.0
prerank,Nucleosome Organization (GO:0034728),0.5615847032293085,1.3452065904968218,0.006,0.05766439714325025,1.0
prerank,Positive Regulation Of Supramolecular Fiber Organization (GO:1902905),0.5473033563276599,1.3444504015099903,0.0,0.058087856243389656,1.0
prerank,mRNA Polyadenylation (GO:0006378),0.5990147038633888,1.3443814453865621,0.02902902902902903,0.058088729602966176,1.0
prerank,Regulation Of Protein Sumoylation (GO:0033233),0.610397453815239,1.3442772257649807,0.05321285140562249,0.05809534288315605,1.0
prerank,Microtubule Polymerization Or Depolymerization (GO:0031109),0.5881077179023841,1.344519218912127,0.034,0.05810329588822891,1.0
prerank,Glutamate Metabolic Process (GO:0006536),0.6113584862425131,1.3440493639132474,0.05717151454363089,0.058232917870767106,1.0
prerank,Negative Regulation Of Protein Localization To Plasma Membrane (GO:1903077),0.6050380942951605,1.3439356685722,0.04120603015075377,0.0582632584042257,1.0
prerank,Regulation Of Gluconeogenesis (GO:0006111),0.5884225984308908,1.3434789318860458,0.029,0.058511096973770146,1.0
prerank,Negative Regulation Of Cellular Response To Growth Factor Stimulus (GO:0090288),0.546801822590581,1.343176762785417,0.005,0.058520559082468,1.0
prerank,Positive Regulation Of Apoptotic Process (GO:0043065),0.5242720147440344,1.343326052593011,0.0,0.05852059891565127,1.0
prerank,Synapse Assembly (GO:0007416),0.5498908256437893,1.3433461882448596,0.001,0.058554460438849695,1.0
prerank,Regulation Of Macromolecule Metabolic Process (GO:0060255),0.5313459993089129,1.343186186674547,0.0,0.05856862816658055,1.0
prerank,Regulation Of Insulin Secretion Involved In Cellular Response To Glucose Stimulus (GO:0061178),0.5897928287613694,1.3426197250474003,0.031093279839518557,0.05883250315031776,1.0
prerank,Positive Regulation Of DNA Metabolic Process (GO:0051054),0.5408596555066358,1.3421527510437894,0.0,0.05912013627211797,1.0
prerank,Positive Regulation Of Cell Development (GO:0010720),0.5782962198101429,1.3417027478129901,0.017,0.05934623245695073,1.0
prerank,Vesicle Organization (GO:0016050),0.5414159914096691,1.341747805261654,0.0,0.059368361793345224,1.0
prerank,Positive Regulation Of NIK/NF-kappaB Signaling (GO:1901224),0.5633290771039623,1.3406277305870402,0.004,0.06001097968778597,1.0
prerank,Regulation Of Proteolysis Involved In Protein Catabolic Process (GO:1903050),0.5973609664100035,1.3405364183823925,0.04714142427281846,0.06002135607255815,1.0
prerank,Negative Regulation Of Cellular Metabolic Process (GO:0031324),0.5627970018013264,1.340663236257978,0.011,0.06004315673293945,1.0
prerank,Negative Regulation Of Striated Muscle Cell Differentiation (GO:0051154),0.6179765806018919,1.3404254906435698,0.055499495459132187,0.060063788157208794,1.0
prerank,Positive Regulation Of Apoptotic Signaling Pathway (GO:2001235),0.5545250858635065,1.3400132517817653,0.0,0.06029087052649176,1.0
prerank,Regulation Of Calcium Ion Import (GO:0090279),0.5993157052362782,1.339887124542891,0.03819095477386935,0.06031413664332352,1.0
prerank,Negative Regulation Of Protein Localization To Nucleus (GO:1900181),0.5960889816325562,1.3396777769035213,0.04321608040201005,0.060416380145299334,1.0
prerank,Regulation Of Calcium Ion Transmembrane Transport (GO:1903169),0.6017441999188486,1.3391757653835137,0.039235412474849095,0.06074775338340415,1.0
prerank,Regulation Of Meiotic Cell Cycle (GO:0051445),0.6006415070165163,1.3386973802078548,0.03811434302908726,0.061028739366713346,1.0
prerank,Positive Regulation Of Actin Filament Polymerization (GO:0030838),0.5793371280082283,1.3385127576805804,0.017,0.06109813002828574,1.0
prerank,Negative Regulation Of Secretion By Cell (GO:1903531),0.5683781705579192,1.3378102050594156,0.008008008008008008,0.06135350430719419,1.0
prerank,Homotypic Cell-Cell Adhesion (GO:0034109),0.5631561098380791,1.337866892411992,0.008,0.06135944247215309,1.0
prerank,Positive Regulation Of Viral Genome Replication (GO:0045070),0.5804728466029809,1.3378809022443454,0.02702702702702703,0.06141122870106985,1.0
prerank,Regulation Of Centriole Replication (GO:0046599),0.6073020974652782,1.337924877766475,0.05220883534136546,0.06143314954210006,1.0
prerank,Positive Regulation Of Cold-Induced Thermogenesis (GO:0120162),0.5451328092126486,1.3379541813206894,0.002,0.061464483486487594,1.0
prerank,Leukocyte Adhesion To Vascular Endothelial Cell (GO:0061756),0.6003290542227451,1.3372571660624608,0.04809619238476954,0.06151635706480974,1.0
prerank,Negative Regulation Of Proteasomal Protein Catabolic Process (GO:1901799),0.5741477541361453,1.3373155792993399,0.017,0.06152055864745494,1.0
prerank,Negative Regulation Of G Protein-Coupled Receptor Signaling Pathway (GO:0045744),0.5998154160643696,1.337162151461877,0.04613841524573721,0.0615353757720121,1.0
prerank,Negative Regulation Of Protein Localization To Cell Periphery (GO:1904376),0.6010185361341867,1.3373597426766923,0.047283702213279676,0.06154152772958402,1.0
prerank,Positive Regulation Of Smooth Muscle Cell Migration (GO:0014911),0.6196983670468035,1.3373849518843564,0.05639476334340383,0.06157744726979752,1.0
prerank,Golgi To Plasma Membrane Transport (GO:0006893),0.5674181701029444,1.3374498082675073,0.01,0.06158544891848099,1.0
prerank,Positive Regulation Of Myeloid Leukocyte Cytokine Production Involved In Immune Response (GO:0061081),0.614453024368579,1.3369300836626068,0.05757575757575758,0.06164434009768169,1.0
prerank,Positive Regulation Of B Cell Activation (GO:0050871),0.5648999129105432,1.3367564249735857,0.007,0.0617076903059348,1.0
prerank,Regulation Of Interleukin-1 Production (GO:0032652),0.6247738097646169,1.3364003534836062,0.0433031218529708,0.06186086595240502,1.0
prerank,Regulation Of mRNA Stability (GO:0043488),0.5495507134705613,1.3364520783641831,0.002,0.061878329957656394,1.0
prerank,Postsynaptic Membrane Organization (GO:0001941),0.6025509296959833,1.3361032193733204,0.047379032258064516,0.062026427577555436,1.0
prerank,Leukocyte Tethering Or Rolling (GO:0050901),0.6049096701185064,1.3356797452063423,0.06224899598393574,0.06206678242940436,1.0
prerank,Regulation Of Vascular Endothelial Growth Factor Signaling Pathway (GO:1900746),0.6051345614350984,1.3357394476421853,0.04225352112676056,0.06208157714420034,1.0
prerank,Regulation Of Phosphatidylinositol 3-Kinase Activity (GO:0043551),0.5736097205757587,1.3357573083039158,0.019,0.062129578653457466,1.0
prerank,Maintenance Of Protein Location In Nucleus (GO:0051457),0.6135212122411431,1.335767519473444,0.044221105527638194,0.06217951373369112,1.0
prerank,Plasma Membrane Bounded Cell Projection Organization (GO:0120036),0.5354155224100917,1.3358161022090802,0.0,0.06219076010094193,1.0
prerank,Regulation Of Cell Development (GO:0060284),0.5571976173838904,1.3353853938231175,0.007,0.0622385946661837,1.0
prerank,Release Of Cytochrome C From Mitochondria (GO:0001836),0.6103542678477222,1.3348830781636218,0.055165496489468405,0.06258180749621413,1.0
prerank,Negative Regulation Of Supramolecular Fiber Organization (GO:1902904),0.5503395713380774,1.3346254047075041,0.007,0.06270053871899202,1.0
prerank,Negative Regulation Of Blood Vessel Morphogenesis (GO:2000181),0.5452410603802345,1.334359607283577,0.003,0.0627516795333454,1.0
prerank,B Cell Activation (GO:0042113),0.5429112696980497,1.3344253288131085,0.001,0.06275603120903414,1.0
prerank,Positive Regulation Of Translational Initiation (GO:0045948),0.6043392491714589,1.3344877480101374,0.036036036036036036,0.06276405720112202,1.0
prerank,Glycolytic Process (GO:0006096),0.578528382201938,1.3341545410517783,0.02905811623246493,0.06284148515311697,1.0
prerank,Regulation Of Catabolic Process (GO:0009894),0.6028440627088778,1.3338708248434807,0.04312938816449348,0.06289478875627642,1.0
prerank,Positive Regulation Of Proteolysis Involved In Protein Catabolic Process (GO:1903052),0.5781454781069185,1.3337683639197753,0.028056112224448898,0.06290672386757455,1.0
prerank,Cellular Response To Chemical Stress (GO:0062197),0.5419067454219382,1.3339266219347778,0.0,0.06291567838251312,1.0
prerank,Rho Protein Signal Transduction (GO:0007266),0.5582359351114486,1.3339345307166792,0.014,0.06297039591356558,1.0
prerank,Mitotic Spindle Organization (GO:0007052),0.5431699297562872,1.33343031651877,0.001,0.06301960119535291,1.0
prerank,Detection Of Visible Light (GO:0009584),0.613475268718497,1.3334700449457015,0.0572289156626506,0.06303143747098408,1.0
prerank,Regulation Of Interferon-Alpha Production (GO:0032647),0.5872310983842732,1.3334747148602037,0.047,0.0630833314416036,1.0
prerank,Regulation Of Autophagy (GO:0010506),0.5230404673945742,1.3327831897009321,0.0,0.06344517032923315,1.0
prerank,Regulation Of Filopodium Assembly (GO:0051489),0.5618611422098211,1.332661008729294,0.016,0.06347831105967096,1.0
prerank,Positive Regulation Of Fat Cell Differentiation (GO:0045600),0.557243300554743,1.3323838032390312,0.009,0.06363367362266494,1.0
prerank,Mitotic Spindle Assembly (GO:0090307),0.5645807176377786,1.332287128935358,0.017,0.06364667439665499,1.0
prerank,Potassium Ion Import Across Plasma Membrane (GO:1990573),0.5620911021977318,1.3320678453136932,0.014,0.06375277948921124,1.0
prerank,Regulation Of Cold-Induced Thermogenesis (GO:0120161),0.5323038488378342,1.3319099050675882,0.0,0.06382617275453545,1.0
prerank,Positive Regulation Of Rho Protein Signal Transduction (GO:0035025),0.579271622618855,1.331418623258042,0.026,0.06393756345643903,1.0
prerank,Tube Closure (GO:0060606),0.5817140020948284,1.3314457511836182,0.035,0.06397531115791155,1.0
prerank,Telomere Organization (GO:0032200),0.5524557182958166,1.3316366857665067,0.006,0.06398336805212619,1.0
prerank,ncRNA-mediated Post-Transcriptional Gene Silencing (GO:0035194),0.6123670113355054,1.3314848438117461,0.05917753259779338,0.06400141523228738,1.0
prerank,Activation Of Protein Kinase Activity (GO:0032147),0.5419955285514978,1.3315152739840102,0.002,0.0640329766302961,1.0
prerank,Response To Lipid (GO:0033993),0.5349823431927239,1.330968151710602,0.0,0.06420536242325961,1.0
prerank,Positive Regulation Of Developmental Growth (GO:0048639),0.5599060903093808,1.330892894134627,0.01,0.06421056369325803,1.0
prerank,Regulation Of Protein Secretion (GO:0050708),0.5386034361675373,1.3306399097496175,0.001,0.06436463365816546,1.0
prerank,Protein-Containing Complex Assembly (GO:0065003),0.5179302265105253,1.3304698312485665,0.0,0.06439441857688268,1.0
prerank,Regulation Of Synapse Assembly (GO:0051963),0.5494993245537552,1.3305340586176833,0.008,0.06440104470847378,1.0
prerank,Nucleotide Biosynthetic Process (GO:0009165),0.6018159729413439,1.3303757767740527,0.05220883534136546,0.06440211548252192,1.0
prerank,Nuclear Migration (GO:0007097),0.6092489877461084,1.3302193744686999,0.06519558676028084,0.064478609654569,1.0
prerank,Cellular Component Assembly (GO:0022607),0.5209619837696635,1.3298597368891851,0.0,0.06450005565466496,1.0
prerank,Positive Regulation Of NF-kappaB Transcription Factor Activity (GO:0051092),0.5281855465216444,1.3297955441970404,0.0,0.06450050009572077,1.0
prerank,Positive Regulation Of Protein Secretion (GO:0050714),0.5448184786733345,1.3299046868387125,0.001,0.06452456570736895,1.0
prerank,Regulation Of AMPA Receptor Activity (GO:2000311),0.5834947030931171,1.3299844087137043,0.036036036036036036,0.06452860221772228,1.0
prerank,Positive Regulation Of Interferon-Alpha Production (GO:0032727),0.5970873784635402,1.330011916933274,0.05110220440881764,0.06456836000613057,1.0
prerank,Negative Regulation Of Immune Response (GO:0050777),0.5472054690657212,1.3295889700038508,0.006,0.06459338763274111,1.0
prerank,Regulation Of Cell Growth (GO:0001558),0.5227201261507398,1.329276656893037,0.0,0.06469171218920931,1.0
prerank,Negative Regulation Of Inflammatory Response (GO:0050728),0.5365109390790025,1.3290326758058806,0.001,0.06470314901501178,1.0
prerank,Regulation Of Reactive Oxygen Species Metabolic Process (GO:2000377),0.5523948589667025,1.328925953118655,0.006,0.06472109449475254,1.0
prerank,Endothelial Cell Migration (GO:0043542),0.5689169628491368,1.3292991944497834,0.015,0.06472962679406609,1.0
prerank,Regulation Of Chemotaxis (GO:0050920),0.5825349067601859,1.3290734325059985,0.023023023023023025,0.06473034419160548,1.0
prerank,Positive Regulation Of Protein Modification By Small Protein Conjugation Or Removal (GO:1903322),0.5445599173663366,1.329077894917915,0.005,0.06478595620957672,1.0
prerank,Regulation Of Insulin Secretion (GO:0050796),0.5414071042972601,1.3283305525471485,0.0,0.06507286379916717,1.0
prerank,Positive Regulation Of DNA Repair (GO:0045739),0.5369081845594815,1.3283823588757553,0.001,0.06509501318556145,1.0
prerank,Regulation Of Protein Export From Nucleus (GO:0046825),0.5933296535964876,1.328173456423738,0.03206412825651302,0.06514246368139286,1.0
prerank,Blood Vessel Morphogenesis (GO:0048514),0.5525961914248768,1.3276956821784656,0.006,0.06544453863470327,1.0
prerank,miRNA-mediated Gene Silencing (GO:0035195),0.5907416919861431,1.3275034054011599,0.032,0.0655374562654506,1.0
prerank,Protein Localization To Chromatin (GO:0071168),0.5879269912364434,1.3274223095536926,0.04504504504504504,0.06554401924066265,1.0
prerank,Embryonic Limb Morphogenesis (GO:0030326),0.5742892667783177,1.327333307747266,0.024,0.06554617703507461,1.0
prerank,Negative Regulation Of Translation (GO:0017148),0.5342407345843242,1.3271817350395987,0.0,0.0655922289316922,1.0
prerank,Glycosphingolipid Biosynthetic Process (GO:0006688),0.6037613832447929,1.3269694184917176,0.062311557788944726,0.06562186481735403,1.0
prerank,Positive Regulation Of Cysteine-Type Endopeptidase Activity (GO:2001056),0.5474827359798321,1.3270427053658815,0.004,0.06562241065719258,1.0
prerank,Neuromuscular Process (GO:0050905),0.5990054235782614,1.3267733318964383,0.05030181086519115,0.06565227187573447,1.0
prerank,Regulation Of Tubulin Deacetylation (GO:0090043),0.6104266890580764,1.3268098875428798,0.05241935483870968,0.06568436683811196,1.0
prerank,Cellular Response To Copper Ion (GO:0071280),0.597235332188531,1.3264957854047927,0.05215646940822467,0.06580205010707128,1.0
prerank,Activation Of Phospholipase C Activity (GO:0007202),0.5858256876502402,1.3256508316536557,0.031,0.06634340382236094,1.0
prerank,Negative Regulation Of Transmembrane Receptor Protein Serine/Threonine Kinase Signaling Pathway (GO:0090101),0.5335940197119479,1.3256704283129095,0.0,0.06638300515918356,1.0
prerank,Positive Regulation Of Glucose Metabolic Process (GO:0010907),0.6110479451912952,1.3250228872670282,0.07497467071935157,0.06667322653552481,1.0
prerank,Extrinsic Apoptotic Signaling Pathway Via Death Domain Receptors (GO:0008625),0.5836680658893485,1.3251818298981266,0.038,0.06667352928738897,1.0
prerank,Negative Regulation Of JNK Cascade (GO:0046329),0.5741776521452264,1.3250412292631017,0.022,0.06671910921069486,1.0
prerank,Cellular Response To Type II Interferon (GO:0071346),0.547440637079754,1.3247889501498495,0.006,0.06681350948887206,1.0
prerank,Positive Regulation Of Hormone Secretion (GO:0046887),0.6010155453265015,1.3240582612388432,0.05321285140562249,0.06726869091831332,1.0
prerank,Neuron Maturation (GO:0042551),0.6100356251809103,1.324072037288797,0.04229607250755287,0.06731931537120482,1.0
prerank,Calcium-Mediated Signaling Using Intracellular Calcium Source (GO:0035584),0.5985793650457861,1.3235566627430004,0.06012024048096192,0.06759976515693542,1.0
prerank,Long-Term Memory (GO:0007616),0.6012107454330194,1.3228635882759288,0.050100200400801605,0.0680775784117849,1.0
prerank,Negative Regulation Of Catalytic Activity (GO:0043086),0.5830452571915382,1.3225572950262812,0.032,0.06821585095100874,1.0
prerank,Aorta Morphogenesis (GO:0035909),0.6034533313408935,1.3225620812458894,0.05025125628140704,0.06826971752000517,1.0
prerank,Regulation Of Release Of Cytochrome C From Mitochondria (GO:0090199),0.5626114900681336,1.3223178928061174,0.014,0.06827765323234072,1.0
prerank,Negative Regulation Of Endopeptidase Activity (GO:0010951),0.5411843772138786,1.322360577168083,0.01,0.06830727973069128,1.0
prerank,Regulation Of Plasminogen Activation (GO:0010755),0.609286102897319,1.3214898524442524,0.07329317269076305,0.06875755197294302,1.0
prerank,Regulation Of Epidermal Cell Differentiation (GO:0045604),0.6075885985164378,1.321626063434759,0.05331991951710262,0.06877956731411945,1.0
prerank,Regulation Of T Cell Receptor Signaling Pathway (GO:0050856),0.5669491169657057,1.321516766573889,0.028,0.06879872238571241,1.0
prerank,Response To Ethanol (GO:0045471),0.6077996146805449,1.3212864003909275,0.07042253521126761,0.06887738088147272,1.0
prerank,Regulation Of Myelination (GO:0031641),0.5816371190945082,1.3209770669369336,0.04004004004004004,0.06888208823931158,1.0
prerank,Negative Regulation Of Receptor Signaling Pathway Via JAK-STAT (GO:0046426),0.6082735226196666,1.3211831043355078,0.0634441087613293,0.06890500083768998,1.0
prerank,Establishment Of Protein Localization To Organelle (GO:0072594),0.537482794537472,1.3208450287056341,0.002,0.06892674734892879,1.0
prerank,"Protein Localization To Chromosome, Telomeric Region (GO:0070198)",0.6137322339621017,1.3209930558959408,0.06990881458966565,0.06892748067268409,1.0
prerank,Positive Regulation Of Stem Cell Proliferation (GO:2000648),0.6171571780650257,1.321014669349589,0.05566801619433198,0.06896951469456747,1.0
prerank,Positive Regulation Of Tumor Necrosis Factor Superfamily Cytokine Production (GO:1903557),0.5396717728110558,1.3206241892236257,0.002,0.06907064445610013,1.0
prerank,Positive Regulation Of Interleukin-4 Production (GO:0032753),0.6069274021848601,1.320471266008151,0.06726907630522089,0.06907821524516931,1.0
prerank,Regulation Of Cellular Response To Stress (GO:0080135),0.5313192462441411,1.320513452372375,0.002,0.06909881275333374,1.0
prerank,Regulation Of Defense Response To Virus (GO:0050688),0.6048064729184738,1.3202521002335512,0.06754032258064516,0.06919343347966905,1.0
prerank,cAMP-mediated Signaling (GO:0019933),0.5849126716918589,1.320143231915195,0.03903903903903904,0.06923507669963735,1.0
prerank,Positive Regulation Of Cation Transmembrane Transport (GO:1904064),0.608123120738888,1.3200242510235725,0.05331991951710262,0.0692928466023,1.0
prerank,Response To Cytokine (GO:0034097),0.5243636789557731,1.3195936238938863,0.001,0.06953961405123134,1.0
prerank,Regulation Of I-kappaB kinase/NF-kappaB Signaling (GO:0043122),0.5166132823719862,1.3190264507888705,0.0,0.06993915203455073,1.0
prerank,Positive Regulation Of T Cell Proliferation (GO:0042102),0.548433217420982,1.318868677966775,0.004,0.07000042753649673,1.0
prerank,Regulation Of Actin Filament Polymerization (GO:0030833),0.5473791526313251,1.3184833153658535,0.008,0.07010644678501043,1.0
prerank,Transcription By RNA Polymerase II (GO:0006366),0.5212783887760911,1.318587346762306,0.0,0.0701559059089257,1.0
prerank,Negative Regulation Of Epithelial Cell Proliferation (GO:0050680),0.5408831399958672,1.3184907068945824,0.01,0.07016171544119457,1.0
prerank,DNA Unwinding Involved In DNA Replication (GO:0006268),0.5960532868576982,1.3178978338821423,0.04819277108433735,0.07052923501930464,1.0
prerank,Activation Of Cysteine-Type Endopeptidase Activity Involved In Apoptotic Process (GO:0006919),0.5447323104464217,1.3175719203281948,0.005,0.07073708333119919,1.0
prerank,Positive Regulation Of Extrinsic Apoptotic Signaling Pathway (GO:2001238),0.5694177300025237,1.3174842913633005,0.036,0.07074407355075121,1.0
prerank,Regulation Of Double-Strand Break Repair (GO:2000779),0.534921531337783,1.3172404601867918,0.002,0.07081798442046693,1.0
prerank,Internal Peptidyl-Lysine Acetylation (GO:0018393),0.5631815748353894,1.3172565212766998,0.025,0.07086770382613065,1.0
prerank,Positive Regulation Of Receptor Internalization (GO:0002092),0.583249422179357,1.3167886356288612,0.043043043043043044,0.0710897898408792,1.0
prerank,Regulation Of Dendrite Development (GO:0050773),0.5571060656192094,1.3168151674145765,0.019,0.07112615267544484,1.0
prerank,Response To Estrogen (GO:0043627),0.5667537524391496,1.316021575017759,0.03203203203203203,0.07163478215212982,1.0
prerank,Telomere Maintenance (GO:0000723),0.542638948374337,1.3159276735630188,0.009,0.07165444936092602,1.0
prerank,Positive Regulation Of Dendritic Spine Development (GO:0060999),0.5962418995133054,1.3152660490867762,0.0641925777331996,0.0721467467388681,1.0
prerank,Positive Regulation Of Tumor Necrosis Factor Production (GO:0032760),0.5376736087816264,1.3151780264020962,0.002,0.07215838769166051,1.0
prerank,Cardiac Muscle Cell Action Potential (GO:0086001),0.5786239766739647,1.3150073872410577,0.03003003003003003,0.07224305651398799,1.0
prerank,Translational Elongation (GO:0006414),0.5654856192728152,1.3148111483014502,0.022,0.07236617364547347,1.0
prerank,Regulation Of Heterotypic Cell-Cell Adhesion (GO:0034114),0.5805711323193286,1.3145277834725224,0.05,0.07252093665811392,1.0
prerank,Focal Adhesion Assembly (GO:0048041),0.5947569620500626,1.3144228312316664,0.05805805805805806,0.07256237579250628,1.0
prerank,Gonad Development (GO:0008406),0.5473119191482511,1.3139332172896765,0.013,0.07290165172313198,1.0
prerank,Response To Peptide Hormone (GO:0043434),0.5504384973568438,1.3137794738299575,0.013,0.07296945892891807,1.0
prerank,Supramolecular Fiber Organization (GO:0097435),0.5099375154879432,1.3135989430190145,0.0,0.07306806326261495,1.0
prerank,Response To Peptide (GO:1901652),0.5611702421260566,1.3132528471572338,0.027,0.07322224330785418,1.0
prerank,Protein Alkylation (GO:0008213),0.5934929666494184,1.313271228245245,0.055,0.07326499988230109,1.0
prerank,Calcium Ion Transmembrane Import Into Cytosol (GO:0097553),0.5384217206676483,1.312792903780165,0.008,0.07339939041553448,1.0
prerank,Cytoplasmic Microtubule Organization (GO:0031122),0.5513564617168123,1.3129190532379844,0.015,0.0734050520528601,1.0
prerank,Action Potential (GO:0001508),0.5661696650817916,1.3129653803116907,0.019,0.07342455651456994,1.0
prerank,Adenylate Cyclase-Activating Adrenergic Receptor Signaling Pathway (GO:0071880),0.6087123403894092,1.3128082995794372,0.0728744939271255,0.07343965625697792,1.0
prerank,Negative Regulation Of Response To Biotic Stimulus (GO:0002832),0.5555758485933979,1.312558073225114,0.018,0.07346594630606874,1.0
prerank,Regulation Of Clathrin-Dependent Endocytosis (GO:2000369),0.6086663579729761,1.3126138983519087,0.06955645161290322,0.07348543654552474,1.0
prerank,Negative Regulation Of Mitochondrion Organization (GO:0010823),0.5556721370357278,1.3123741506755502,0.028,0.07353272335709464,1.0
prerank,Primary Neural Tube Formation (GO:0014020),0.5741325456288776,1.3122334904722215,0.043,0.0735877908227499,1.0
prerank,Positive Regulation Of Axon Extension (GO:0045773),0.595336855433786,1.3118069184119765,0.05711422845691383,0.07391428865591816,1.0
prerank,Axonal Transport (GO:0098930),0.5593854618377079,1.3117003702613468,0.027,0.07394992554976976,1.0
prerank,Cellular Response To Glucose Stimulus (GO:0071333),0.5732025165725438,1.3114945433001655,0.027,0.0740383957821781,1.0
prerank,Cardiac Muscle Cell Contraction (GO:0086003),0.6064678947194082,1.3107305077203382,0.055220883534136546,0.07458535808416901,1.0
prerank,Positive Regulation Of Proteasomal Protein Catabolic Process (GO:1901800),0.5331883777252222,1.3107818382317504,0.0,0.07459822820344475,1.0
prerank,Regulation Of Extrinsic Apoptotic Signaling Pathway Via Death Domain Receptors (GO:1902041),0.5681897021676914,1.3105434541298357,0.039,0.0746780320433115,1.0
prerank,Negative Regulation Of Cysteine-Type Endopeptidase Activity (GO:2000117),0.5480789180281183,1.310225017024688,0.015,0.07488340272782848,1.0
prerank,Protein Localization To Chromosome (GO:0034502),0.5604354463784708,1.3101419770973248,0.022,0.0748917287227865,1.0
prerank,Dephosphorylation (GO:0016311),0.5196146419538815,1.3099493529319592,0.001,0.07500119172851154,1.0
prerank,Negative Regulation Of Ossification (GO:0030279),0.5847976547426034,1.3097721759832988,0.043,0.07509404108985543,1.0
prerank,Negative Regulation Of Platelet Activation (GO:0010544),0.6034729207543456,1.309613622886635,0.08476286579212916,0.0751875590022973,1.0
prerank,DNA Damage Response (GO:0006974),0.5071184599982939,1.3094968095736392,0.0,0.075220218351272,1.0
prerank,intra-Golgi Vesicle-Mediated Transport (GO:0006891),0.5625252833754305,1.3092825383667628,0.04004004004004004,0.07528373856927555,1.0
prerank,Embryonic Digestive Tract Development (GO:0048566),0.5884958417857241,1.3092066006944343,0.06532663316582915,0.07528841596059507,1.0
prerank,Myeloid Leukocyte Differentiation (GO:0002573),0.5384537608437384,1.3093148949866724,0.009,0.07532085653629901,1.0
prerank,Positive Regulation Of Cell-Cell Adhesion (GO:0022409),0.5503922854218405,1.3087885033291733,0.021,0.0756136070702676,1.0
prerank,Male Gonad Development (GO:0008584),0.548670444636694,1.3086945651598132,0.02,0.07563598106602898,1.0
prerank,Protein Export From Nucleus (GO:0006611),0.5719124838936813,1.3083653824819155,0.047094188376753505,0.0758689295056222,1.0
prerank,Regulation Of Endopeptidase Activity (GO:0052548),0.5337227248341736,1.3075788526315455,0.008,0.0765166667125659,1.0
prerank,Regulation Of Protein Neddylation (GO:2000434),0.5979104089187021,1.3066245541578554,0.06666666666666667,0.07727174191646884,1.0
prerank,Wnt Signaling Pathway (GO:0016055),0.5362609405451504,1.3060625613627534,0.009,0.0776949704606189,1.0
prerank,Intracellular Glucose Homeostasis (GO:0001678),0.5514517706521999,1.305806596485032,0.022,0.07787422451238925,1.0
prerank,Regulation Of Cell Migration Involved In Sprouting Angiogenesis (GO:0090049),0.5673944499384125,1.3055576446082036,0.036,0.0780442440587419,1.0
prerank,Cellular Response To Low-Density Lipoprotein Particle Stimulus (GO:0071404),0.5852991930190641,1.305180402761589,0.05405405405405406,0.07817714338064966,1.0
prerank,Ruffle Organization (GO:0031529),0.6063441165194141,1.3053074879707938,0.06639839034205232,0.07819124177733393,1.0
prerank,Positive Regulation Of Blood Coagulation (GO:0030194),0.5852385135933821,1.3051839065516933,0.04904904904904905,0.07823654043712737,1.0
prerank,Negative Regulation Of Cation Transmembrane Transport (GO:1904063),0.6109024960321449,1.3046365115953935,0.07520325203252033,0.07860649442142141,1.0
prerank,Regulation Of Rho Protein Signal Transduction (GO:0035023),0.5374680977000226,1.3045395195421103,0.008,0.07864082055481508,1.0
prerank,Regulation Of GTPase Activity (GO:0043087),0.5146943529839458,1.3043505378674283,0.0,0.07875276057809164,1.0
prerank,Natural Killer Cell Mediated Cytotoxicity (GO:0042267),0.5711012218441179,1.3038824723917084,0.057,0.07904314131813595,1.0
prerank,Regulation Of Transferase Activity (GO:0051338),0.5886838593999177,1.3037840276926866,0.06913827655310621,0.07907781131152132,1.0
prerank,Non-Canonical Wnt Signaling Pathway (GO:0035567),0.5560127349743809,1.303888278478206,0.016,0.07910299836867599,1.0
prerank,Regulation Of RNA Splicing (GO:0043484),0.5267063539013517,1.303559446493078,0.0,0.07921968280224223,1.0
prerank,Myotube Differentiation (GO:0014902),0.5782958833315368,1.3034543693347742,0.05405405405405406,0.07922998075673034,1.0
prerank,Positive Regulation Of Interleukin-12 Production (GO:0032735),0.5663031148080488,1.303305717247458,0.034,0.07929098645966638,1.0
prerank,Glucose Homeostasis (GO:0042593),0.5307604789567949,1.3029707610022003,0.006,0.07956347760112195,1.0
prerank,Negative Regulation Of Cellular Catabolic Process (GO:0031330),0.5363395468053058,1.3027820573096054,0.005,0.07965385972549735,1.0
prerank,Regulation Of Nucleotide-Excision Repair (GO:2000819),0.5743322665106584,1.3025910623333228,0.038,0.07977381535370569,1.0
prerank,Release Of Sequestered Calcium Ion Into Cytosol (GO:0051209),0.5592064859570471,1.302444226204878,0.025,0.079778988863454,1.0
prerank,Negative Regulation Of Cellular Senescence (GO:2000773),0.5948275766920191,1.3024789739571676,0.07042253521126761,0.07981171697294247,1.0
prerank,Negative Regulation Of Nucleic Acid-Templated Transcription (GO:1903507),0.5033370369062188,1.302210161267275,0.0,0.07993541462478608,1.0
prerank,Positive Regulation Of CREB Transcription Factor Activity (GO:0032793),0.6028925020386404,1.3020060730160743,0.05616850551654965,0.08005476066339305,1.0
prerank,Neuropeptide Signaling Pathway (GO:0007218),0.5372381937178219,1.3019100386901736,0.004,0.08007631633784017,1.0
prerank,Negative Regulation Of T Cell Receptor Signaling Pathway (GO:0050860),0.5960794288894523,1.3015846232634178,0.0625,0.08017190203344605,1.0
prerank,Energy Derivation By Oxidation Of Organic Compounds (GO:0015980),0.553853966381752,1.3016094902270696,0.021,0.08021197558235406,1.0
prerank,Generation Of Neurons (GO:0048699),0.5141873164757544,1.3014343356011229,0.0,0.08022997792965803,1.0
prerank,Regulation Of Mitochondrial Outer Membrane Permeabilization Involved In Apoptotic Signaling Pathway (GO:1901028),0.5861720336662206,1.301609825983511,0.07807807807807808,0.0802752945125078,1.0
prerank,Modulation By Host Of Symbiont Process (GO:0051851),0.5490587519892245,1.3011902535911348,0.022,0.08039074949842008,1.0
prerank,Canonical Wnt Signaling Pathway (GO:0060070),0.5371373121157745,1.3008723944179492,0.01,0.08063088241500428,1.0
prerank,Mitotic G1 DNA Damage Checkpoint Signaling (GO:0031571),0.572063873403965,1.3004751947401936,0.056,0.08094382295170685,1.0
prerank,Negative Regulation Of Canonical Wnt Signaling Pathway (GO:0090090),0.5254670436462914,1.3000739126406156,0.001,0.08126977939957553,1.0
prerank,Cell Chemotaxis (GO:0060326),0.5491707627364203,1.299854700697843,0.02,0.08139267756888884,1.0
prerank,Positive Regulation Of T Cell Cytokine Production (GO:0002726),0.580319483014262,1.2988471017477734,0.0641925777331996,0.08222331289375806,1.0
prerank,Muscle Tissue Morphogenesis (GO:0060415),0.5989940249828481,1.2985782127485703,0.07164480322906155,0.08241663146479156,1.0
prerank,Regulation Of mRNA Catabolic Process (GO:0061013),0.5460471809550325,1.2984847632440752,0.022,0.08244641168962338,1.0
prerank,Regulation Of Calcium-Mediated Signaling (GO:0050848),0.5683033953837476,1.2980844968663954,0.035035035035035036,0.08277859740319513,1.0
prerank,Nuclear Transport (GO:0051169),0.5551058611510481,1.297910143836787,0.033,0.0828784551090822,1.0
prerank,Regulation Of Smoothened Signaling Pathway (GO:0008589),0.5436316445703434,1.297516401474682,0.023,0.08315918151175436,1.0
prerank,"Negative Regulation Of DNA-templated Transcription, Elongation (GO:0032785)",0.5897126772634058,1.2972436530297455,0.06834170854271357,0.08335968607969706,1.0
prerank,Membrane Depolarization During Cardiac Muscle Cell Action Potential (GO:0086012),0.606434695819205,1.2970153178180068,0.07265388496468214,0.08350383659847052,1.0
prerank,L-glutamate Import (GO:0051938),0.6013700994993372,1.2969012740923769,0.08559919436052367,0.083550757181818,1.0
prerank,Regulation Of Interferon-Beta Production (GO:0032648),0.5447249432158914,1.2959452077316838,0.015,0.08436986077513729,1.0
prerank,Lymphocyte Differentiation (GO:0030098),0.5255979623500392,1.2953559001262942,0.004,0.08478233606447211,1.0
prerank,Regulation Of Actin Cytoskeleton Reorganization (GO:2000249),0.5774376263148834,1.2954261188999954,0.057057057057057055,0.08478925165116727,1.0
prerank,Endodermal Cell Differentiation (GO:0035987),0.5597524905066652,1.2950169646546505,0.045,0.08503879454049751,1.0
prerank,Positive Regulation Of Insulin Secretion (GO:0032024),0.5508081181593294,1.2944916449680588,0.024,0.08550616068211106,1.0
prerank,Positive Regulation Of T Cell Activation (GO:0050870),0.5239621055735718,1.294187945826549,0.0,0.08554216147597156,1.0
prerank,Regulation Of Fat Cell Differentiation (GO:0045598),0.5347838149062052,1.2941169299751243,0.005,0.08554251931563185,1.0
prerank,Negative Regulation Of Focal Adhesion Assembly (GO:0051895),0.6066201846967669,1.2942502343183448,0.1099899091826438,0.08554493785273817,1.0
prerank,Negative Regulation Of Cell-Substrate Junction Organization (GO:0150118),0.6066201846967669,1.2942502343183448,0.1099899091826438,0.08554493785273817,1.0
prerank,Negative Regulation Of Cell Cycle (GO:0045786),0.5277279794297604,1.2939992259010367,0.012,0.08559447909874962,1.0
prerank,Hemopoiesis (GO:0030097),0.5218174375726226,1.2942631359580326,0.001,0.08566353282644702,1.0
prerank,Positive Regulation Of Release Of Cytochrome C From Mitochondria (GO:0090200),0.5727874598872899,1.2934503790131928,0.046,0.08572710866611315,1.0
prerank,Actomyosin Structure Organization (GO:0031032),0.5295497141033846,1.2935756431714884,0.004,0.08572980175422587,1.0
prerank,Cellular Response To Lipid (GO:0071396),0.5078079336579259,1.2934977627678146,0.0,0.08574870326033812,1.0
prerank,Negative Regulation Of ERBB Signaling Pathway (GO:1901185),0.5916595927040267,1.2933270850708962,0.07738693467336684,0.08576542287757252,1.0
prerank,Negative Regulation Of Signal Transduction (GO:0009968),0.504853137147485,1.2935939116880688,0.0,0.08577795303871395,1.0
prerank,Positive Regulation Of Macroautophagy (GO:0016239),0.5372465251803542,1.2936041265790894,0.01,0.08583710839658944,1.0
prerank,Regulation Of Autophagy Of Mitochondrion (GO:1903146),0.5840057588058758,1.2936354485047463,0.071285140562249,0.08587604380739866,1.0
prerank,Positive Regulation Of Phosphatidylinositol 3-Kinase Activity (GO:0043552),0.5673107315856225,1.2927359266247098,0.04308617234468938,0.08625200428911693,1.0
prerank,Regulation Of B Cell Differentiation (GO:0045577),0.5876819929747803,1.2926642536859236,0.07515030060120241,0.08625413740880078,1.0
prerank,Hematopoietic Progenitor Cell Differentiation (GO:0002244),0.5593169729952118,1.292352278666113,0.05405405405405406,0.08648357383651169,1.0
prerank,Response To cAMP (GO:0051591),0.5567241455756816,1.2922541659885167,0.02,0.086516531702408,1.0
prerank,Response To Retinoic Acid (GO:0032526),0.5367316641605708,1.29200333531247,0.012,0.08664189154234792,1.0
prerank,Presynapse Assembly (GO:0099054),0.5986961576160276,1.2919086822596444,0.0951417004048583,0.08666459642078575,1.0
prerank,Purine Nucleotide Metabolic Process (GO:0006163),0.5536205699615773,1.292012023906716,0.036036036036036036,0.08669428658983197,1.0
prerank,Zinc Ion Transport (GO:0006829),0.5712421597369343,1.2911912174299949,0.061,0.08722418358932445,1.0
prerank,Negative Regulation Of Cytokine-Mediated Signaling Pathway (GO:0001960),0.5349791112820523,1.2912496621806913,0.022,0.08723440355110787,1.0
prerank,Regulation Of Epithelial Cell Proliferation (GO:0050678),0.5208956855115958,1.2910573463264334,0.005,0.08729113942686643,1.0
prerank,Regulation Of Golgi Organization (GO:1903358),0.6082713435736113,1.2908698476580278,0.09687184661957618,0.08734384840485676,1.0
prerank,Vesicle Cytoskeletal Trafficking (GO:0099518),0.5491390655196238,1.2908907293806808,0.032,0.08739345826401203,1.0
prerank,Regulation Of Cell Cycle Process (GO:0010564),0.5154974468753215,1.29073277171687,0.001,0.0874267236733705,1.0
prerank,Regulation Of Double-Strand Break Repair Via Homologous Recombination (GO:0010569),0.530092351761848,1.2904548225705015,0.011,0.08758594292424014,1.0
prerank,Positive Regulation Of Growth (GO:0045927),0.5288983864920056,1.290471099794039,0.009,0.08764254756076624,1.0
prerank,Positive Regulation Of Cellular Catabolic Process (GO:0031331),0.5123217259527971,1.2895388451419132,0.001,0.08818490797485105,1.0
prerank,Regulation Of Cell Division (GO:0051302),0.5279203769052708,1.2895643741763225,0.004,0.08822416037627288,1.0
prerank,Cellular Response To Starvation (GO:0009267),0.5173989618915676,1.289607179971306,0.005,0.08825503102116562,1.0
prerank,Protein Maturation (GO:0051604),0.5174528904834954,1.28966659750545,0.003,0.08827058819608091,1.0
prerank,Negative Regulation Of Myeloid Leukocyte Differentiation (GO:0002762),0.5562264147490352,1.2889851019307728,0.05005005005005005,0.088621210515218,1.0
prerank,Peptide Antigen Assembly With MHC Protein Complex (GO:0002501),0.5865442149909449,1.2888685098341301,0.07738693467336684,0.08866434587381623,1.0
prerank,Negative Regulation Of Autophagy (GO:0010507),0.5358502991880774,1.288712644104348,0.012,0.08875787368703542,1.0
prerank,Regulation Of Leukocyte Chemotaxis (GO:0002688),0.5895305087084572,1.2885785453685106,0.08056394763343404,0.08881993717024135,1.0
prerank,Vesicle Fusion (GO:0006906),0.5231619843186283,1.288380589302775,0.005,0.08888733497270146,1.0
prerank,Regulation Of Histone Acetylation (GO:0035065),0.5728644664657325,1.288431476555787,0.07622868605817452,0.08890022640006877,1.0
prerank,Negative Regulation Of Metabolic Process (GO:0009892),0.539663966171603,1.288018487419841,0.021,0.08917552845163233,1.0
prerank,Gland Development (GO:0048732),0.5306755944392308,1.287935556536761,0.013,0.08919748104784778,1.0
prerank,Cardiac Muscle Cell Action Potential Involved In Contraction (GO:0086002),0.5660666018124042,1.2876241219497804,0.042,0.08945379759725514,1.0
prerank,Protein K11-linked Ubiquitination (GO:0070979),0.5673100461101364,1.2872093882308298,0.052,0.08979109264143319,1.0
prerank,Negative Regulation Of Cold-Induced Thermogenesis (GO:0120163),0.5446355489910798,1.2869844868070364,0.024,0.08980143028389279,1.0
prerank,Positive Regulation Of I-kappaB kinase/NF-kappaB Signaling (GO:0043123),0.5081004765035635,1.2870820998838124,0.0,0.08984064277149541,1.0
prerank,Positive Regulation Of B Cell Proliferation (GO:0030890),0.5683497011604053,1.2869950675913306,0.049,0.08985443070233126,1.0
prerank,Negative Regulation Of Small Molecule Metabolic Process (GO:0062014),0.5552052098686646,1.2863180743953408,0.04609218436873747,0.09041795273697499,1.0
prerank,Cellular Response To Alkaloid (GO:0071312),0.589175861112523,1.285942030445197,0.07769929364278506,0.09069945217393931,1.0
prerank,Negative Regulation Of Intracellular Signal Transduction (GO:1902532),0.5049376805273993,1.2857840825198676,0.0,0.09072562448181884,1.0
prerank,Intrinsic Apoptotic Signaling Pathway In Response To DNA Damage By P53 Class Mediator (GO:0042771),0.5869279548451153,1.2856472685137232,0.08333333333333333,0.09073056981076172,1.0
prerank,Regulation Of Primary Metabolic Process (GO:0080090),0.5435857895048393,1.2856734551327986,0.031,0.09076664753527408,1.0
prerank,Collagen Fibril Organization (GO:0030199),0.5433800337447061,1.2858067660681731,0.028,0.09077083705692947,1.0
prerank,Histone Modification (GO:0016570),0.52710438249575,1.2853609482640673,0.005,0.09096850715261676,1.0
prerank,Signal Transduction In Response To DNA Damage (GO:0042770),0.5351382183906992,1.2852745593859403,0.022,0.09099266307262432,1.0
prerank,Negative Regulation Of Wnt Signaling Pathway (GO:0030178),0.5149117684884668,1.2851210171590084,0.0,0.09108535790636353,1.0
prerank,Microtubule Cytoskeleton Organization Involved In Mitosis (GO:1902850),0.5334873524849356,1.284768054483077,0.016,0.09138348418695394,1.0
prerank,RNA Methylation (GO:0001510),0.5293284385938988,1.2845088607646467,0.018,0.09152501109732539,1.0
prerank,Negative Regulation Of Response To External Stimulus (GO:0032102),0.5124653272682183,1.2845669945291334,0.001,0.09153443584394362,1.0
prerank,DNA Metabolic Process (GO:0006259),0.5008316969061026,1.2843468902350539,0.0,0.09162754574179385,1.0
prerank,Regulation Of T Cell Cytokine Production (GO:0002724),0.5820190208018261,1.2840049981895003,0.07021063189568706,0.09188382940466733,1.0
prerank,mRNA 3'-End Processing (GO:0031124),0.5450590888648666,1.2837254002987804,0.032,0.0920797139046545,1.0
prerank,Monoatomic Anion Transmembrane Transport (GO:0098656),0.5372416432006606,1.2835746966330093,0.009,0.09214936845390433,1.0
prerank,Regulation Of Translational Initiation (GO:0006446),0.5324058537022368,1.2833008696390389,0.017,0.09236648330354798,1.0
prerank,Positive Regulation Of Synapse Assembly (GO:0051965),0.5505291390094931,1.283041126571172,0.045,0.09256530916760795,1.0
prerank,Regulation Of Ubiquitin-Protein Transferase Activity (GO:0051438),0.5531506779536691,1.2827082655309496,0.04904904904904905,0.09280721805182732,1.0
prerank,Intracellular Protein Transport (GO:0006886),0.49823025160737766,1.282394796350153,0.0,0.09307716576468071,1.0
prerank,Mitotic Spindle Checkpoint Signaling (GO:0071174),0.566762878691719,1.2820407404486247,0.04809619238476954,0.09323806473031573,1.0
prerank,Mitotic Spindle Assembly Checkpoint Signaling (GO:0007094),0.566762878691719,1.2820407404486247,0.04809619238476954,0.09323806473031573,1.0
prerank,Spindle Assembly Checkpoint Signaling (GO:0071173),0.566762878691719,1.2820407404486247,0.04809619238476954,0.09323806473031573,1.0
prerank,Purine-Containing Compound Biosynthetic Process (GO:0072522),0.591541375659824,1.281946173972283,0.07653575025176233,0.09325875117177047,1.0
prerank,Peptidyl-Lysine Modification (GO:0018205),0.5222459639480544,1.281544542643559,0.005,0.09345371063111343,1.0
prerank,Chromatin Organization (GO:0006325),0.5027534642110982,1.2816019545051285,0.0,0.09346372119199842,1.0
prerank,Regulation Of Transport (GO:0051049),0.5463002121595492,1.2814553359375624,0.031,0.09348903413611484,1.0
prerank,Positive Regulation Of Interleukin-6 Production (GO:0032755),0.5258598724290864,1.2816199591026312,0.014,0.09350948732339924,1.0
prerank,Response To Acidic pH (GO:0010447),0.5873275648470067,1.2811673451861332,0.0846774193548387,0.09353909402913123,1.0
prerank,NADH Dehydrogenase Complex Assembly (GO:0010257),0.535156477370583,1.2811824934489195,0.032,0.09359735751921196,1.0
prerank,Mitochondrial Respiratory Chain Complex I Assembly (GO:0032981),0.535156477370583,1.2811824934489195,0.032,0.09359735751921196,1.0
prerank,Negative Regulation Of Peptidase Activity (GO:0010466),0.5255716689713086,1.2808309679851073,0.024,0.09376775340449196,1.0
prerank,Regulation Of Establishment Of Endothelial Barrier (GO:1903140),0.5872350690154301,1.2808326385075641,0.09566968781470292,0.09383647026333972,1.0
prerank,Negative Regulation Of Sequestering Of Calcium Ion (GO:0051283),0.5527521789898533,1.2804673346450937,0.041,0.09405046743671511,1.0
prerank,Modulation By Host Of Viral Genome Replication (GO:0044827),0.5787641106538248,1.2802493690949577,0.0823293172690763,0.09405478246119925,1.0
prerank,Regulation Of Osteoclast Differentiation (GO:0045670),0.5422550216194724,1.280369306160481,0.037,0.09408590622081436,1.0
prerank,Pattern Recognition Receptor Signaling Pathway (GO:0002221),0.5336712522920587,1.2802720092922286,0.018,0.09410209041072697,1.0
prerank,Positive Regulation Of Lymphocyte Migration (GO:2000403),0.5910796343203331,1.2798471170236045,0.09557344064386318,0.09417750327830507,1.0
prerank,Negative Regulation Of Release Of Cytochrome C From Mitochondria (GO:0090201),0.594773505525457,1.2799664341917427,0.10313447927199192,0.09419913626792423,1.0
prerank,"Maturation Of SSU-rRNA From Tricistronic rRNA Transcript (SSU-rRNA, 5.8S rRNA, LSU-rRNA) (GO:0000462)",0.5591071979885656,1.2798798649771839,0.05305305305305305,0.0942085620539731,1.0
prerank,Cellular Response To Nutrient Levels (GO:0031669),0.5234227032932346,1.2800323932357869,0.011,0.09421845746776676,1.0
prerank,Transcription Initiation At RNA Polymerase II Promoter (GO:0006367),0.5294285760977795,1.279589566235325,0.016,0.09438178287378274,1.0
prerank,Negative Regulation Of Innate Immune Response (GO:0045824),0.5354825909610679,1.2794753303550142,0.021,0.0944321996501308,1.0
prerank,rRNA Processing (GO:0006364),0.5149014139601399,1.279307874522435,0.005,0.09445871046576144,1.0
prerank,Negative Regulation Of Signaling (GO:0023057),0.5589124039365291,1.2792229062269378,0.0531062124248497,0.09446790448574421,1.0
prerank,Regulation Of Lipoprotein Lipase Activity (GO:0051004),0.5900968789995923,1.2793105832190559,0.10030395136778116,0.09452512657047926,1.0
prerank,Response To Endoplasmic Reticulum Stress (GO:0034976),0.5113122983820817,1.2785953305640683,0.002,0.0946310841525704,1.0
prerank,"mRNA Cis Splicing, Via Spliceosome (GO:0045292)",0.5844010267037194,1.2785263121874268,0.08743718592964825,0.09463208148202339,1.0
prerank,Response To Copper Ion (GO:0046688),0.5687439405134591,1.2787267834662723,0.07007007007007007,0.09463712013616521,1.0
prerank,Establishment Of Protein Localization To Plasma Membrane (GO:0061951),0.5493090066862976,1.278913011358831,0.036,0.09465462594202388,1.0
prerank,Cell Junction Assembly (GO:0034329),0.5163442104172862,1.2787489277602486,0.006,0.09467779071781385,1.0
prerank,Negative Regulation Of Microtubule Polymerization Or Depolymerization (GO:0031111),0.5633311274457584,1.2786087403488997,0.044,0.0946870193298494,1.0
prerank,Endoderm Formation (GO:0001706),0.5495067258897604,1.2789214281065029,0.035,0.09471517883464055,1.0
prerank,Positive Regulation Of Telomere Maintenance (GO:0032206),0.5368051374334895,1.2787779860660804,0.031,0.0947155947049659,1.0
prerank,3'-UTR-mediated mRNA Destabilization (GO:0061158),0.5985923248107516,1.2781634577638952,0.09654471544715447,0.09491421185875193,1.0
prerank,Pyruvate Metabolic Process (GO:0006090),0.5314289812401055,1.2779954777330174,0.024,0.09501470995251193,1.0
prerank,Zymogen Activation (GO:0031638),0.5443129854827532,1.277813803198255,0.032,0.09513106177058678,1.0
prerank,Chromosome Organization (GO:0051276),0.5540652897329055,1.2775216659134865,0.056,0.09533954042680597,1.0
prerank,Regulation Of Glucose Transmembrane Transport (GO:0010827),0.5820288232025017,1.2774508710955919,0.10404040404040404,0.09535454388282316,1.0
prerank,Regulation Of Dendrite Morphogenesis (GO:0048814),0.5520431017344645,1.2770346666481076,0.06,0.09568011875246668,1.0
prerank,Protein Localization (GO:0008104),0.4962666001130743,1.2769315052032337,0.0,0.09571443276082825,1.0
prerank,Negative Regulation Of Wound Healing (GO:0061045),0.5612207551128836,1.2767724179630056,0.057057057057057055,0.09582478353570108,1.0
prerank,Positive Regulation Of Calcium Ion Transport (GO:0051928),0.5530110816495074,1.2764519245334829,0.06706706706706707,0.09601895694708922,1.0
prerank,Adrenergic Receptor Signaling Pathway (GO:0071875),0.5782303625873213,1.2765074441521518,0.08617234468937876,0.09602331574545649,1.0
prerank,Positive Regulation Of Mitochondrion Organization (GO:0010822),0.5291674412123001,1.2759860562167156,0.02,0.09644048763538093,1.0
prerank,Regulation Of Cell Adhesion Mediated By Integrin (GO:0033628),0.5497982221051697,1.2759101398110624,0.059,0.09646184511466367,1.0
prerank,Nucleosome Assembly (GO:0006334),0.5489585728126648,1.2757212338027137,0.043,0.09661313486675889,1.0
prerank,Regulation Of Supramolecular Fiber Organization (GO:1902903),0.5673160644808374,1.275080051981551,0.07515030060120241,0.09703471650250704,1.0
prerank,Regulation Of Fibrinolysis (GO:0051917),0.5876560976758143,1.2751093923635293,0.09989909182643794,0.09708016345410168,1.0
prerank,Regulation Of Cellular Metabolic Process (GO:0031323),0.5416171219179392,1.2751614977748098,0.04,0.097096816131167,1.0
prerank,Response To Light Stimulus (GO:0009416),0.5286137771732652,1.274797583735705,0.014,0.0972643513267449,1.0
prerank,Zinc Ion Transmembrane Transport (GO:0071577),0.5650055367607886,1.2744674358699608,0.08917835671342686,0.09754185688887697,1.0
prerank,Negative Regulation Of Angiogenesis (GO:0016525),0.5174662175314332,1.273691852159771,0.01,0.09832794671597732,1.0
prerank,Phagosome Maturation (GO:0090382),0.5909970231580279,1.2732360489532377,0.1051567239635996,0.09867348871989874,1.0
prerank,Regulation Of Delayed Rectifier Potassium Channel Activity (GO:1902259),0.5916146073597686,1.2732664070341737,0.10171198388721048,0.09870917391004161,1.0
prerank,Adenylate Cyclase-Activating G Protein-Coupled Receptor Signaling Pathway (GO:0007189),0.5118982591937242,1.2720106951255865,0.003,0.09955805388959653,1.0
prerank,DNA-templated Transcription (GO:0006351),0.5031488684292345,1.2720644370285834,0.0,0.0995670435670251,1.0
prerank,Macrophage Differentiation (GO:0030225),0.57171595390951,1.2721023639923863,0.0890890890890891,0.0995875073724732,1.0
prerank,Transition Metal Ion Transport (GO:0000041),0.5488413611793668,1.272251516117139,0.048,0.09959265527377938,1.0
prerank,Establishment Of Melanosome Localization (GO:0032401),0.5933119627910378,1.272102804009342,0.09346733668341708,0.0996581794250986,1.0
prerank,Intracellular Iron Ion Homeostasis (GO:0006879),0.533440524222177,1.2716315605262947,0.032,0.09992648722163625,1.0
prerank,Intracellular Protein Transmembrane Transport (GO:0065002),0.5375783316875266,1.2714675834598377,0.033,0.0999779828552426,1.0
prerank,Positive Regulation Of Proteolysis (GO:0045862),0.5297877152412888,1.2714724921265603,0.023,0.10004082432333904,1.0
prerank,Organelle Transport Along Microtubule (GO:0072384),0.5400884066841602,1.270231690556863,0.034,0.10121408196070907,1.0
prerank,Development Of Primary Male Sexual Characteristics (GO:0046546),0.5320789832862344,1.2701175627124783,0.04,0.10126168345987006,1.0
prerank,Cellular Response To Interferon-Beta (GO:0035458),0.5725424307977343,1.269934972159566,0.0841683366733467,0.10138827650216785,1.0
prerank,Negative Regulation Of Mitotic Metaphase/Anaphase Transition (GO:0045841),0.5576543255587547,1.2696691408209049,0.056056056056056056,0.10161789156447881,1.0
prerank,Protein Peptidyl-Prolyl Isomerization (GO:0000413),0.567272901260595,1.2695176609759569,0.08,0.10171489061918763,1.0
prerank,Nitric Oxide Mediated Signal Transduction (GO:0007263),0.5787811338611776,1.269253944457802,0.11144883485309018,0.10177511274307037,1.0
prerank,Camera-Type Eye Development (GO:0043010),0.5673099809188235,1.2692757668647485,0.074,0.1018282201832852,1.0
prerank,Antigen Processing And Presentation Of Exogenous Peptide Antigen (GO:0002478),0.5495962436283842,1.269328866845371,0.05205205205205205,0.10185368473113303,1.0
prerank,Regulation Of Interleukin-4 Production (GO:0032673),0.5675360728400741,1.2689464638985988,0.085,0.10201427744924507,1.0
prerank,Positive Regulation Of Viral Process (GO:0048524),0.5397040138228282,1.2688791249178457,0.034,0.10202064531041666,1.0
prerank,Positive Regulation Of RNA Metabolic Process (GO:0051254),0.5469997603930467,1.2683148143827039,0.05105105105105105,0.10258649085763255,1.0
prerank,Positive Regulation Of ERBB Signaling Pathway (GO:1901186),0.5549965309230928,1.2681122967230933,0.07,0.1027346944136616,1.0
prerank,Negative Regulation Of Lipid Storage (GO:0010888),0.5747369043984115,1.2679399188376588,0.0914572864321608,0.1028140890437825,1.0
prerank,Regulation Of NLRP3 Inflammasome Complex Assembly (GO:1900225),0.5475351923234857,1.2672195850185566,0.063,0.1035477844638112,1.0
prerank,Maintenance Of Blood-Brain Barrier (GO:0035633),0.5535529735187772,1.2671112128714421,0.055,0.10359047600687595,1.0
prerank,Positive Regulation Of Epithelial Cell Differentiation (GO:0030858),0.5746632109602018,1.266922033805944,0.09036144578313253,0.10364535423437408,1.0
prerank,Response To Steroid Hormone (GO:0048545),0.5537712577811477,1.2669290714835166,0.06,0.10371144133009332,1.0
prerank,Positive Regulation Of Cytokine Production Involved In Immune Response (GO:0002720),0.5441325886702142,1.2663576090124942,0.05805805805805806,0.10403033576498297,1.0
prerank,DNA-templated Transcription Termination (GO:0006353),0.5846082107694883,1.266494800136047,0.10775427995971802,0.10403390299376776,1.0
prerank,Blood Vessel Diameter Maintenance (GO:0097746),0.5420644636190814,1.2663762846568178,0.045,0.10408246993185925,1.0
prerank,Regulation Of Tumor Necrosis Factor Production (GO:0032680),0.5069375888396078,1.2659227773116806,0.002,0.10443185868147342,1.0
prerank,Cellular Response To Cytokine Stimulus (GO:0071345),0.49386711231382024,1.265824732004609,0.0,0.10446528610469323,1.0
prerank,Ubiquitin-Dependent Protein Catabolic Process (GO:0006511),0.49067467149878513,1.265466403936349,0.0,0.10468287648577515,1.0
prerank,Regulation Of Mitotic Cell Cycle Spindle Assembly Checkpoint (GO:0090266),0.5770456398995979,1.265474406143806,0.0964824120603015,0.10474374936864408,1.0
prerank,Anaphase-Promoting Complex-Dependent Catabolic Process (GO:0031145),0.5682386123933523,1.2652286543846267,0.07014028056112225,0.10487384061371502,1.0
prerank,Melanosome Localization (GO:0032400),0.5835220984443561,1.2650645293255143,0.09829488465396188,0.10499165736947685,1.0
prerank,Membrane Organization (GO:0061024),0.5025051749429547,1.2649005450022093,0.001,0.10500706344644398,1.0
prerank,Clathrin-Dependent Endocytosis (GO:0072583),0.5594665805359074,1.2649500040543393,0.07107107107107107,0.10503087821695162,1.0
prerank,Regulation Of Protein Deacetylation (GO:0090311),0.5793928687526768,1.2644648898503676,0.08442211055276382,0.10542034228051979,1.0
prerank,Regulation Of DNA Repair (GO:0006282),0.5045659687422144,1.2642213054112503,0.003,0.10564157016930281,1.0
prerank,Regulation Of Organelle Organization (GO:0033043),0.5128879655198387,1.263897412841435,0.008,0.1058730520813426,1.0
prerank,Response To Purine-Containing Compound (GO:0014074),0.5574239643897062,1.263940564620715,0.084,0.1058953101113983,1.0
prerank,Purine Ribonucleotide Catabolic Process (GO:0009154),0.5642517177794095,1.2635929485441797,0.06906906906906907,0.10612976343766672,1.0
prerank,Positive Regulation Of T Cell Mediated Immunity (GO:0002711),0.5326495421510427,1.2633100756635773,0.039,0.10636869551056702,1.0
prerank,Brain Development (GO:0007420),0.4986632115138066,1.263224909302947,0.001,0.1063990787964254,1.0
prerank,Regulation Of Extracellular Matrix Organization (GO:1903053),0.5568463389682349,1.2626560422371003,0.07723169508525576,0.1069763893515984,1.0
prerank,Microtubule Nucleation (GO:0007020),0.5605256812723741,1.2621483177572268,0.08508508508508508,0.10746110336724903,1.0
prerank,"Mitochondrial Electron Transport, Cytochrome C To Oxygen (GO:0006123)",0.590776323932192,1.2619208841953182,0.12096774193548387,0.10765605580166254,1.0
prerank,Negative Regulation Of Defense Response (GO:0031348),0.5102428744028237,1.261624146066533,0.002,0.10793198697805778,1.0
prerank,Phosphatidylinositol Metabolic Process (GO:0046488),0.5214343669766232,1.2615305872521783,0.026,0.10795771018223892,1.0
prerank,Negative Regulation Of Protein Localization To Membrane (GO:1905476),0.5567303093441985,1.2612168206023673,0.08108108108108109,0.10825732115881957,1.0
prerank,Negative Regulation Of Fat Cell Differentiation (GO:0045599),0.5538660874201051,1.2608376720901582,0.06606606606606606,0.10859393868556518,1.0
prerank,Regulation Of DNA Replication (GO:0006275),0.5155441887432175,1.260605949838212,0.015,0.10878189143218742,1.0
prerank,Negative Regulation Of I-kappaB kinase/NF-kappaB Signaling (GO:0043124),0.5349953019348052,1.2603431684966553,0.034,0.10893226044307604,1.0
prerank,Mitotic DNA Damage Checkpoint Signaling (GO:0044773),0.5243073771333057,1.2603668854403214,0.036,0.10898826904484937,1.0
prerank,T Cell Migration (GO:0072678),0.5833921666165677,1.2592988450155957,0.09218436873747494,0.10996756783842863,1.0
prerank,Epithelial Cilium Movement Involved In Extracellular Fluid Movement (GO:0003351),0.5784407088834419,1.259324279061233,0.10393541876892028,0.11002145018889012,1.0
prerank,Negative Regulation Of Protein Processing (GO:0010955),0.5878499649793004,1.2584036660311797,0.11515151515151516,0.11091237356584975,1.0
prerank,Negative Regulation Of Tumor Necrosis Factor-Mediated Signaling Pathway (GO:0010804),0.5721779838038421,1.2582210295247134,0.11923847695390781,0.11105312234091244,1.0
prerank,Positive Regulation Of Cytokine Production (GO:0001819),0.4905702914347187,1.2580434465978696,0.0,0.11118196112640208,1.0
prerank,Protein Transport (GO:0015031),0.48985119812599776,1.2579450255646558,0.0,0.1112204026072541,1.0
prerank,Positive Regulation By Host Of Viral Transcription (GO:0043923),0.5790222413683186,1.2575661489754895,0.11267605633802817,0.1115103306024668,1.0
prerank,Inorganic Cation Import Across Plasma Membrane (GO:0098659),0.5080379184124258,1.2575674573125348,0.007,0.11158501081493921,1.0
prerank,Glutamine Family Amino Acid Metabolic Process (GO:0009064),0.5495048508247722,1.2573943300040706,0.067,0.11159932593838617,1.0
prerank,RNA Transport (GO:0050658),0.5325924013615583,1.257160535627658,0.056,0.11172959282487352,1.0
prerank,3'-UTR-mediated mRNA Stabilization (GO:0070935),0.5768847658980625,1.257065723344263,0.10240963855421686,0.11175584076806855,1.0
prerank,Regulation Of Cellular Biosynthetic Process (GO:0031326),0.5145104154799078,1.2572033833128122,0.014,0.11175756674085109,1.0
prerank,DNA Replication (GO:0006260),0.5157412434488072,1.2569898928504077,0.016,0.11176765939731781,1.0
prerank,Leukocyte Cell-Cell Adhesion (GO:0007159),0.5469809455206578,1.25677927619789,0.06412825651302605,0.11186106289274085,1.0
prerank,Regulation Of Protein Modification Process (GO:0031399),0.5268473920692901,1.2568091086915347,0.034,0.11190411861798175,1.0
prerank,Chromosome Condensation (GO:0030261),0.5677589261116164,1.2561415663563102,0.11044176706827309,0.11256566757088839,1.0
prerank,Regulation Of Amyloid Fibril Formation (GO:1905906),0.5817186538251555,1.2558943126029478,0.13004032258064516,0.11278879243820107,1.0
prerank,Chloride Transmembrane Transport (GO:1902476),0.5298512080528438,1.2556101861769269,0.035,0.11307377058463082,1.0
prerank,Positive Regulation Of Potassium Ion Transmembrane Transport (GO:1901381),0.5797067340279474,1.255240951795587,0.11256281407035176,0.11344095304018664,1.0
prerank,Positive Regulation Of Protein Transport (GO:0051222),0.5156247302183448,1.2545958527085457,0.026,0.1141534714935731,1.0
prerank,Regulation Of Cysteine-Type Endopeptidase Activity (GO:2000116),0.5599760166117747,1.2533983537215108,0.098,0.11536690018694597,1.0
prerank,Regulation Of Multicellular Organismal Development (GO:2000026),0.5211983218255178,1.25350175905834,0.024,0.11540012097743678,1.0
prerank,Renal System Development (GO:0072001),0.518672023964759,1.2534052183134463,0.033,0.115435270071678,1.0
prerank,Negative Regulation Of DNA Metabolic Process (GO:0051053),0.5340443343187912,1.2529343095215881,0.05,0.1157402934489737,1.0
prerank,Regulation Of Plasma Membrane Bounded Cell Projection Assembly (GO:0120032),0.5143234001126642,1.2529588935866611,0.012,0.11578705574647571,1.0
prerank,Skeletal System Development (GO:0001501),0.49998517699138706,1.2525174762204805,0.005,0.11617864610531019,1.0
prerank,Limb Morphogenesis (GO:0035108),0.559879433754437,1.252227630812855,0.09136546184738956,0.11627929767128625,1.0
prerank,Antigen Receptor-Mediated Signaling Pathway (GO:0050851),0.5030785358848298,1.252093941516458,0.006,0.11628298079054318,1.0
prerank,Cell-Cell Junction Organization (GO:0045216),0.5141050360268619,1.2523276058865913,0.019,0.11631090644167226,1.0
prerank,Negative Regulation Of Cell Communication (GO:0010648),0.5584846721792749,1.252123409654939,0.09939759036144578,0.11632856566638974,1.0
prerank,Nuclear-Transcribed mRNA Catabolic Process (GO:0000956),0.5106992754727043,1.252236702944259,0.018,0.11634732982482147,1.0
prerank,Eye Morphogenesis (GO:0048592),0.5782880442643407,1.251895154727829,0.09337349397590361,0.11635967582001333,1.0
prerank,Positive Regulation Of Establishment Of Protein Localization (GO:1904951),0.572254263230406,1.2519420220442041,0.10070493454179255,0.11637615770871293,1.0
prerank,Mitotic G2 DNA Damage Checkpoint Signaling (GO:0007095),0.5467673115091931,1.251703976040619,0.0920920920920921,0.11646182188956644,1.0
prerank,Intrinsic Apoptotic Signaling Pathway By P53 Class Mediator (GO:0072332),0.540285002219101,1.2517086359386924,0.047,0.11653578260859986,1.0
prerank,Keratinocyte Differentiation (GO:0030216),0.5314513248801885,1.2513267555661378,0.051,0.11675789221819438,1.0
prerank,Entrainment Of Circadian Clock By Photoperiod (GO:0043153),0.5596343246655386,1.2513807678981836,0.08,0.11677662260265881,1.0
prerank,Intracellular Monoatomic Cation Homeostasis (GO:0030003),0.4948325567096515,1.2509648484196114,0.001,0.11711654328816454,1.0
prerank,Positive Regulation Of Type I Interferon Production (GO:0032481),0.5179013027926462,1.2503772345224669,0.021,0.11756418567382508,1.0
prerank,Melanosome Transport (GO:0032402),0.5870920854179212,1.2504019345080846,0.11581067472306143,0.11761974717925784,1.0
prerank,Pigment Granule Transport (GO:0051904),0.5870920854179212,1.2504019345080846,0.11581067472306143,0.11761974717925784,1.0
prerank,Regulation Of Mitotic Spindle Organization (GO:0060236),0.5319749485720001,1.2501478204213956,0.059,0.11765073330988965,1.0
prerank,Regulation Of Protein Targeting To Mitochondrion (GO:1903214),0.5359461631988738,1.2501805218059696,0.062,0.11769888587114562,1.0
prerank,Muscle Cell Differentiation (GO:0042692),0.5389657118139902,1.2498977500405857,0.066,0.11787311354796999,1.0
prerank,Protein N-linked Glycosylation Via Asparagine (GO:0018279),0.5500012982679352,1.2496414192404501,0.091,0.11810726785097604,1.0
prerank,Regulation Of Interleukin-12 Production (GO:0032655),0.5250647895462552,1.249493035414647,0.038,0.11820035845410908,1.0
prerank,Cellular Response To Glucose Starvation (GO:0042149),0.5370967632420744,1.2493334364128588,0.051,0.11831944609892639,1.0
prerank,Nucleotide-Excision Repair (GO:0006289),0.5197847658282084,1.2492302179935013,0.041,0.11836006154253073,1.0
prerank,Regulation Of Chromosome Organization (GO:0033044),0.5306848893603487,1.248744009588655,0.031,0.11855432062124067,1.0
prerank,Epigenetic Regulation Of Gene Expression (GO:0040029),0.511428312604364,1.2487637533889344,0.018,0.11861810864496616,1.0
prerank,Endocrine System Development (GO:0035270),0.5611394005870882,1.2489389707648695,0.09819639278557114,0.11864945057960717,1.0
prerank,Negative Regulation Of Lipid Metabolic Process (GO:0045833),0.5470219991047494,1.2487654030068693,0.103,0.11869734585848984,1.0
prerank,Golgi To Plasma Membrane Protein Transport (GO:0043001),0.5488017872277271,1.2487662967375701,0.069,0.11877668900411718,1.0
prerank,Glutamine Family Amino Acid Catabolic Process (GO:0009065),0.580096099164907,1.2483555725745616,0.11842105263157894,0.11896061480942356,1.0
prerank,Endosome To Lysosome Transport (GO:0008333),0.5179476759960736,1.2477847381665441,0.043,0.11959621301348322,1.0
prerank,Protein Secretion (GO:0009306),0.5174011691424621,1.2476238309069598,0.026,0.11970966310362485,1.0
prerank,Regulation Of Cytosolic Calcium Ion Concentration (GO:0051480),0.5305510258443021,1.2473080646369517,0.051,0.12000060586651788,1.0
prerank,Regulation Of Tyrosine Phosphorylation Of STAT Protein (GO:0042509),0.5160953073558066,1.246939568211724,0.033,0.12035964536635009,1.0
prerank,Vasculogenesis (GO:0001570),0.5383965315324046,1.2467625196780547,0.069,0.12051156446713489,1.0
prerank,Regulation Of Phagocytosis (GO:0050764),0.518125355787664,1.2463459510852244,0.038,0.12092490042186846,1.0
prerank,Positive Regulation Of NLRP3 Inflammasome Complex Assembly (GO:1900227),0.5693762850853973,1.2462041725360056,0.11658291457286432,0.12095351347078247,1.0
prerank,Negative Regulation Of Double-Strand Break Repair Via Homologous Recombination (GO:2000042),0.5714289983699153,1.2462154065701403,0.1303030303030303,0.12101585831255433,1.0
prerank,I-kappaB kinase/NF-kappaB Signaling (GO:0007249),0.5235012060843167,1.2458012350035657,0.05,0.12114873915925702,1.0
prerank,B Cell Differentiation (GO:0030183),0.5131625277043748,1.2456932231694824,0.029,0.1212206822337089,1.0
prerank,Positive Regulation Of Autophagy (GO:0010508),0.5021293592397077,1.2458047184889938,0.007,0.12122560796756884,1.0
prerank,Regulation Of B Cell Proliferation (GO:0030888),0.5322600771571795,1.2458811453162737,0.051,0.1212848870530903,1.0
prerank,protein-DNA Complex Organization (GO:0071824),0.5192059240987169,1.2458128222201559,0.026,0.12129396936934841,1.0
prerank,Regulation Of Mitotic Spindle Assembly (GO:1901673),0.5593598395774128,1.245313729905988,0.12212212212212212,0.12161551378920535,1.0
prerank,Dicarboxylic Acid Metabolic Process (GO:0043648),0.5228736992513089,1.245000718358158,0.048,0.12196559995959794,1.0
prerank,Lipopolysaccharide-Mediated Signaling Pathway (GO:0031663),0.5557666234624626,1.2446324423059067,0.10420841683366733,0.12235216336575593,1.0
prerank,Cellular Response To Interleukin-1 (GO:0071347),0.5077260578483702,1.2440747941747448,0.024,0.12297223021884557,1.0
prerank,Positive Regulation Of Cell Cycle Phase Transition (GO:1901989),0.5702264651669545,1.2436029519187342,0.13152610441767068,0.12332951824574226,1.0
prerank,Transport Along Microtubule (GO:0010970),0.559769966950835,1.2436255852364786,0.11066398390342053,0.12337779330844446,1.0
prerank,Regulation Of Nucleocytoplasmic Transport (GO:0046822),0.5726159731354731,1.243631076314369,0.11746987951807229,0.12345709357947766,1.0
prerank,Negative Regulation Of Transforming Growth Factor Beta Receptor Signaling Pathway (GO:0030512),0.5095721906393657,1.24335211020387,0.018,0.12349399785260108,1.0
prerank,Regulation Of DNA-templated DNA Replication (GO:0090329),0.5721776365603797,1.2433824359019336,0.10753768844221105,0.12353442807767094,1.0
prerank,Organelle Disassembly (GO:1903008),0.5195964795177845,1.2431179356117228,0.047,0.12367948934959129,1.0
prerank,Maturation Of 5.8S rRNA (GO:0000460),0.5817661431839638,1.2427982163359608,0.12763819095477386,0.12401171815895079,1.0
prerank,Regulation Of Innate Immune Response (GO:0045088),0.5069592381767821,1.2426692545181794,0.008,0.12409957830552558,1.0
prerank,Positive Regulation Of Chromosome Organization (GO:2001252),0.5382437883716921,1.2422897596976485,0.063,0.12448483133385436,1.0
prerank,Kidney Development (GO:0001822),0.5104735840173664,1.2419620393776816,0.026,0.12484993352730606,1.0
prerank,Anterior/Posterior Pattern Specification (GO:0009952),0.5139845721758634,1.2418484494316855,0.03,0.12491154919727816,1.0
prerank,"DNA Damage Response, Signal Transduction By P53 Class Mediator Resulting In Cell Cycle Arrest (GO:0006977)",0.5702049788661012,1.241624069253802,0.13869346733668342,0.1251195843673842,1.0
prerank,Negative Regulation Of Cyclin-Dependent Protein Kinase Activity (GO:1904030),0.5555913713741205,1.2403933532948845,0.1185929648241206,0.12659269943047147,1.0
prerank,Ameboidal-Type Cell Migration (GO:0001667),0.5643753476019413,1.2402809106372616,0.10521042084168336,0.1266478307342821,1.0
prerank,Positive Regulation Of Interleukin-8 Production (GO:0032757),0.5092045786428652,1.2400033381264741,0.035,0.12665460959707942,1.0
prerank,Reverse Cholesterol Transport (GO:0043691),0.5675557887682589,1.2400538474106912,0.1214859437751004,0.1266811122887582,1.0
prerank,Regulation Of Histone Deacetylation (GO:0031063),0.5576341737841906,1.2400578995647116,0.11033099297893681,0.12675722525202535,1.0
prerank,Cellular Response To Inorganic Substance (GO:0071241),0.5737250165833234,1.2400851328704718,0.11457286432160804,0.1268086335517453,1.0
prerank,Positive Regulation Of Dendrite Morphogenesis (GO:0050775),0.5692718769524424,1.239721112565282,0.1404040404040404,0.12695886858318334,1.0
prerank,"DNA Damage Response, Signal Transduction By P53 Class Mediator (GO:0030330)",0.5324647087971817,1.239405812659013,0.064,0.12719103930646466,1.0
prerank,Cellular Response To Topologically Incorrect Protein (GO:0035967),0.5550547333993114,1.2394680040154082,0.107,0.12719376655579703,1.0
prerank,Cortical Actin Cytoskeleton Organization (GO:0030866),0.5633082934640428,1.2389853073796397,0.11334002006018054,0.1276574485702149,1.0
prerank,Epithelial Cell Differentiation (GO:0030855),0.49335301403993415,1.2386995967885193,0.004,0.12795442195855405,1.0
prerank,Negative Regulation Of Endothelial Cell Proliferation (GO:0001937),0.5347697900987657,1.2377141783271752,0.06806806806806807,0.12915885647816722,1.0
prerank,Calcium Ion Import Across Plasma Membrane (GO:0098703),0.5334631619305764,1.2366444638627085,0.066,0.1296807125356935,1.0
prerank,ERAD Pathway (GO:0036503),0.5001036992472664,1.2366521200220606,0.021,0.1297553453080131,1.0
prerank,ncRNA Processing (GO:0034470),0.49900372213766514,1.236706360675298,0.015,0.12977520066196138,1.0
prerank,Regulation Of Autophagosome Maturation (GO:1901096),0.5669539033492834,1.236730935304594,0.1358148893360161,0.12982479725161308,1.0
prerank,Positive Regulation Of Chemokine Production (GO:0032722),0.5176901633654525,1.237036959327813,0.045,0.12986117286273774,1.0
prerank,Cellular Response To Tumor Necrosis Factor (GO:0071356),0.4974132102588628,1.2367332092812542,0.009,0.1299054855692934,1.0
prerank,Transcription By RNA Polymerase III (GO:0006383),0.5491066401938608,1.237062743235276,0.096,0.12991231519795285,1.0
prerank,Ubiquitin-Dependent ERAD Pathway (GO:0030433),0.5066386479752992,1.2367514328380773,0.03,0.12996881395147236,1.0
prerank,Negative Regulation Of Chemotaxis (GO:0050922),0.5363906365822609,1.2368171808904032,0.071,0.12997332499151693,1.0
prerank,Positive Regulation Of Endopeptidase Activity (GO:0010950),0.5398101771610143,1.2368437085234496,0.0970970970970971,0.13002576904653665,1.0
prerank,Mismatch Repair (GO:0006298),0.5439512410151776,1.2358326342912136,0.093,0.13067769008622193,1.0
prerank,Negative Regulation Of Epithelial Cell Apoptotic Process (GO:1904036),0.5273051171640503,1.2356755526843848,0.073,0.13081183062863083,1.0
prerank,Positive Regulation Of Epidermal Growth Factor Receptor Signaling Pathway (GO:0045742),0.5287755819537873,1.2355170036560208,0.08108108108108109,0.13083972419554354,1.0
prerank,Regulation Of Endothelial Cell Apoptotic Process (GO:2000351),0.5254144026167297,1.235545183494424,0.059,0.13088852732063644,1.0
prerank,Regulation Of Cellular Catabolic Process (GO:0031329),0.5157673053736198,1.2353435700584399,0.032,0.13100113677172134,1.0
prerank,Regulation Of DNA Metabolic Process (GO:0051052),0.4951672316908383,1.2350541782023643,0.006,0.13131070334893483,1.0
prerank,Positive Regulation Of Filopodium Assembly (GO:0051491),0.5406834934200002,1.2349225336256706,0.11311311311311312,0.13139907797788014,1.0
prerank,Extracellular Matrix Assembly (GO:0085029),0.5606875470355271,1.2337346419747923,0.1398390342052314,0.1327838133683776,1.0
prerank,Positive Regulation Of Cell Migration Involved In Sprouting Angiogenesis (GO:0090050),0.5733538893297865,1.2337431653234658,0.13043478260869565,0.13285808143511782,1.0
prerank,Embryonic Organ Development (GO:0048568),0.5013350120134705,1.2335132724337963,0.026,0.1329889469049063,1.0
prerank,Cellular Response To Fibroblast Growth Factor Stimulus (GO:0044344),0.5130388379914029,1.2331331972064952,0.035,0.13343389316098364,1.0
prerank,Glycerophospholipid Biosynthetic Process (GO:0046474),0.49466207148392694,1.2328467641673244,0.013,0.1337483924136083,1.0
prerank,Protein Methylation (GO:0006479),0.5370683301243308,1.2326355693539892,0.086,0.13397489411442473,1.0
prerank,Regulation Of Myotube Differentiation (GO:0010830),0.5536330949774275,1.2322322188302328,0.1111111111111111,0.13444519433877242,1.0
prerank,Stem Cell Differentiation (GO:0048863),0.5181939739752088,1.2321611776666934,0.077,0.13445384945482888,1.0
prerank,Positive Regulation Of Interferon-Beta Production (GO:0032728),0.530133979790433,1.231633969007074,0.08,0.13509618465516682,1.0
prerank,Protein Targeting To Lysosome (GO:0006622),0.5404609929430587,1.2313287924736613,0.093,0.1354468859803961,1.0
prerank,Integrated Stress Response Signaling (GO:0140467),0.5393519326069132,1.2309641141278544,0.089,0.13586661084864118,1.0
prerank,Regulation Of Protein Kinase A Signaling (GO:0010738),0.5731515351405103,1.230279410740282,0.15376782077393075,0.1367214671939042,1.0
prerank,Positive Regulation Of Response To Stimulus (GO:0048584),0.5043512403097603,1.2297784461814383,0.021,0.13677279468924022,1.0
prerank,Regulation Of Actin Polymerization Or Depolymerization (GO:0008064),0.5464352020656894,1.2297873239661872,0.10510510510510511,0.13684879272056563,1.0
prerank,Postreplication Repair (GO:0006301),0.5529989629802143,1.2298151423202743,0.13113113113113112,0.13689631600132707,1.0
prerank,Cellular Response To Retinoic Acid (GO:0071300),0.5241341508762197,1.229859774061177,0.068,0.13692484006211447,1.0
prerank,Protein Homotetramerization (GO:0051289),0.5164734455858765,1.2299212890250903,0.049,0.13692606425503195,1.0
prerank,Membrane Protein Proteolysis (GO:0033619),0.5279836948652826,1.2299436824862195,0.091,0.13698581382499006,1.0
prerank,Positive Regulation Of Cytokine-Mediated Signaling Pathway (GO:0001961),0.5200070948553009,1.2295503844515316,0.069,0.13702578833175114,1.0
prerank,tRNA Methylation (GO:0030488),0.5257279768061346,1.2299458963713565,0.084,0.13707237386309631,1.0
prerank,Intrinsic Apoptotic Signaling Pathway In Response To Endoplasmic Reticulum Stress (GO:0070059),0.5364521292819605,1.2293832830968567,0.11,0.13709600738108324,1.0
prerank,Insulin Secretion (GO:0030073),0.5684622471722491,1.2294306480438126,0.1494949494949495,0.13711190141772586,1.0
prerank,Regulation Of Chromosome Segregation (GO:0051983),0.5461804826652842,1.2292887994425308,0.10710710710710711,0.13715603432057968,1.0
prerank,Positive Regulation Of Epidermal Cell Differentiation (GO:0045606),0.5737844945671707,1.2291536473310105,0.14516129032258066,0.13726465764505885,1.0
prerank,Negative Regulation Of Protein Transport (GO:0051224),0.5438189711853813,1.2286533520122123,0.107,0.13782797358139298,1.0
prerank,Nucleobase-Containing Compound Catabolic Process (GO:0034655),0.523264142370046,1.2285359475620998,0.061,0.13790888925044872,1.0
prerank,Endothelial Cell Proliferation (GO:0001935),0.5587674739181285,1.2283518973061602,0.13453815261044177,0.13806288849554507,1.0
prerank,Mononuclear Cell Differentiation (GO:1903131),0.5478921889056918,1.22814072023639,0.112,0.13810873760955247,1.0
prerank,Response To Ionizing Radiation (GO:0010212),0.502264607761825,1.228158297281355,0.029,0.1381755989396652,1.0
prerank,Negative Regulation Of Endothelial Cell Apoptotic Process (GO:2000352),0.5433852231264377,1.2281684952803713,0.089,0.1382501107427795,1.0
prerank,Embryonic Axis Specification (GO:0000578),0.5701652574056023,1.2279740279511688,0.11391129032258064,0.1382565595160839,1.0
prerank,Mitotic Sister Chromatid Cohesion (GO:0007064),0.5577581647540952,1.2278533369930178,0.13165829145728644,0.13833878707314662,1.0
prerank,Antigen Processing And Presentation Of Peptide Antigen Via MHC Class I (GO:0002474),0.5537178210001914,1.2270659676967475,0.13668341708542714,0.13924915893297737,1.0
prerank,Regulation Of Telomerase RNA Localization To Cajal Body (GO:1904872),0.5676495625334782,1.226913898931193,0.1576305220883534,0.13927644860503569,1.0
prerank,Response To Molecule Of Bacterial Origin (GO:0002237),0.505253579043182,1.227086408707602,0.043,0.13931342630092972,1.0
prerank,Lysosome Localization (GO:0032418),0.5199479326783577,1.2269391367357925,0.077,0.13932809756478698,1.0
prerank,"Positive Regulation Of DNA-templated Transcription, Elongation (GO:0032786)",0.5097704736107123,1.226704809871758,0.047,0.1394039199029807,1.0
prerank,Calcium-Dependent Cell-Cell Adhesion Via Plasma Membrane Cell Adhesion Molecules (GO:0016339),0.5231388155619796,1.226762897972523,0.082,0.1394041736706672,1.0
prerank,Regulation Of Blood Coagulation (GO:0030193),0.5373902717599117,1.2263466379071262,0.099,0.139817565017642,1.0
prerank,Regulation Of Epidermal Growth Factor-Activated Receptor Activity (GO:0007176),0.5430208181818852,1.2258779076880773,0.10420841683366733,0.14036836368735675,1.0
prerank,Cellular Response To Unfolded Protein (GO:0034620),0.5662271230767039,1.2255768371424287,0.1462925851703407,0.1405331924016307,1.0
prerank,Positive Regulation Of Lipid Biosynthetic Process (GO:0046889),0.5179683661454155,1.2256176868705528,0.074,0.1405647759866305,1.0
prerank,Negative Regulation Of Immune Effector Process (GO:0002698),0.5689692409620974,1.2256517001831015,0.13218970736629668,0.1406064052692728,1.0
prerank,DNA Repair (GO:0006281),0.4759823226502851,1.2252906620154949,0.0,0.1407471224367212,1.0
prerank,mRNA Catabolic Process (GO:0006402),0.5272697650502743,1.2253153502042216,0.061,0.14079066023402156,1.0
prerank,Regulation Of Wound Healing (GO:0061041),0.5172089030944033,1.224682642509942,0.051,0.14150912034512048,1.0
prerank,Regulation Of Steroid Biosynthetic Process (GO:0050810),0.5619659836150008,1.2244452297126374,0.15593561368209255,0.14175739923488148,1.0
prerank,Protein Localization To Organelle (GO:0033365),0.4894263061909144,1.2243454904823106,0.011,0.14181296661067852,1.0
prerank,Regulation Of Activated T Cell Proliferation (GO:0046006),0.5316104094597548,1.2241840770794756,0.071,0.14194562677819372,1.0
prerank,Skin Development (GO:0043588),0.5035229772988535,1.223946137318103,0.042,0.14219130534147312,1.0
prerank,Positive Regulation Of Mononuclear Cell Migration (GO:0071677),0.5317003863815436,1.22338209992565,0.101,0.1429195842464617,1.0
prerank,Phospholipase C-activating G Protein-Coupled Receptor Signaling Pathway (GO:0007200),0.49557287037734,1.2232287315397714,0.028,0.14296251328886683,1.0
prerank,Negative Regulation Of Osteoblast Differentiation (GO:0045668),0.5329223177789171,1.223268982716399,0.102,0.1429935462547096,1.0
prerank,Blood Circulation (GO:0008015),0.5128264412722262,1.2231372630716197,0.054,0.1429972752521146,1.0
prerank,Regulation Of Endoplasmic Reticulum Stress-Induced Intrinsic Apoptotic Signaling Pathway (GO:1902235),0.5465531884296476,1.2229542869589882,0.12712712712712712,0.1431783044507241,1.0
prerank,Protein Processing (GO:0016485),0.49489680635739536,1.2228531308736377,0.014,0.14323767263659426,1.0
prerank,Nucleus Organization (GO:0006997),0.5187083492924777,1.2224529131931012,0.074,0.14370811032901698,1.0
prerank,Placenta Development (GO:0001890),0.544488491135605,1.222158036451113,0.12036108324974924,0.14404492204570368,1.0
prerank,Cellular Response To Radiation (GO:0071478),0.5112642714371345,1.2211551815076427,0.07,0.1453553372649261,1.0
prerank,Cardiac Muscle Tissue Morphogenesis (GO:0055008),0.5345042242114859,1.2209673142644015,0.103,0.14551642639379123,1.0
prerank,fatty-acyl-CoA Biosynthetic Process (GO:0046949),0.5356743260066799,1.2207083861639783,0.11811811811811812,0.14573492222800494,1.0
prerank,Regulation Of Myeloid Cell Differentiation (GO:0045637),0.5399849967400854,1.2207162602306787,0.10810810810810811,0.1458169080221666,1.0
prerank,Carbohydrate Catabolic Process (GO:0016052),0.514094579530672,1.2201287081952272,0.094,0.14627268397843257,1.0
prerank,Protein Insertion Into Membrane (GO:0051205),0.5635759962332526,1.2202468796983317,0.16380182002022245,0.1462896777900002,1.0
prerank,Positive Regulation Of Response To External Stimulus (GO:0032103),0.48488175251483495,1.220138424824051,0.005,0.14634930100485546,1.0
prerank,Negative Regulation Of Viral-Induced Cytoplasmic Pattern Recognition Receptor Signaling Pathway (GO:0039532),0.5719150338057316,1.219714965859805,0.16649848637739656,0.14680514777744927,1.0
prerank,Negative Regulation Of Reactive Oxygen Species Metabolic Process (GO:2000378),0.5535040685314156,1.2190049267972616,0.14714714714714713,0.14767930481673697,1.0
prerank,Dopaminergic Neuron Differentiation (GO:0071542),0.5539249806663348,1.2190164102419987,0.13039117352056168,0.14776095367545478,1.0
prerank,Positive Regulation Of Homotypic Cell-Cell Adhesion (GO:0034112),0.5646108164316513,1.2188909686268101,0.14198782961460446,0.14777108041680434,1.0
prerank,Positive Regulation Of Response To Wounding (GO:1903036),0.5374501163000002,1.2187999967575398,0.09919839679358718,0.14780930378976972,1.0
prerank,Negative Regulation Of Phosphatase Activity (GO:0010923),0.5649145072825905,1.2184471228615104,0.16363636363636364,0.14822071309333495,1.0
prerank,Negative Regulation Of Lipid Catabolic Process (GO:0050995),0.550093166921525,1.2180637541614572,0.14300100704934543,0.14847152970030691,1.0
prerank,Regulation Of Protein-Containing Complex Disassembly (GO:0043244),0.5582166323638723,1.218106354038507,0.1431451612903226,0.14849573091922658,1.0
prerank,Negative Regulation Of Fatty Acid Metabolic Process (GO:0045922),0.5470971201007528,1.218125779761891,0.14098690835850958,0.1485549309468328,1.0
prerank,Histone Deacetylation (GO:0016575),0.5264467931510124,1.2175681380720795,0.089,0.14908666840588214,1.0
prerank,Regulation Of Telomere Maintenance (GO:0032204),0.5220137130457948,1.2170605283979898,0.078,0.14967677179101685,1.0
prerank,Monoatomic Cation Homeostasis (GO:0055080),0.5016697390933131,1.2171145292962957,0.033,0.14968330643688468,1.0
prerank,Ganglioside Metabolic Process (GO:0001573),0.5525837310695865,1.2169578563923584,0.14859437751004015,0.14973687064816493,1.0
prerank,Vasculature Development (GO:0001944),0.5591846048943945,1.2168097163511515,0.14803625377643503,0.1498414895794531,1.0
prerank,Positive Regulation Of Neutrophil Chemotaxis (GO:0090023),0.56257643999895,1.2165923998496397,0.13768844221105528,0.15005831220474697,1.0
prerank,Photoperiodism (GO:0009648),0.540930376946005,1.2162847334385984,0.116,0.15042191024133708,1.0
prerank,DNA Duplex Unwinding (GO:0032508),0.5198478041814006,1.2154605538091274,0.077,0.15140432622246947,1.0
prerank,Positive Regulation Of Interleukin-1 Production (GO:0032732),0.5035344278207469,1.2154884547309217,0.045,0.15145274375972612,1.0
prerank,Response To Glucocorticoid (GO:0051384),0.5397858002569103,1.2153190732553396,0.1,0.15151491919595583,1.0
prerank,Cellular Response To Virus (GO:0098586),0.5035179486014268,1.214608157773078,0.052,0.1524470402644403,1.0
prerank,mRNA Destabilization (GO:0061157),0.5157898458029375,1.214366855475557,0.081,0.15244959529200278,1.0
prerank,Positive Regulation Of Regulatory T Cell Differentiation (GO:0045591),0.5653560362463863,1.2144176225870154,0.15438950554994954,0.15246384217805944,1.0
prerank,Myoblast Fusion (GO:0007520),0.5603264421369615,1.2144833939478794,0.15369059656218403,0.1525465238721668,1.0
prerank,Negative Regulation Of Cyclin-Dependent Protein Serine/Threonine Kinase Activity (GO:0045736),0.5465612477536368,1.2144202622605276,0.15090543259557343,0.1525516621722831,1.0
prerank,Phosphate-Containing Compound Metabolic Process (GO:0006796),0.4781720457558878,1.2138071198814107,0.002,0.15317019135458573,1.0
prerank,Vesicle-Mediated Transport To The Plasma Membrane (GO:0098876),0.4992677395750961,1.2137202486440632,0.043,0.15320526020492528,1.0
prerank,Branched-Chain Amino Acid Catabolic Process (GO:0009083),0.5538170472199205,1.2136385039124935,0.14989939637826963,0.15323058963643996,1.0
prerank,Regulation Of Interleukin-6 Production (GO:0032675),0.487548284017626,1.2135323544457008,0.024,0.1533025265034838,1.0
prerank,Regulation Of Vacuole Organization (GO:0044088),0.5649428248139962,1.2133693768805751,0.15338042381432895,0.1534470150663318,1.0
prerank,Protein Quality Control For Misfolded Or Incompletely Synthesized Proteins (GO:0006515),0.5276773528072879,1.2132073580050062,0.11911911911911911,0.15361250230520823,1.0
prerank,RNA Catabolic Process (GO:0006401),0.5069787450016066,1.2130499946317925,0.06,0.15375723333542785,1.0
prerank,Regulation Of Chemokine Production (GO:0032642),0.5202786290153014,1.2128064933285596,0.084,0.15402505155947457,1.0
prerank,Negative Regulation Of Actin Filament Polymerization (GO:0030837),0.5411742174742645,1.2124208624238118,0.134,0.15452563671113012,1.0
prerank,Regulation Of Keratinocyte Proliferation (GO:0010837),0.542085510304315,1.2123484307691423,0.11411411411411411,0.1545265259211797,1.0
prerank,Protein Depolymerization (GO:0051261),0.530092572965155,1.2122110820973264,0.102,0.154622105887142,1.0
prerank,Protein Autoubiquitination (GO:0051865),0.49924802149352526,1.2121143764263997,0.052,0.15467839063469968,1.0
prerank,Regulation Of RNA Metabolic Process (GO:0051252),0.49272125992529686,1.2119165052408398,0.024,0.1547361291700233,1.0
prerank,Regulation Of Chromatin Organization (GO:1902275),0.5288756630569417,1.2119841315585707,0.113,0.15480810110131007,1.0
prerank,DNA Replication Initiation (GO:0006270),0.5456015981537198,1.2119292313536174,0.135678391959799,0.1548088181131475,1.0
prerank,Positive Regulation Of Double-Strand Break Repair (GO:2000781),0.49178751711184615,1.2116574537426477,0.029,0.1549581986655248,1.0
prerank,Positive Regulation Of JNK Cascade (GO:0046330),0.494604602730313,1.2117076766566208,0.034,0.15497801762856925,1.0
prerank,Negative Regulation Of Cell Death (GO:0060548),0.5005868568669953,1.2112236555562332,0.053,0.15531999767770613,1.0
prerank,Intracellular Zinc Ion Homeostasis (GO:0006882),0.5557096118908484,1.2113093368407644,0.15130260521042085,0.15537143392656533,1.0
prerank,Arp2/3 Complex-Mediated Actin Nucleation (GO:0034314),0.557752709277148,1.2112481154247152,0.1606425702811245,0.15537361136096922,1.0
prerank,Negative Regulation Of Leukocyte Activation (GO:0002695),0.555183431266517,1.2111075342402484,0.16482412060301507,0.1553833540481425,1.0
prerank,Regulation Of Arp2/3 Complex-Mediated Actin Nucleation (GO:0034315),0.5513103583247471,1.2109784920000048,0.15492957746478872,0.15548018732032862,1.0
prerank,Negative Regulation Of Cytokine Production (GO:0001818),0.48099776458117394,1.210882699035188,0.006,0.15551882114301388,1.0
prerank,Positive Regulation Of Leukocyte Chemotaxis (GO:0002690),0.5054641348392677,1.2106668922426083,0.066,0.15573035800986482,1.0
prerank,Response To Interleukin-1 (GO:0070555),0.49208107191771033,1.2105434796393746,0.034,0.15581724067969527,1.0
prerank,DNA Geometric Change (GO:0032392),0.5284365521064592,1.2104743461234988,0.10810810810810811,0.15582153343211833,1.0
prerank,Mitochondrial Transport (GO:0006839),0.5068955802838087,1.2099581549693752,0.068,0.1565265336693683,1.0
prerank,Myeloid Cell Development (GO:0061515),0.5331152903755799,1.209865815554308,0.12,0.15656980058469697,1.0
prerank,Positive Regulation Of Plasma Membrane Bounded Cell Projection Assembly (GO:0120034),0.4919225146632796,1.2097503936672935,0.027,0.15663389879762116,1.0
prerank,Chromatin Remodeling (GO:0006338),0.4766963592600124,1.2095648845699694,0.001,0.15671001890416122,1.0
prerank,Negative Regulation Of Type I Interferon Production (GO:0032480),0.5213596900615725,1.2095731903377598,0.089,0.15679332845787844,1.0
prerank,Intracellular pH Reduction (GO:0051452),0.5232382223683725,1.2094350706975825,0.118,0.15682811767539612,1.0
prerank,Positive Regulation Of GTPase Activity (GO:0043547),0.4746932602073516,1.209293301961207,0.003,0.15694190921135567,1.0
prerank,Cardiac Muscle Cell Development (GO:0055013),0.5344652415254598,1.20892297369545,0.12012012012012012,0.15742022704976685,1.0
prerank,Negative Regulation Of Double-Strand Break Repair (GO:2000780),0.5277059748908993,1.2085685526152417,0.12024048096192384,0.15788846371158044,1.0
prerank,Neural Crest Cell Migration (GO:0001755),0.5169530726598935,1.2084343311459076,0.098,0.15789750235370864,1.0
prerank,Negative Regulation Of Protein Tyrosine Kinase Activity (GO:0061099),0.5363988096449679,1.2084840303985682,0.13613613613613615,0.15792061478455308,1.0
prerank,Negative Regulation Of Natural Killer Cell Mediated Cytotoxicity (GO:0045953),0.5542021876276992,1.2082814678479217,0.1720321931589537,0.1580322799040081,1.0
prerank,Mesonephric Tubule Development (GO:0072164),0.5546668943276821,1.2080905211064905,0.1628140703517588,0.1581478296098545,1.0
prerank,Regulation Of Cellular Response To Growth Factor Stimulus (GO:0090287),0.5469794796946728,1.2081025249608006,0.1372745490981964,0.15821968492010896,1.0
prerank,Intracellular Steroid Hormone Receptor Signaling Pathway (GO:0030518),0.5122565630948468,1.2078525363962316,0.081,0.15823632235673246,1.0
prerank,Actin Filament Capping (GO:0051693),0.5519402743019054,1.2078783493361613,0.16080402010050251,0.1582891564237042,1.0
prerank,Barbed-End Actin Filament Capping (GO:0051016),0.5519402743019054,1.2078783493361613,0.16080402010050251,0.1582891564237042,1.0
prerank,Positive Regulation Of Cell Adhesion Mediated By Integrin (GO:0033630),0.5468500532208281,1.2074648940581412,0.1728643216080402,0.1587222820010046,1.0
prerank,Positive Regulation Of DNA-templated Transcription Initiation (GO:2000144),0.5020642242237054,1.2069857324160764,0.059,0.1592784236617636,1.0
prerank,Endosomal Transport (GO:0016197),0.47805447724902606,1.2069986958749395,0.005,0.15935128337872634,1.0
prerank,Negative Regulation Of Fibroblast Proliferation (GO:0048147),0.550949808152762,1.2064856006561475,0.15911379657603222,0.1599246538873864,1.0
prerank,Regulation Of Intracellular Protein Transport (GO:0033157),0.513247386406033,1.2062601973059057,0.102,0.1602031621639918,1.0
prerank,Regulation Of Monocyte Chemotaxis (GO:0090025),0.5349815895483853,1.206050339533303,0.157,0.16032784717424717,1.0
prerank,Regulation Of Spindle Assembly (GO:0090169),0.525479184075575,1.206098310842812,0.117,0.16035575314694284,1.0
prerank,Modulation By Host Of Viral Process (GO:0044788),0.5331249040890114,1.2057923916054873,0.13640922768304914,0.16063094969240982,1.0
prerank,Post-Translational Protein Modification (GO:0043687),0.5074992833723225,1.2056482534803348,0.071,0.16074123041542043,1.0
prerank,Positive Regulation Of Transcription Elongation By RNA Polymerase II (GO:0032968),0.5096685161719979,1.205224656949797,0.084,0.16103602088081256,1.0
prerank,Extracellular Structure Organization (GO:0043062),0.48694605285331677,1.2052327173696125,0.02,0.1611165356668527,1.0
prerank,Modification-Dependent Protein Catabolic Process (GO:0019941),0.47629670486695747,1.2052806940191878,0.007,0.16113835652788983,1.0
prerank,Positive Regulation Of Wound Healing (GO:0090303),0.512899580268516,1.205280958552543,0.109,0.16123314379643566,1.0
prerank,Negative Regulation Of Plasma Membrane Bounded Cell Projection Assembly (GO:0120033),0.5218243087516758,1.2050404094821894,0.118,0.16125430771168733,1.0
prerank,Regulation Of Neuroinflammatory Response (GO:0150077),0.543120482625087,1.204887438288606,0.16032064128256512,0.16140958226843655,1.0
prerank,Negative Regulation Of Extrinsic Apoptotic Signaling Pathway Via Death Domain Receptors (GO:1902042),0.5351254171963218,1.2043148132527524,0.1514543630892678,0.16209802502624274,1.0
prerank,Golgi Organization (GO:0007030),0.48412037416027753,1.2043487693835804,0.019,0.16213911446393572,1.0
prerank,Positive Regulation Of Neutrophil Migration (GO:1902624),0.5428296779145694,1.2039651630293506,0.148,0.16252419399544224,1.0
prerank,Ureteric Bud Development (GO:0001657),0.5472629217726166,1.2038536466524532,0.16482412060301507,0.16258708116642548,1.0
prerank,Regulation Of Fatty Acid Biosynthetic Process (GO:0042304),0.5269884626166816,1.2034705770770229,0.124,0.16307211445717096,1.0
prerank,Signal Transduction By P53 Class Mediator (GO:0072331),0.521526275114179,1.2032171103004126,0.108,0.1633999481875031,1.0
prerank,Histone Acetylation (GO:0016573),0.5001448044685203,1.2030757064087738,0.055,0.16351361517903357,1.0
prerank,Regulation Of Transcription Initiation By RNA Polymerase II (GO:0060260),0.4998903956556314,1.2028379578497557,0.071,0.1637072959195797,1.0
prerank,Positive Regulation Of Lymphocyte Activation (GO:0051251),0.505195627749852,1.2028406446448932,0.074,0.16379644207390504,1.0
prerank,Cytosolic Pattern Recognition Receptor Signaling Pathway (GO:0002753),0.5475397988894609,1.2026990810521867,0.1628140703517588,0.16383574512350307,1.0
prerank,Glycerophospholipid Metabolic Process (GO:0006650),0.49878068796688907,1.2024948800997077,0.045,0.16404737744973136,1.0
prerank,Positive Regulation Of Transcription Initiation By RNA Polymerase II (GO:0060261),0.5013576697346964,1.2019877260720688,0.08,0.16470663475592706,1.0
prerank,ATP Metabolic Process (GO:0046034),0.5208307826505219,1.2017796264286036,0.13713713713713713,0.16492973723283963,1.0
prerank,Homophilic Cell Adhesion Via Plasma Membrane Adhesion Molecules (GO:0007156),0.49785383307225445,1.2016465025277148,0.059,0.16494667813817798,1.0
prerank,Maturation Of SSU-rRNA (GO:0030490),0.5144612167202427,1.2016881831859785,0.104,0.16497340728122373,1.0
prerank,Positive Regulation Of Alpha-Beta T Cell Activation (GO:0046635),0.5408653502530147,1.201296821592938,0.16080402010050251,0.1653912148637339,1.0
prerank,Regulation Of Keratinocyte Differentiation (GO:0045616),0.5331638282894975,1.201164883804056,0.147,0.1655001618167094,1.0
prerank,Receptor Signaling Pathway Via STAT (GO:0097696),0.5199185011857832,1.2009184801562254,0.118,0.165792962624253,1.0
prerank,Positive Regulation Of Positive Chemotaxis (GO:0050927),0.5590438483813637,1.2005340268359106,0.18126888217522658,0.1662977194571752,1.0
prerank,Neuromuscular Synaptic Transmission (GO:0007274),0.5386945175910505,1.2003807533941317,0.16851664984863773,0.1664349367594543,1.0
prerank,Negative Regulation Of Epithelial To Mesenchymal Transition (GO:0010719),0.5208179338915464,1.2002005716497974,0.11,0.16659806674632,1.0
prerank,"Retrograde Transport, Endosome To Golgi (GO:0042147)",0.4913461095651495,1.1998223441026863,0.032,0.16712406294798565,1.0
prerank,Mitotic Nuclear Division (GO:0140014),0.5112610338807234,1.199429029983081,0.072,0.16756000586447342,1.0
prerank,RNA Polymerase II Preinitiation Complex Assembly (GO:0051123),0.5051411107965852,1.1994680903373176,0.083,0.1675938951377501,1.0
prerank,Regulation Of B Cell Receptor Signaling Pathway (GO:0050855),0.5600578934787241,1.198905130439282,0.17290192113245703,0.16830996606422302,1.0
prerank,Cellular Response To Misfolded Protein (GO:0071218),0.5393232120997096,1.1985981912217714,0.1693548387096774,0.16861156818866294,1.0
prerank,"Positive Regulation Of DNA Damage Response, Signal Transduction By P53 Class Mediator (GO:0043517)",0.5627176645442381,1.198611453722065,0.1822759315206445,0.16868760041955136,1.0
prerank,Negative Regulation Of Ras Protein Signal Transduction (GO:0046580),0.5162046838003412,1.1983967183849624,0.13413413413413414,0.16874753900914444,1.0
prerank,Protein Deacetylation (GO:0006476),0.5136411763815176,1.1984130528639076,0.093,0.16882298492289421,1.0
prerank,Protein Homooligomerization (GO:0051260),0.4786830378147129,1.1982318246994388,0.029,0.16891944081912763,1.0
prerank,Glycerolipid Catabolic Process (GO:0046503),0.5450585106591044,1.1981628818375294,0.1646586345381526,0.16893849573796701,1.0
prerank,Negative Regulation Of Protein Depolymerization (GO:1901880),0.5444484423963017,1.197780367131052,0.15160642570281124,0.16944802661771635,1.0
prerank,Cellular Response To Glucocorticoid Stimulus (GO:0071385),0.5568354343552674,1.1974005303330266,0.16416416416416416,0.16985578832954323,1.0
prerank,Erythrocyte Differentiation (GO:0030218),0.5031130587200267,1.197410117223686,0.083,0.16993395633511793,1.0
prerank,Regulation Of Cholesterol Transport (GO:0032374),0.5342346088139793,1.1969869145897951,0.14529058116232466,0.17041218909860922,1.0
prerank,T Cell Activation (GO:0042110),0.4825443964407653,1.1963061107341786,0.032,0.17142056140067846,1.0
prerank,Skeletal System Morphogenesis (GO:0048705),0.5128487172603235,1.196197979458088,0.097,0.17149437174890217,1.0
prerank,Peptide Metabolic Process (GO:0006518),0.5008389117544144,1.1960238624031738,0.07,0.17167079328367063,1.0
prerank,Activation Of NF-kappaB-inducing Kinase Activity (GO:0007250),0.5563580937288811,1.1959099418352248,0.1765295887662989,0.1717438021143832,1.0
prerank,Regulation Of Ruffle Assembly (GO:1900027),0.5377967684765462,1.195748104294973,0.14914914914914915,0.17191701319457559,1.0
prerank,Positive Regulation Of Viral Life Cycle (GO:1903902),0.5340494054742474,1.1956499891051542,0.1619718309859155,0.1719731880834709,1.0
prerank,Epidermis Development (GO:0008544),0.4887364378292009,1.194805569041835,0.037,0.1726367211050261,1.0
prerank,RNA Export From Nucleus (GO:0006405),0.4943038785238552,1.195028033917092,0.062,0.17267362828938673,1.0
prerank,Regulation Of DNA Recombination (GO:0000018),0.5176667786929591,1.1949358713798721,0.11411411411411411,0.1727229567507331,1.0
prerank,Positive Regulation Of Cytoskeleton Organization (GO:0051495),0.49332109201606167,1.19486951238745,0.056,0.17272311437399582,1.0
prerank,Positive Regulation Of Lymphocyte Proliferation (GO:0050671),0.49370607910745323,1.1951197097516981,0.059,0.1727247724237962,1.0
prerank,Regulation Of Intracellular Steroid Hormone Receptor Signaling Pathway (GO:0033143),0.5363007669035028,1.1948086226639243,0.15515515515515516,0.17272955031821377,1.0
prerank,Regulation Of Protein Transport (GO:0051223),0.5173812551301268,1.1946698785456151,0.138,0.17275836360643046,1.0
prerank,Gluconeogenesis (GO:0006094),0.5188165439240895,1.195034500560148,0.136,0.1727626864878816,1.0
prerank,Negative Regulation Of Leukocyte Cell-Cell Adhesion (GO:1903038),0.5457115683878588,1.194571387559127,0.1675025075225677,0.17282972533661847,1.0
prerank,Alpha-Amino Acid Metabolic Process (GO:1901605),0.5205733088112974,1.1944321479394562,0.12324649298597194,0.17293631309303706,1.0
prerank,Negative Regulation Of ATP-dependent Activity (GO:0032780),0.5503637391403456,1.1940576975277848,0.1693548387096774,0.17336527824083994,1.0
prerank,Intracellular Calcium Ion Homeostasis (GO:0006874),0.4766846128700114,1.194085839945469,0.017,0.17341614095319,1.0
prerank,Regulation Of Response To External Stimulus (GO:0032101),0.4773155603608324,1.1939552668657818,0.025,0.17342419412980248,1.0
prerank,Cytokine-Mediated Signaling Pathway (GO:0019221),0.4665561046657339,1.1934355935472893,0.001,0.17416656166770123,1.0
prerank,Inflammatory Response (GO:0006954),0.46703418882029657,1.1927570084553343,0.003,0.17509712629266555,1.0
prerank,Negative Regulation Of Blood Coagulation (GO:0030195),0.5180923649174831,1.1927859270375456,0.14228456913827656,0.1751403390832678,1.0
prerank,Positive Regulation Of Stress-Activated MAPK Cascade (GO:0032874),0.47936648804624854,1.1925838438370615,0.025,0.17516107354374522,1.0
prerank,Positive Regulation Of Osteoclast Differentiation (GO:0045672),0.5486235246056106,1.1926465887333588,0.17220543806646527,0.17516286714126084,1.0
prerank,Response To Amino Acid Starvation (GO:1990928),0.5119049823516407,1.1924729768124342,0.101,0.17525276583325428,1.0
prerank,Negative Regulation Of DNA-binding Transcription Factor Activity (GO:0043433),0.47458842524575895,1.1923033410063417,0.023,0.1754253277443398,1.0
prerank,Positive Regulation Of Macrophage Derived Foam Cell Differentiation (GO:0010744),0.543378524228969,1.1918005307868187,0.18473895582329317,0.17611891360186416,1.0
prerank,Calcium Ion Transport (GO:0006816),0.47808023811383477,1.1916427325093282,0.023,0.17617587201717566,1.0
prerank,High-Density Lipoprotein Particle Remodeling (GO:0034375),0.5503351927181294,1.1916503889888996,0.1814516129032258,0.17626420685474167,1.0
prerank,Negative Regulation Of DNA Recombination (GO:0045910),0.5244261150634024,1.1910476534726933,0.15531062124248496,0.17697465100267729,1.0
prerank,DNA-templated DNA Replication (GO:0006261),0.48913766592960317,1.1910666233447083,0.064,0.17704299845422616,1.0
prerank,"Nuclear-Transcribed mRNA Catabolic Process, Deadenylation-Dependent Decay (GO:0000288)",0.5066398880561984,1.1906560986510937,0.131,0.17752037246952931,1.0
prerank,Receptor Signaling Pathway Via JAK-STAT (GO:0007259),0.511686901246901,1.1905272115202261,0.11,0.17764867319222483,1.0
prerank,T Cell Receptor Signaling Pathway (GO:0050852),0.4839071982763328,1.1903183727203852,0.041,0.17786589299284475,1.0
prerank,Response To Type II Interferon (GO:0034341),0.48572418951780855,1.1897020118724044,0.046,0.17870274946152365,1.0
prerank,Regulation Of DNA Strand Elongation (GO:0060382),0.5417561365277711,1.1897285528063817,0.19076305220883535,0.17875103301711778,1.0
prerank,Negative Regulation Of Axon Extension (GO:0030517),0.5157663258735184,1.1895602757529984,0.132,0.17881884114703112,1.0
prerank,Non-Membrane-Bounded Organelle Assembly (GO:0140694),0.47441934733450364,1.1891639308227757,0.023,0.1793830560061977,1.0
prerank,Regulation Of Embryonic Development (GO:0045995),0.49411525985822535,1.1889280101473878,0.07,0.17966389515338618,1.0
prerank,Regulation Of Inflammatory Response (GO:0050727),0.4664988815305041,1.1888338980203426,0.007,0.1797163302409887,1.0
prerank,Regulation Of Interleukin-10 Production (GO:0032653),0.5030585399719255,1.188477018833899,0.096,0.18020441408928822,1.0
prerank,Intraciliary Anterograde Transport (GO:0035720),0.5515048095476534,1.188384941081808,0.17593528816986856,0.18026714911860187,1.0
prerank,Positive Regulation Of Peptide Hormone Secretion (GO:0090277),0.5036560562626348,1.1883133143860052,0.081,0.18028550669816776,1.0
prerank,Regulation Of Interleukin-1 Beta Production (GO:0032651),0.4853078413322119,1.1882546873471223,0.057,0.18028702765555887,1.0
prerank,Fat Cell Differentiation (GO:0045444),0.49210386664876465,1.1880767735922935,0.061,0.18048406393515315,1.0
prerank,Regulation Of Hormone Secretion (GO:0046883),0.5526163013312081,1.1876842932401424,0.1917255297679112,0.18108233291171058,1.0
prerank,Limb Development (GO:0060173),0.5290696452862365,1.1871987100003183,0.148,0.18180304292534222,1.0
prerank,Regulation Of Establishment Or Maintenance Of Cell Polarity (GO:0032878),0.555178052181997,1.1870678392479352,0.19678714859437751,0.18193737984268207,1.0
prerank,Respiratory System Development (GO:0060541),0.5098581715966597,1.1868180888820972,0.138,0.18226944129217,1.0
prerank,Negative Regulation Of Lipid Biosynthetic Process (GO:0051055),0.5198277905632323,1.1858134689396844,0.168,0.18394972692969852,1.0
prerank,Organophosphate Biosynthetic Process (GO:0090407),0.5112440719688762,1.185668587975596,0.129,0.18410274061298165,1.0
prerank,Transcription Preinitiation Complex Assembly (GO:0070897),0.49735304468555197,1.1851037975223815,0.102,0.18498772195708033,1.0
prerank,Protein K48-linked Ubiquitination (GO:0070936),0.4851048818686544,1.1848514849776726,0.066,0.18530451377522814,1.0
prerank,Regulation Of Nucleic Acid-Templated Transcription (GO:1903506),0.45793414710783276,1.1846780784050235,0.0,0.18551560189099003,1.0
prerank,Establishment Of Protein Localization To Vacuole (GO:0072666),0.5204520571206467,1.1844042499325447,0.142,0.18565775452864414,1.0
prerank,Neurogenesis (GO:0022008),0.49604154026232544,1.1844202021384622,0.115,0.1857305040201405,1.0
prerank,Positive Regulation Of Cytosolic Calcium Ion Concentration Involved In Phospholipase C-activating G Protein-Coupled Signaling Pathway (GO:0051482),0.5175524328436966,1.1844714467030943,0.154,0.18574651040025011,1.0
prerank,Long-Chain fatty-acyl-CoA Metabolic Process (GO:0035336),0.5268317777787338,1.1840701210912408,0.16616616616616617,0.18609620634317817,1.0
prerank,Positive Regulation Of Tyrosine Phosphorylation Of STAT Protein (GO:0042531),0.49485979480261383,1.183957196374402,0.089,0.18619676308413685,1.0
prerank,Regulation Of Epidermal Growth Factor Receptor Signaling Pathway (GO:0042058),0.4948684027786154,1.1837547213906598,0.105,0.18646276265098688,1.0
prerank,Regulation Of Transcription Elongation By RNA Polymerase II (GO:0034243),0.48551873502976023,1.1833951654063934,0.067,0.18697055309370347,1.0
prerank,Negative Regulation Of Response To Wounding (GO:1903035),0.5258971049748968,1.1830094972952285,0.15015015015015015,0.18752106492820486,1.0
prerank,Ventricular Cardiac Muscle Tissue Development (GO:0003229),0.5246276774546444,1.182614624735007,0.15615615615615616,0.1881053530255195,1.0
prerank,Positive Regulation Of T Cell Migration (GO:2000406),0.5253309099232897,1.1820862802488197,0.15715715715715717,0.18895395849350796,1.0
prerank,Nucleic Acid-Templated Transcription (GO:0097659),0.5039258144422336,1.1819262879735049,0.115,0.18912905156348986,1.0
prerank,Monoatomic Cation Transmembrane Transport (GO:0098655),0.4622143409203728,1.1816687335092797,0.006,0.18946840156591163,1.0
prerank,Determination Of Bilateral Symmetry (GO:0009855),0.5337654202370176,1.1815600196018878,0.16816816816816818,0.1895683071351656,1.0
prerank,Positive Regulation Of Intracellular Transport (GO:0032388),0.5060523257652887,1.1814342344865374,0.128,0.18968414191553806,1.0
prerank,Antigen Processing And Presentation Of Endogenous Peptide Antigen (GO:0002483),0.5241682410420964,1.1802842611026731,0.18018018018018017,0.1916163108490722,1.0
prerank,Regulation Of Intracellular Transport (GO:0032386),0.5077730323126065,1.1796715946636176,0.13913913913913914,0.1924632218372902,1.0
prerank,ncRNA Catabolic Process (GO:0034661),0.5108716390187906,1.1796757970613159,0.17,0.19256126786626093,1.0
prerank,L-amino Acid Transport (GO:0015807),0.5157317891095019,1.179466616032858,0.137,0.19271903464961734,1.0
prerank,Golgi Vesicle Transport (GO:0048193),0.46532797256838226,1.1791108000382933,0.01,0.19313665043076686,1.0
prerank,"Synaptic Transmission, Cholinergic (GO:0007271)",0.5337780924199818,1.178989439799953,0.20241691842900303,0.19314971443007697,1.0
prerank,Cellular Response To Lipopolysaccharide (GO:0071222),0.47156141713123223,1.1791578177968896,0.033,0.1931565829176435,1.0
prerank,Regulation Of Receptor Recycling (GO:0001919),0.5357699907715049,1.179006270656129,0.18894472361809045,0.19322197343223058,1.0
prerank,Regulation Of Microtubule Depolymerization (GO:0031114),0.531812826069923,1.1787642278009034,0.1653306613226453,0.1934248085962106,1.0
prerank,Glycosphingolipid Metabolic Process (GO:0006687),0.5109557689602601,1.1786881506170324,0.147,0.19346032764631468,1.0
prerank,Protein Catabolic Process (GO:0030163),0.4761474717382658,1.1785679190761886,0.053,0.19355682981432,1.0
prerank,Plasma Membrane Bounded Cell Projection Assembly (GO:0120031),0.46065914532688446,1.1783628427020583,0.006,0.1938290490498367,1.0
prerank,Cardiac Muscle Contraction (GO:0060048),0.5140370106178183,1.178086035066911,0.141,0.19423550995571814,1.0
prerank,Negative Regulation Of Antigen Receptor-Mediated Signaling Pathway (GO:0050858),0.5238736944516728,1.1778733995661501,0.15515515515515516,0.19449443447131556,1.0
prerank,Calcium Ion Transmembrane Transport (GO:0070588),0.4806070366735211,1.1775110217950668,0.064,0.19501089015102646,1.0
prerank,Cholesterol Biosynthetic Process (GO:0006695),0.5178254431942817,1.1773313565869399,0.16116116116116116,0.19523840409042453,1.0
prerank,Cytoskeleton Organization (GO:0007010),0.47319272143723407,1.1761128673590593,0.041,0.19697856954624673,1.0
prerank,Protein Polyubiquitination (GO:0000209),0.4616048212016154,1.176117065644775,0.006,0.19707872206628285,1.0
prerank,Cytosolic Transport (GO:0016482),0.47390432723280485,1.1761440332524467,0.035,0.19713900642966972,1.0
prerank,Positive Regulation Of Interleukin-1 Beta Production (GO:0032731),0.4904741739577209,1.1761889810450499,0.088,0.19716757622815,1.0
prerank,Golgi To Vacuole Transport (GO:0006896),0.5417848036159159,1.1756481977204793,0.20724346076458752,0.19768114607943724,1.0
prerank,Cellular Response To Amino Acid Starvation (GO:0034198),0.5045122982199515,1.1754211390027867,0.12,0.1980075472008239,1.0
prerank,Cellular Response To Corticosteroid Stimulus (GO:0071384),0.5577157003852312,1.174718454459861,0.19477911646586346,0.19914352682601663,1.0
prerank,Response To Nutrient Levels (GO:0031667),0.5057593955551993,1.1746513531420244,0.143,0.19916964854069963,1.0
prerank,Regulation Of Fibroblast Growth Factor Receptor Signaling Pathway (GO:0040036),0.5336252224383985,1.1745580861331222,0.17925478348439072,0.19922629257853147,1.0
prerank,Negative Regulation Of NF-kappaB Transcription Factor Activity (GO:0032088),0.47835024663885284,1.174183240817924,0.074,0.19975997120030173,1.0
prerank,Positive Regulation Of Response To Biotic Stimulus (GO:0002833),0.5041088141920582,1.1740925030949345,0.11,0.19980696754981989,1.0
prerank,Positive Regulation Of Striated Muscle Cell Differentiation (GO:0051155),0.521121672073789,1.1738885457081503,0.17352056168505517,0.2000576151783952,1.0
prerank,Branched-Chain Amino Acid Metabolic Process (GO:0009081),0.5400239277240533,1.1736905750231759,0.20682730923694778,0.20030036884360772,1.0
prerank,Purine Ribonucleoside Triphosphate Metabolic Process (GO:0009205),0.5066820927139523,1.17351940533197,0.16132264529058116,0.20048681952448263,1.0
prerank,acetyl-CoA Metabolic Process (GO:0006084),0.5389305383922037,1.1733864971959675,0.20883534136546184,0.20062630316787866,1.0
prerank,RNA Phosphodiester Bond Hydrolysis (GO:0090501),0.5156262754880178,1.1729473345384893,0.171,0.20136128377480542,1.0
prerank,Positive Regulation Of Locomotion (GO:0040017),0.5129674436583256,1.1728475454033491,0.172,0.20143387296156934,1.0
prerank,Potassium Ion Transport (GO:0006813),0.4715732293882249,1.1726862802595972,0.037,0.20162256069831755,1.0
prerank,Regulation Of Rac Protein Signal Transduction (GO:0035020),0.5471826418521766,1.172462881788779,0.21515151515151515,0.2019163061956575,1.0
prerank,Protein-Containing Complex Disassembly (GO:0032984),0.48303838375383396,1.1723279319338813,0.09,0.2020573479002856,1.0
prerank,Maintenance Of Protein Localization In Organelle (GO:0072595),0.537194906541482,1.1721569644791165,0.19396984924623115,0.20212824826475523,1.0
prerank,Mitochondrion Organization (GO:0007005),0.46655413930966017,1.1721788611152488,0.026,0.20220203072920145,1.0
prerank,Response To Zinc Ion (GO:0010043),0.5160148951468605,1.1719662249030929,0.17051153460381144,0.2023728978595518,1.0
prerank,Neural Crest Cell Differentiation (GO:0014033),0.5301124205492375,1.1717518740964823,0.19698492462311556,0.2026248583938779,1.0
prerank,Heart Contraction (GO:0060047),0.5015530574031186,1.1715888518815616,0.135,0.20268526226444186,1.0
prerank,Regulation Of T Cell Activation (GO:0050863),0.4851865883937282,1.1716522430531666,0.09,0.20268887851436088,1.0
prerank,Protein K63-linked Ubiquitination (GO:0070534),0.4905000303440125,1.171319988351851,0.107,0.20306576429549258,1.0
prerank,Macromolecule Modification (GO:0043412),0.47929434588049447,1.171176062512463,0.078,0.20321097562639684,1.0
prerank,Endoplasmic Reticulum Calcium Ion Homeostasis (GO:0032469),0.5291811265114745,1.170791597903966,0.19779116465863453,0.203679460172122,1.0
prerank,Embryonic Organ Morphogenesis (GO:0048562),0.49401599656062434,1.1708317510315576,0.125,0.20372084183820371,1.0
prerank,DNA Recombination (GO:0006310),0.49880565568413965,1.1705837521281448,0.146,0.20395402417930428,1.0
prerank,Embryonic Digit Morphogenesis (GO:0042733),0.5450829058253462,1.1700848551036853,0.19939577039274925,0.20477462522713705,1.0
prerank,Positive Regulation Of Alpha-Beta T Cell Proliferation (GO:0046641),0.5302328076601223,1.169621293356075,0.20962888665997995,0.20551356752639746,1.0
prerank,Positive Regulation Of Defense Response (GO:0031349),0.46839743946982465,1.1695433112480293,0.03,0.205558500081252,1.0
prerank,Striated Muscle Contraction (GO:0006941),0.48852960435224163,1.169394670427315,0.093,0.20572549221857842,1.0
prerank,Sodium Ion Import Across Plasma Membrane (GO:0098719),0.5278550318364907,1.169319604150281,0.1933867735470942,0.20575520884833484,1.0
prerank,Response To Lipopolysaccharide (GO:0032496),0.4629800807515476,1.168524315702771,0.026,0.20690052165427894,1.0
prerank,Response To Interferon-Beta (GO:0035456),0.5127235203457974,1.168561256795543,0.17117117117117117,0.20693000685284554,1.0
prerank,Fatty Acid Transport (GO:0015908),0.49934619728454427,1.1685995950128318,0.142,0.206967046530637,1.0
prerank,Regulation Of Spindle Organization (GO:0090224),0.5263420208597376,1.16781752080276,0.204,0.20784172426843112,1.0
prerank,Bone Development (GO:0060348),0.4928304836970696,1.1678320905857655,0.142,0.20793118377079448,1.0
prerank,DNA-templated Transcription Initiation (GO:0006352),0.48887667465931095,1.167888298952593,0.104,0.2079375852555619,1.0
prerank,Lipid Droplet Organization (GO:0034389),0.5108324856753601,1.1676729059043331,0.171,0.20796607114477875,1.0
prerank,Long-Chain Fatty Acid Transport (GO:0015909),0.5192049394281396,1.1672712784760961,0.19539078156312625,0.20856351543381704,1.0
prerank,Muscle Tissue Development (GO:0060537),0.5033193019458643,1.1668716042883231,0.156,0.20922024513481058,1.0
prerank,Positive Regulation Of Granulocyte Chemotaxis (GO:0071624),0.5323421830225352,1.1664443785086989,0.2032032032032032,0.20982342534105505,1.0
prerank,mRNA Transport (GO:0051028),0.48551174846753903,1.166511771681927,0.113,0.20982707488728858,1.0
prerank,Extracellular Matrix Organization (GO:0030198),0.4610756689382553,1.1663336236413353,0.022,0.20990311252391117,1.0
prerank,Hexose Biosynthetic Process (GO:0019319),0.5027605653605931,1.166174705169062,0.16,0.21009590133258618,1.0
prerank,Inositol Phosphate Metabolic Process (GO:0043647),0.5213623363874181,1.1659339378888742,0.19377510040160642,0.21040961492851168,1.0
prerank,Negative Regulation Of Epithelial Cell Differentiation (GO:0030857),0.546116961020153,1.1655477514483137,0.22548028311425683,0.21093582615764447,1.0
prerank,Regulation Of Hippo Signaling (GO:0035330),0.5111747453448543,1.165550283368742,0.1871871871871872,0.21104352529392048,1.0
prerank,Negative Regulation Of Hydrolase Activity (GO:0051346),0.49151338625604973,1.1654293967286902,0.115,0.2110541327951147,1.0
prerank,Melanosome Organization (GO:0032438),0.4962316698420846,1.1653031180452693,0.151,0.21116326131192714,1.0
prerank,Myeloid Cell Differentiation (GO:0030099),0.48781768240574863,1.1650472336397424,0.097,0.21142319108583973,1.0
prerank,Bicarbonate Transport (GO:0015701),0.5288490054897638,1.1650510890472265,0.20381526104417672,0.2115271949643525,1.0
prerank,Negative Regulation Of Myeloid Cell Differentiation (GO:0045638),0.5293250105550023,1.1644346934868512,0.2136409227683049,0.21232656026487995,1.0
prerank,Superoxide Metabolic Process (GO:0006801),0.508903733436247,1.164370597637291,0.161,0.2123417870222354,1.0
prerank,Regulation Of Amide Metabolic Process (GO:0034248),0.48994531869595576,1.1644475537339534,0.154,0.21241179517946993,1.0
prerank,Regulation Of T Cell Migration (GO:2000404),0.5190249979153964,1.1639370137735654,0.1991991991991992,0.2126221267760928,1.0
prerank,Positive Regulation Of Phagocytosis (GO:0050766),0.48205065442702216,1.1641463131361547,0.094,0.21265795121155337,1.0
prerank,Secretory Granule Organization (GO:0033363),0.5108318675221477,1.1639587839392815,0.1841841841841842,0.21268657970477017,1.0
prerank,Regulation Of Presynapse Organization (GO:0099174),0.5312412958840201,1.1639739299122047,0.20443101711983888,0.21276223559156934,1.0
prerank,Regulation Of Presynapse Assembly (GO:1905606),0.5312412958840201,1.1639739299122047,0.20443101711983888,0.21276223559156934,1.0
prerank,Regulation Of Notch Signaling Pathway (GO:0008593),0.480161915233677,1.16350619247479,0.099,0.2133226924700138,1.0
prerank,NAD Metabolic Process (GO:0019674),0.5190843852197689,1.1626599285403039,0.19759277833500502,0.21484949595659383,1.0
prerank,Positive Regulation Of Lipid Catabolic Process (GO:0050996),0.5216088048128684,1.1623011516333077,0.20340681362725452,0.2153078961543922,1.0
prerank,Positive Regulation Of ATP-dependent Activity (GO:0032781),0.4963870010101164,1.1623408358225704,0.152,0.21534930743077058,1.0
prerank,Positive Regulation Of DNA Recombination (GO:0045911),0.4865367858394562,1.1622028466210506,0.14,0.21539014119560382,1.0
prerank,Inorganic Cation Transmembrane Transport (GO:0098662),0.4543383024866131,1.1619435454199099,0.009,0.21566888205326573,1.0
prerank,Regulation Of DNA Methylation-Dependent Heterochromatin Formation (GO:0090308),0.538437453745659,1.161989289690859,0.22424242424242424,0.2156924670136087,1.0
prerank,Intracellular Estrogen Receptor Signaling Pathway (GO:0030520),0.5369063509685602,1.1617246733177142,0.22132796780684105,0.21599236628892207,1.0
prerank,"Nuclear-Transcribed mRNA Catabolic Process, Nonsense-Mediated Decay (GO:0000184)",0.5107497825878924,1.1615855521809682,0.1841841841841842,0.21613417161539622,1.0
prerank,Chloride Transport (GO:0006821),0.4761458815128355,1.1614884451508993,0.085,0.21619363623142973,1.0
prerank,Regulation Of Protein Processing (GO:0070613),0.5106989707188357,1.1603500523398218,0.194,0.21814657712822222,1.0
prerank,Endomembrane System Organization (GO:0010256),0.46007390954943866,1.1602762850754422,0.029,0.21819331651201937,1.0
prerank,Prostaglandin Biosynthetic Process (GO:0001516),0.5311703710725001,1.1603505013646374,0.21169354838709678,0.21826039839689423,1.0
prerank,Regulation Of Transcription By RNA Polymerase I (GO:0006356),0.5084401300309286,1.1601213362495066,0.1743486973947896,0.21835777680447957,1.0
prerank,Sphingolipid Biosynthetic Process (GO:0030148),0.47576354098065593,1.1599558525806302,0.085,0.21856147547130483,1.0
prerank,Regulation Of Transcription By RNA Polymerase III (GO:0006359),0.5101339057871757,1.1594338834633182,0.184,0.21949919943160504,1.0
prerank,Negative Regulation Of B Cell Activation (GO:0050869),0.5237660175412786,1.159117156470869,0.21263791374122368,0.2198638346633999,1.0
prerank,Calcium Ion Homeostasis (GO:0055074),0.4706216600297861,1.1591334705889764,0.07,0.21994932767071865,1.0
prerank,Protein Localization To Lysosome (GO:0061462),0.490568499451156,1.158992329386043,0.153,0.21998923235243315,1.0
prerank,Cognition (GO:0050890),0.4870957358518234,1.1588817375929692,0.141,0.22007990761130944,1.0
prerank,Endoplasmic Reticulum To Golgi Vesicle-Mediated Transport (GO:0006888),0.46404602817774265,1.1587196885264577,0.064,0.22027158731427499,1.0
prerank,Secondary Alcohol Biosynthetic Process (GO:1902653),0.5123666603434025,1.158495396441593,0.1841841841841842,0.22058191375520853,1.0
prerank,Negative Regulation Of Telomere Maintenance (GO:0032205),0.5399203770940473,1.1582611656442057,0.23582995951417005,0.22088354288779977,1.0
prerank,Positive Regulation Of Reproductive Process (GO:2000243),0.49706723790313406,1.158127276114914,0.17517517517517517,0.2210326607752909,1.0
prerank,Nuclear-Transcribed mRNA poly(A) Tail Shortening (GO:0000289),0.5262468595851144,1.1579312627864042,0.22457200402819738,0.22127676071450653,1.0
prerank,Peptidyl-Glutamic Acid Modification (GO:0018200),0.5195462552993649,1.1578503800011553,0.22690763052208834,0.22132154722705197,1.0
prerank,External Encapsulating Structure Organization (GO:0045229),0.46715834274665463,1.1576941068608644,0.064,0.2215192886520054,1.0
prerank,Macromolecule Catabolic Process (GO:0009057),0.47158722829716265,1.1573934707733398,0.091,0.2219955276196527,1.0
prerank,mRNA Export From Nucleus (GO:0006406),0.4795596682439504,1.1565431563077242,0.117,0.22351299530938004,1.0
prerank,Amyloid Precursor Protein Metabolic Process (GO:0042982),0.530808542415146,1.1564575628977083,0.22860020140986909,0.22355965073908665,1.0
prerank,Nicotinamide Nucleotide Metabolic Process (GO:0046496),0.5268123799210589,1.156255998941953,0.21370967741935484,0.2237054196492207,1.0
prerank,"Maturation Of 5.8S rRNA From Tricistronic rRNA Transcript (SSU-rRNA, 5.8S rRNA, LSU-rRNA) (GO:0000466)",0.514750855294387,1.1563000176166305,0.2226680040120361,0.22373132192676395,1.0
prerank,Negative Regulation Of Intracellular Protein Transport (GO:0090317),0.5161031235758983,1.1556325148776208,0.1871871871871872,0.2247098810423697,1.0
prerank,Regulation Of Organelle Assembly (GO:1902115),0.475878049100795,1.1555233519454573,0.1,0.22478855387020416,1.0
prerank,Regulation Of mRNA Metabolic Process (GO:1903311),0.5335707775368095,1.1556451400372039,0.2326283987915408,0.22480863694681613,1.0
prerank,Vacuolar Acidification (GO:0007035),0.5053802016918482,1.1553886166881127,0.1971971971971972,0.22491288268703355,1.0
prerank,Potassium Ion Transmembrane Transport (GO:0071805),0.46211603951346725,1.1551185907134804,0.053,0.2252926652029262,1.0
prerank,Positive Regulation Of Inflammatory Response (GO:0050729),0.46512416940645973,1.1545500565506697,0.07,0.2262774494801653,1.0
prerank,Mitochondrial Respiratory Chain Complex Assembly (GO:0033108),0.46965121705297197,1.1540627548215092,0.084,0.2271543103924231,1.0
prerank,Central Nervous System Neuron Differentiation (GO:0021953),0.5018997482032147,1.1539420248775776,0.1881881881881882,0.22725951946525338,1.0
prerank,Protein Targeting To Vacuole (GO:0006623),0.4966109951654762,1.1537650338165888,0.177,0.22747866749767878,1.0
prerank,Cellular Response To Molecule Of Bacterial Origin (GO:0071219),0.4620455357343597,1.1536411280653207,0.066,0.22760587914306346,1.0
prerank,Positive Regulation Of Interleukin-10 Production (GO:0032733),0.5046380847665684,1.1527412880183352,0.177,0.22890192663262957,1.0
prerank,Antigen Processing And Presentation Of Peptide Antigen Via MHC Class II (GO:0002495),0.5075401648011534,1.152810831111338,0.22322322322322322,0.22900275760663558,1.0
prerank,Antigen Processing And Presentation Of Exogenous Peptide Antigen Via MHC Class II (GO:0019886),0.5075401648011534,1.152810831111338,0.22322322322322322,0.22900275760663558,1.0
prerank,Toll-Like Receptor 4 Signaling Pathway (GO:0034142),0.527358802277313,1.1527432213388398,0.2289156626506024,0.22901620597818179,1.0
prerank,Negative Regulation Of Cytokine Production Involved In Immune Response (GO:0002719),0.524722442045173,1.1521538899168222,0.2522613065326633,0.22985450010510058,1.0
prerank,Water Transport (GO:0006833),0.532504137306423,1.1521864526717813,0.23038229376257546,0.22989060112138057,1.0
prerank,Protein K48-linked Deubiquitination (GO:0071108),0.5143691411385329,1.151986369868575,0.22367101303911735,0.2300595293837936,1.0
prerank,Respiratory Tube Development (GO:0030323),0.5029165229793612,1.1506634803117033,0.193,0.23254555104571523,1.0
prerank,Long-Chain fatty-acyl-CoA Biosynthetic Process (GO:0035338),0.5216317203343844,1.150447994062366,0.23115577889447236,0.23287017675097196,1.0
prerank,Regulation Of Interleukin-8 Production (GO:0032677),0.4674440113318517,1.1503501557772577,0.101,0.23293879923170227,1.0
prerank,Sterol Biosynthetic Process (GO:0016126),0.5020912984587452,1.1500289673954993,0.198,0.23299705027784562,1.0
prerank,Plasma Membrane Organization (GO:0007009),0.4708633846814879,1.1500393748481397,0.113,0.23310044392165072,1.0
prerank,Transepithelial Transport (GO:0070633),0.51827053583178,1.1500930296515217,0.2562814070351759,0.23311284829955972,1.0
prerank,Eye Development (GO:0001654),0.4805075712259605,1.1501847322501273,0.136,0.233157272818772,1.0
prerank,Smoothened Signaling Pathway (GO:0007224),0.49663354496787804,1.1501265504781766,0.186,0.2331674897080957,1.0
prerank,Metallo-Sulfur Cluster Assembly (GO:0031163),0.5106053919652866,1.1493558944235716,0.215,0.23413263822361938,1.0
prerank,Iron-Sulfur Cluster Assembly (GO:0016226),0.5106053919652866,1.1493558944235716,0.215,0.23413263822361938,1.0
prerank,Histone H3 Acetylation (GO:0043966),0.49174484207107544,1.1486806093905126,0.173,0.23540052889593677,1.0
prerank,Acylglycerol Metabolic Process (GO:0006639),0.48781886757125675,1.1485229963800891,0.177,0.23557784852747932,1.0
prerank,Androgen Receptor Signaling Pathway (GO:0030521),0.5247080832178681,1.14828012883174,0.25100401606425704,0.23594524155384491,1.0
prerank,Negative Regulation Of Organelle Assembly (GO:1902116),0.4946033246839979,1.1481061737317064,0.187,0.23616464224472153,1.0
prerank,Negative Regulation Of Microtubule Depolymerization (GO:0007026),0.5313613848088159,1.1477836314366037,0.23487903225806453,0.2365705117147357,1.0
prerank,Protein Modification By Small Protein Conjugation (GO:0032446),0.4456026994641707,1.1478086548859339,0.007,0.23663023058589971,1.0
prerank,Acylglycerol Homeostasis (GO:0055090),0.5077414234643198,1.1472395423727257,0.212,0.23729713522887746,1.0
prerank,Muscle Organ Development (GO:0007517),0.4747533354704445,1.1472559950987096,0.134,0.23738680147425217,1.0
prerank,Mitotic G2/M Transition Checkpoint (GO:0044818),0.4841268676177823,1.14730182622244,0.179,0.2374207768244623,1.0
prerank,Monoubiquitinated Protein Deubiquitination (GO:0035520),0.49194186127427797,1.1470981197335375,0.173,0.23745640939792342,1.0
prerank,Dicarboxylic Acid Catabolic Process (GO:0043649),0.5345204489556522,1.1468108785899966,0.24348697394789579,0.2379178683861698,1.0
prerank,Transport Across Blood-Brain Barrier (GO:0150104),0.46411785570405667,1.1466806855480753,0.084,0.23807615262389598,1.0
prerank,Positive Regulation Of Protein Targeting To Mitochondrion (GO:1903955),0.4962625512155976,1.1462994304384806,0.21,0.2383704400147962,1.0
prerank,Proteolysis Involved In Protein Catabolic Process (GO:0051603),0.4704924599229765,1.1463145549438971,0.107,0.23845880435353897,1.0
prerank,Gas Transport (GO:0015669),0.5284882648313114,1.1461820989495284,0.25731584258324924,0.2384848120939587,1.0
prerank,Positive Regulation Of Cell Activation (GO:0050867),0.5369816755666554,1.146423333695872,0.24141414141414141,0.23849141665109935,1.0
prerank,Protein Import Into Mitochondrial Matrix (GO:0030150),0.5232692926921529,1.1463493469597095,0.23493975903614459,0.23850595360707824,1.0
prerank,Regulation Of Mitochondrial Fission (GO:0090140),0.5061257559914395,1.1453496956384448,0.215,0.24005096739133117,1.0
prerank,Phosphatidylinositol Biosynthetic Process (GO:0006661),0.4617317524157633,1.1448670578719227,0.089,0.24068147310953644,1.0
prerank,Vesicle Cargo Loading (GO:0035459),0.5034520794092235,1.1447868780854928,0.204,0.2407242951328464,1.0
prerank,"Regulation Of Synaptic Transmission, GABAergic (GO:0032228)",0.5252081228222656,1.144904357497912,0.2457200402819738,0.24073011690664187,1.0
prerank,Negative Regulation Of Monoatomic Ion Transport (GO:0043271),0.5211334741402261,1.1449251483200276,0.24497991967871485,0.2408006818776411,1.0
prerank,Regulation Of Protein Kinase C Signaling (GO:0090036),0.5284244439014416,1.1446914828164423,0.26262626262626265,0.2408152967410069,1.0
prerank,Regulation Of Type I Interferon Production (GO:0032479),0.4784829554185378,1.1444429946200712,0.153,0.24119844168643575,1.0
prerank,Organelle Organization (GO:0006996),0.44357129340051193,1.1442451964259626,0.002,0.24148687812960562,1.0
prerank,Positive Regulation Of Protein Processing (GO:0010954),0.5111350217843712,1.1441274782630997,0.231,0.24161334044903834,1.0
prerank,Regulation Of Blood Circulation (GO:1903522),0.49355835780719404,1.1435487304164589,0.193,0.24265962855710335,1.0
prerank,Dorsal/Ventral Pattern Formation (GO:0009953),0.5021666393592316,1.1429637727235686,0.20682730923694778,0.2437003001984057,1.0
prerank,Positive Regulation Of Double-Strand Break Repair Via Homologous Recombination (GO:1905168),0.48984630449434075,1.1427246892959333,0.202,0.24407190636880166,1.0
prerank,Regulation Of Oxidative Phosphorylation (GO:0002082),0.5354560979036721,1.1422756562666376,0.256797583081571,0.24489078185749716,1.0
prerank,Positive Regulation Of Monocyte Chemotaxis (GO:0090026),0.5224534132184644,1.1419499554379917,0.2613065326633166,0.24531888209035901,1.0
prerank,Regulation Of Macromolecule Biosynthetic Process (GO:0010556),0.4745828559549978,1.1419505588484018,0.15,0.2454408835596463,1.0
prerank,DNA-templated Transcription Elongation (GO:0006354),0.5052001640193265,1.1416145545983638,0.219,0.24586720182707522,1.0
prerank,Protein Deubiquitination (GO:0016579),0.4619983926302919,1.1414613306810273,0.089,0.24606009885133892,1.0
prerank,Hepaticobiliary System Development (GO:0061008),0.506098510135716,1.141344678060777,0.24324324324324326,0.24617510240239784,1.0
prerank,Neural Crest Cell Development (GO:0014032),0.48100096820509713,1.141203089219831,0.174,0.24634243543643214,1.0
prerank,Cartilage Development (GO:0051216),0.477776228393721,1.1405948384307372,0.171,0.24750304136821538,1.0
prerank,Sensory Organ Development (GO:0007423),0.4694087783422531,1.1404530535329567,0.135,0.2475614453092208,1.0
prerank,Cell-Cell Adhesion Via Plasma-Membrane Adhesion Molecules (GO:0098742),0.4490389944122295,1.1404557058426628,0.051,0.24768112364962833,1.0
prerank,Organonitrogen Compound Biosynthetic Process (GO:1901566),0.45350376686883725,1.1403297020791696,0.075,0.2477005672970124,1.0
prerank,Positive Regulation Of Stem Cell Differentiation (GO:2000738),0.5207177449789783,1.1394400426340943,0.26639757820383453,0.249394368905755,1.0
prerank,Positive Regulation Of Transcription By RNA Polymerase I (GO:0045943),0.49691156658417,1.139193614031719,0.2132132132132132,0.24978934094181152,1.0
prerank,Lysosomal Lumen Acidification (GO:0007042),0.5174337047223049,1.136575099206709,0.24520686175580222,0.25455184596165326,1.0
prerank,RNA-mediated Gene Silencing (GO:0031047),0.49747343675586997,1.1368419243586767,0.22344689378757515,0.254638160474128,1.0
prerank,Response To UV-B (GO:0010224),0.528198264406047,1.1365855343208373,0.2696969696969697,0.25465442978710995,1.0
prerank,Platelet Dense Granule Organization (GO:0060155),0.5053333846335686,1.1366446882834964,0.23671013039117353,0.2546627869709042,1.0
prerank,Regulation Of Regulatory T Cell Differentiation (GO:0045589),0.510495455599,1.136756926905926,0.24824824824824826,0.2546880648947073,1.0
prerank,Purine Nucleotide Biosynthetic Process (GO:0006164),0.5135185785708335,1.1364381207732699,0.23092369477911648,0.2546963574217384,1.0
prerank,Amyloid-Beta Metabolic Process (GO:0050435),0.5264651140803639,1.1366593568257912,0.2718052738336714,0.25475900342044716,1.0
prerank,Membrane Protein Ectodomain Proteolysis (GO:0006509),0.5085422582364738,1.136269007945648,0.21943887775551102,0.25476973245824014,1.0
prerank,Negative Regulation Of Epidermal Growth Factor Receptor Signaling Pathway (GO:0042059),0.505912371513354,1.1363237198950675,0.22668004012036108,0.2547921515873608,1.0
prerank,Glucose 6-Phosphate Metabolic Process (GO:0051156),0.5213418340526605,1.1359615239914869,0.2590725806451613,0.25515145888133556,1.0
prerank,Histone H4 Acetylation (GO:0043967),0.4846376970390205,1.1360061184106574,0.192,0.2551835512337704,1.0
prerank,Protein Neddylation (GO:0045116),0.5093373075558051,1.1358529877503991,0.25025125628140704,0.25524483512893587,1.0
prerank,Regulation Of Cytokine Production Involved In Immune Response (GO:0002718),0.5025683101594917,1.1353602814430885,0.23423423423423423,0.25608532293623937,1.0
prerank,Inorganic Anion Transmembrane Transport (GO:0098661),0.4714538673176596,1.1353629352132233,0.144,0.25620724371317044,1.0
prerank,Positive Regulation Of Morphogenesis Of An Epithelium (GO:1905332),0.5015083016979878,1.135109716798295,0.23146292585170342,0.25647699378925637,1.0
prerank,Negative Regulation Of Response To Endoplasmic Reticulum Stress (GO:1903573),0.5057934029039166,1.134721069166354,0.24824824824824826,0.2571774990130999,1.0
prerank,Lipid Biosynthetic Process (GO:0008610),0.46647953460245417,1.134612217752186,0.136,0.25726215500607896,1.0
prerank,Protein Mannosylation (GO:0035268),0.5180726529920312,1.1344601581488585,0.25075225677031093,0.25745534581285906,1.0
prerank,Protein Localization To Endoplasmic Reticulum (GO:0070972),0.5267599138027722,1.13200411448944,0.2608257804632427,0.26260996761669075,1.0
prerank,DNA Damage Checkpoint Signaling (GO:0000077),0.4889076452725878,1.1317937186447757,0.22122122122122123,0.26293469858025614,1.0
prerank,Apical Junction Assembly (GO:0043297),0.4714335488175921,1.1310585316494408,0.16,0.26440337812398174,1.0
prerank,Ureteric Bud Morphogenesis (GO:0060675),0.5197968152762661,1.130767126796907,0.26980942828485455,0.26468245496524206,1.0
prerank,Double-Strand Break Repair (GO:0006302),0.4473925179638272,1.1307709566268132,0.066,0.26479959344939946,1.0
prerank,Amide Biosynthetic Process (GO:0043604),0.4747877118549015,1.1308007777440394,0.179,0.26485568520053127,1.0
prerank,Protein Complex Oligomerization (GO:0051259),0.4559750948908119,1.1302390848369377,0.111,0.2657099144725532,1.0
prerank,Negative Regulation Of Type II Interferon Production (GO:0032689),0.4951129568650531,1.1300203343167545,0.23623623623623624,0.2659423421169363,1.0
prerank,Muscle Contraction (GO:0006936),0.4563661219020003,1.1300678474818995,0.099,0.265956706272565,1.0
prerank,Peptidyl-Proline Modification (GO:0018208),0.4976219018456817,1.1296588065138047,0.228,0.2666126682870888,1.0
prerank,Positive Regulation Of T Cell Mediated Cytotoxicity (GO:0001916),0.4900333806655105,1.1294046582998416,0.217,0.267041003520239,1.0
prerank,Positive Regulation Of JUN Kinase Activity (GO:0043507),0.4924798382615542,1.1292278271210066,0.244,0.26730101055977185,1.0
prerank,NADP Metabolic Process (GO:0006739),0.511505471737479,1.1290870425392159,0.2674066599394551,0.2674879883289074,1.0
prerank,Negative Regulation Of Lymphocyte Proliferation (GO:0050672),0.4814669003138197,1.1289329689226464,0.204,0.26771387038666433,1.0
prerank,Regulation Of DNA Damage Checkpoint (GO:2000001),0.5167495551904171,1.1275800337365398,0.28700906344410876,0.27058788097646813,1.0
prerank,Positive Regulation Of Organelle Assembly (GO:1902117),0.4663374124543864,1.126893654550666,0.169,0.2719415112012471,1.0
prerank,Protein Targeting To ER (GO:0045047),0.5043843847451411,1.1263081224143114,0.26,0.2731030935361951,1.0
prerank,Regulation Of Small Molecule Metabolic Process (GO:0062012),0.48453915490528277,1.125796864655843,0.212,0.274053159529593,1.0
prerank,Vascular Transport (GO:0010232),0.4562092749010475,1.1252270470027017,0.122,0.2750486593728864,1.0
prerank,Fatty Acid Biosynthetic Process (GO:0006633),0.4672706893272027,1.125265992518537,0.157,0.275096067931884,1.0
prerank,Negative Regulation Of Notch Signaling Pathway (GO:0045746),0.49488688463901526,1.1250943630786807,0.2778335005015045,0.2752157933137544,1.0
prerank,Negative Regulation Of Calcium Ion Transport (GO:0051926),0.5111005412492187,1.1248235807678346,0.26713709677419356,0.27565777316975804,1.0
prerank,Regulation Of Fatty Acid Oxidation (GO:0046320),0.5183819093195863,1.124386174634046,0.28442211055276384,0.27627293760649774,1.0
prerank,Sodium Ion Transmembrane Transport (GO:0035725),0.46017232482011244,1.12446732701035,0.152,0.27637271494108173,1.0
prerank,Monocarboxylic Acid Biosynthetic Process (GO:0072330),0.4644839242216579,1.1243926829569322,0.17,0.2763902557587014,1.0
prerank,Positive Regulation Of Cilium Assembly (GO:0045724),0.5050703029617987,1.124252873351871,0.28112449799196787,0.2764464365062749,1.0
prerank,Protein Modification By Small Protein Removal (GO:0070646),0.45416259848189044,1.124165176184124,0.108,0.2764919386374163,1.0
prerank,Mesenchymal Cell Migration (GO:0090497),0.4854130004337048,1.1238908198959303,0.228,0.2768269134229524,1.0
prerank,Histone H2A Acetylation (GO:0043968),0.5075536456707137,1.1239166758481722,0.2597793380140421,0.27690594419153247,1.0
prerank,Regulation Of Lipid Catabolic Process (GO:0050994),0.4958523318089609,1.1232196484085872,0.255,0.27804100953880073,1.0
prerank,Glycerophospholipid Catabolic Process (GO:0046475),0.4938959888340253,1.1232430920585035,0.234,0.27813037703481286,1.0
prerank,Branching Involved In Ureteric Bud Morphogenesis (GO:0001658),0.5124147935721224,1.122250777764731,0.27839195979899495,0.2800512756268217,1.0
prerank,Cellular Response To Amino Acid Stimulus (GO:0071230),0.4912795404694172,1.1221006974764443,0.255,0.2801188372303696,1.0
prerank,Protein Deacylation (GO:0035601),0.5014529157249998,1.1221195914460973,0.276,0.2802203662882857,1.0
prerank,Cell Surface Toll-Like Receptor Signaling Pathway (GO:0140895),0.517850952099014,1.1216712426567772,0.2752016129032258,0.28093268122308807,1.0
prerank,Sensory Perception (GO:0007600),0.47191902531722724,1.1210673881761697,0.188,0.282167654489205,1.0
prerank,Positive Regulation Of Fatty Acid Metabolic Process (GO:0045923),0.5126070338337524,1.120993928290172,0.27054108216432865,0.28219594719562285,1.0
prerank,DNA Integrity Checkpoint Signaling (GO:0031570),0.47572005708116505,1.1209080444615378,0.219,0.28227457867586436,1.0
prerank,Nucleotide-Sugar Biosynthetic Process (GO:0009226),0.5250091894283994,1.1206567339258966,0.29346733668341707,0.2826889083905018,1.0
prerank,Regulation Of Brown Fat Cell Differentiation (GO:0090335),0.5082557796473064,1.1203715746097165,0.2835671342685371,0.28291825212604926,1.0
prerank,SCF-dependent Proteasomal Ubiquitin-Dependent Protein Catabolic Process (GO:0031146),0.4764452076229993,1.1203925097185479,0.22,0.28300512658226207,1.0
prerank,Protein K63-linked Deubiquitination (GO:0070536),0.48561528387769914,1.1201171624566328,0.22044088176352705,0.28308162351605276,1.0
prerank,Negative Regulation Of Cytokine Production Involved In Inflammatory Response (GO:1900016),0.5113831373062204,1.120418777204297,0.25376128385155466,0.2830886663004154,1.0
prerank,Sodium Ion Transport (GO:0006814),0.45418785876317314,1.1201316745445584,0.15,0.28319039093970694,1.0
prerank,Positive Regulation Of Natural Killer Cell Activation (GO:0032816),0.5144126816088007,1.1201502961971759,0.280561122244489,0.28328658162769615,1.0
prerank,Positive Regulation Of Oxidoreductase Activity (GO:0051353),0.49966896415791506,1.119826486910685,0.2547642928786359,0.28362420020316126,1.0
prerank,RNA Destabilization (GO:0050779),0.5094437633703375,1.11962692234572,0.27035175879396983,0.2839500863003848,1.0
prerank,Regulation Of Lysosomal Lumen pH (GO:0035751),0.49718049606701775,1.1191665692667132,0.25376128385155466,0.2848289365632288,1.0
prerank,Regulation Of Adaptive Immune Response (GO:0002819),0.5082854787659571,1.118701756003259,0.2806841046277666,0.28564533352140165,1.0
prerank,Regulation Of Steroid Metabolic Process (GO:0019218),0.5026963337725207,1.1187143545894722,0.2567703109327984,0.28574876045449504,1.0
prerank,Regulation Of Interleukin-13 Production (GO:0032656),0.5225078687018301,1.117460523699787,0.296969696969697,0.2883335354290222,1.0
prerank,Regulation Of Toll-Like Receptor Signaling Pathway (GO:0034121),0.5028418419045073,1.1173332531574305,0.2814070351758794,0.2884785878423799,1.0
prerank,Stem Cell Development (GO:0048864),0.5148364573494439,1.1171910910088194,0.2913306451612903,0.2886594215412788,1.0
prerank,Regulation Of Single Stranded Viral RNA Replication Via Double Stranded DNA Intermediate (GO:0045091),0.5211309535907036,1.116818535322191,0.30513595166163143,0.2893961171571048,1.0
prerank,Regulation Of Protein Polymerization (GO:0032271),0.49042298121995176,1.116655881555999,0.244,0.2896175523544951,1.0
prerank,Regulation Of Defense Response (GO:0031347),0.45069561798804136,1.116049472777468,0.142,0.29085136976811904,1.0
prerank,Regulation Of Lymphocyte Differentiation (GO:0045619),0.5037009132735097,1.1159227669209761,0.2923387096774194,0.2910016338186058,1.0
prerank,Cholesterol Efflux (GO:0033344),0.49287023983255707,1.115716822862747,0.268,0.29136531036704344,1.0
prerank,Histone Deubiquitination (GO:0016578),0.48067717660065723,1.1144092434076724,0.224,0.29428767070712486,1.0
prerank,Purine Ribonucleotide Metabolic Process (GO:0009150),0.45565237823501076,1.113582842283701,0.172,0.2961210948300181,1.0
prerank,Response To Ketone (GO:1901654),0.4968406443165233,1.1134309510186204,0.2922922922922923,0.2963362178617133,1.0
prerank,Translesion Synthesis (GO:0019985),0.5016031734239434,1.112655730697741,0.28313253012048195,0.2980547488023323,1.0
prerank,RNA Modification (GO:0009451),0.4645502949877853,1.1124291596404283,0.217,0.2984170381362937,1.0
prerank,Connective Tissue Development (GO:0061448),0.47568877106540786,1.112267501764485,0.244,0.2984977144438148,1.0
prerank,Gastrulation (GO:0007369),0.5125183432288558,1.1121975351889115,0.28857715430861725,0.2985273816464988,1.0
prerank,Regulation Of Glucose Metabolic Process (GO:0010906),0.4895510913007046,1.112104505754046,0.26426426426426425,0.2986086110571466,1.0
prerank,Regulation Of Hematopoietic Progenitor Cell Differentiation (GO:1901532),0.5112020296526681,1.1122771969021816,0.30482897384305835,0.2986239809517448,1.0
prerank,Regulation Of Axon Extension Involved In Axon Guidance (GO:0048841),0.494815679976023,1.1115566653873858,0.27382146439317956,0.29976975565120956,1.0
prerank,Response To Tumor Necrosis Factor (GO:0034612),0.44904919840947405,1.1114574004147564,0.142,0.29985560697935937,1.0
prerank,Visual System Development (GO:0150063),0.4710609177793096,1.1113920036762914,0.229,0.2998725267528923,1.0
prerank,Dendritic Cell Differentiation (GO:0097028),0.4965059121948939,1.1106451727260127,0.266,0.30147507995218237,1.0
prerank,Positive Regulation Of Heart Contraction (GO:0045823),0.4935733994186122,1.1099840814374307,0.2862862862862863,0.30290581835193114,1.0
prerank,Proton Transmembrane Transport (GO:1902600),0.46929626383201456,1.108829209354899,0.224,0.3055529621478025,1.0
prerank,N-glycan Processing (GO:0006491),0.5039130079091673,1.107884334521423,0.2937625754527163,0.3074784502222517,1.0
prerank,Positive Regulation Of Lipid Storage (GO:0010884),0.49668261675849734,1.1079295768479422,0.2848545636910732,0.3075291372334472,1.0
prerank,Endosome Organization (GO:0007032),0.46319809087603,1.1074081328561245,0.239,0.30820485306633094,1.0
prerank,Import Into Cell (GO:0098657),0.46811504350644617,1.107449896175077,0.239,0.3082442994281839,1.0
prerank,Carboxylic Acid Biosynthetic Process (GO:0046394),0.5043322734160167,1.1074853326392504,0.3021148036253776,0.3083049069167601,1.0
prerank,Regulation Of Cytokine Production (GO:0001817),0.43994164330652763,1.106909036686363,0.119,0.3092608357990957,1.0
prerank,Regulation Of Mitochondrion Organization (GO:0010821),0.46217760957525567,1.1067181657420704,0.236,0.3095529937355886,1.0
prerank,Monoubiquitinated Histone H2A Deubiquitination (GO:0035522),0.48457361458433273,1.1064655523156217,0.267,0.30985404039649594,1.0
prerank,Monoubiquitinated Histone Deubiquitination (GO:0035521),0.48457361458433273,1.1064655523156217,0.267,0.30985404039649594,1.0
prerank,Immunoglobulin Production Involved In Immunoglobulin-Mediated Immune Response (GO:0002381),0.5034349476517874,1.1060269017247495,0.32494969818913483,0.3107785056682526,1.0
prerank,Sphingolipid Catabolic Process (GO:0030149),0.5111819325629279,1.1059226079021571,0.3083923154701719,0.31087330166059246,1.0
prerank,Antiviral Innate Immune Response (GO:0140374),0.4661044338167525,1.1057622793001194,0.244,0.3111224037987747,1.0
prerank,Epithelium Development (GO:0060429),0.43850372972135776,1.1056997728628102,0.128,0.3111228221990269,1.0
prerank,Ventricular Cardiac Muscle Cell Action Potential (GO:0086005),0.508664571436407,1.1056270712324732,0.3038229376257545,0.3111595341542749,1.0
prerank,Multivesicular Body Sorting Pathway (GO:0071985),0.4941399118963619,1.1041988252475903,0.3026052104208417,0.31405101065813534,1.0
prerank,Ceramide Biosynthetic Process (GO:0046513),0.4681938611775327,1.1041384075196552,0.268,0.3140581316691829,1.0
prerank,fatty-acyl-CoA Metabolic Process (GO:0035337),0.5102076547108515,1.1042141826115848,0.316950852557673,0.3141645306722967,1.0
prerank,Histone Lysine Methylation (GO:0034968),0.4754756806800931,1.1043271510927826,0.27,0.3141871237847417,1.0
prerank,Regulation Of Autophagosome Assembly (GO:2000785),0.47549149050563677,1.104266835876275,0.25,0.31419132747047746,1.0
prerank,Replication Fork Processing (GO:0031297),0.46623256555642456,1.1038842374504223,0.238,0.3145542905635257,1.0
prerank,Regulation Of Small GTPase Mediated Signal Transduction (GO:0051056),0.44324532338772976,1.1035362929171328,0.137,0.31526463553982037,1.0
prerank,Regulation Of Lipid Metabolic Process (GO:0019216),0.45957156497975626,1.1034811924794625,0.237,0.3152673631447809,1.0
prerank,Regulation Of Histone Modification (GO:0031056),0.5005775766336377,1.102822685092985,0.3165322580645161,0.31673370271062395,1.0
prerank,Negative Regulation Of GTPase Activity (GO:0034260),0.498855873167357,1.1026825656512826,0.2891566265060241,0.31693392221622524,1.0
prerank,Regulation Of JUN Kinase Activity (GO:0043506),0.46811857242846433,1.1024315658568538,0.262,0.3174099593236133,1.0
prerank,Nuclear Envelope Organization (GO:0006998),0.5044939719404169,1.1017070933145934,0.31287726358148893,0.31904935498836023,1.0
prerank,Proteolysis (GO:0006508),0.4279610731898012,1.1013237818316215,0.056,0.31984666802637374,1.0
prerank,Mitotic Sister Chromatid Segregation (GO:0000070),0.445979467429184,1.10092274153349,0.162,0.3200482562976386,1.0
prerank,Regulation Of Multicellular Organism Growth (GO:0040014),0.51407139345849,1.100937297068117,0.30465587044534415,0.32015960104879726,1.0
prerank,Regulation Of Intracellular Estrogen Receptor Signaling Pathway (GO:0033146),0.4924614184126605,1.100984147927815,0.2985971943887776,0.3201843220060309,1.0
prerank,Regulation Of miRNA-mediated Gene Silencing (GO:0060964),0.5153745835216591,1.1010294543699286,0.3114256825075834,0.32022850678226666,1.0
prerank,Peptide Cross-Linking (GO:0018149),0.4879796211341596,1.101089310999716,0.2802802802802803,0.32024000122942786,1.0
prerank,Gliogenesis (GO:0042063),0.48541379951992386,1.1005083684494428,0.2982982982982983,0.3209265992227256,1.0
prerank,Cholesterol Homeostasis (GO:0042632),0.45048479854632006,1.100418327914939,0.21,0.32100468364341994,1.0
prerank,Positive Regulation Of Mitochondrial Fission (GO:0090141),0.5011747699764015,1.10019209968488,0.32225579053373615,0.3213961675093401,1.0
prerank,Lymphocyte Proliferation (GO:0046651),0.4714607346645078,1.0999893942873402,0.263,0.32174238559362794,1.0
prerank,Membrane Fission (GO:0090148),0.47276242206860736,1.099650028040991,0.279,0.3224510519184108,1.0
prerank,Endocytic Recycling (GO:0032456),0.4591961260763047,1.0995771235525291,0.242,0.32248530430853833,1.0
prerank,Regulation Of Viral Genome Replication (GO:0045069),0.4510020223146809,1.0993606439367618,0.207,0.3228767661951056,1.0
prerank,Monoatomic Cation Transport (GO:0006812),0.46503511933001157,1.0991672485830968,0.262,0.3231895573641556,1.0
prerank,Actin Filament Bundle Organization (GO:0061572),0.47910570437277117,1.0983232756789072,0.277,0.3251276920465557,1.0
prerank,Regulation Of Telomere Maintenance In Response To DNA Damage (GO:1904505),0.507737232461451,1.0981870507539815,0.3319919517102616,0.32530057994867084,1.0
prerank,Cell Morphogenesis Involved In Differentiation (GO:0000904),0.48098457013864515,1.0979726803084142,0.3053053053053053,0.3256749052691019,1.0
prerank,Regulation Of Systemic Arterial Blood Pressure (GO:0003073),0.5085560210288602,1.09739053885622,0.32457027300303337,0.3269556523015671,1.0
prerank,Actin Filament Bundle Assembly (GO:0051017),0.47617179927663755,1.0972272017216156,0.263,0.3270525871562309,1.0
prerank,Regulation Of Insulin-Like Growth Factor Receptor Signaling Pathway (GO:0043567),0.49703036058452643,1.0972422581003536,0.31086519114688127,0.3271683768392401,1.0
prerank,Embryonic Skeletal System Morphogenesis (GO:0048704),0.4798461456869096,1.0965537397485046,0.294,0.32829299127165074,1.0
prerank,Establishment Of Protein Localization To Membrane (GO:0090150),0.45419518677581605,1.0966006763533134,0.239,0.3283147462972831,1.0
prerank,Cellular Response To Osmotic Stress (GO:0071470),0.4818925311910535,1.0966272653340732,0.278,0.3283967000708862,1.0
prerank,Lung Development (GO:0030324),0.4743251981026409,1.095699676915093,0.272,0.33030504720604836,1.0
prerank,Transcription Elongation By RNA Polymerase II (GO:0006368),0.48055016225759406,1.0955613458476512,0.289,0.3305057465840353,1.0
prerank,Sterol Homeostasis (GO:0055092),0.4482507643362808,1.095475740658136,0.221,0.33054959822215213,1.0
prerank,Immune Response-Activating Cell Surface Receptor Signaling Pathway (GO:0002429),0.4878313465996855,1.095239421828959,0.309,0.33098956199948215,1.0
prerank,Regulation Of Behavior (GO:0050795),0.5000404594402448,1.0949105453055885,0.3273092369477912,0.331535234056138,1.0
prerank,Phosphatidic Acid Metabolic Process (GO:0046473),0.47160729030052206,1.0948438183146014,0.283,0.3315569861548421,1.0
prerank,Sensory Perception Of Pain (GO:0019233),0.49321598407857514,1.0949416406667674,0.3293172690763052,0.3316146793291148,1.0
prerank,Positive Regulation Of Establishment Of Protein Localization To Mitochondrion (GO:1903749),0.4695298522377504,1.0946195077160694,0.285,0.331957751638394,1.0
prerank,Protein Targeting To Mitochondrion (GO:0006626),0.4563474371298778,1.0943407708999893,0.246,0.33251623294398536,1.0
prerank,Inositol Phosphate-Mediated Signaling (GO:0048016),0.49674909506567894,1.0938179097732603,0.3186372745490982,0.3337011167450313,1.0
prerank,Lysosomal Transport (GO:0007041),0.44239718770822595,1.0927118390111068,0.192,0.3364119867581089,1.0
prerank,Regulation Of Macrophage Activation (GO:0043030),0.4716028448220517,1.0920953766055925,0.29,0.3376548233048667,1.0
prerank,Membrane Assembly (GO:0071709),0.4671067411148698,1.0921419337173506,0.286,0.33769342973340444,1.0
prerank,Regulation Of Cardiac Muscle Cell Membrane Repolarization (GO:0099623),0.4924483640133262,1.0918191631263623,0.3166332665330661,0.3382088764853276,1.0
prerank,Protein Ubiquitination (GO:0016567),0.42225484674251157,1.0915327885433606,0.051,0.338790864145826,1.0
prerank,Energy Reserve Metabolic Process (GO:0006112),0.5026413446845669,1.0905859059820977,0.3407258064516129,0.34104316153937597,1.0
prerank,Protein Insertion Into Mitochondrial Membrane (GO:0051204),0.4809048513651162,1.090394254752834,0.30360721442885774,0.3412131230452277,1.0
prerank,Negative Regulation Of Tumor Necrosis Factor Superfamily Cytokine Production (GO:1903556),0.45826923383309387,1.0904209934025242,0.27,0.34130222557507023,1.0
prerank,Regulation Of T Cell Proliferation (GO:0042129),0.44748762647827683,1.0899103587808874,0.215,0.3421524238548728,1.0
prerank,Regulation Of Cell Morphogenesis (GO:0022604),0.47578076884663223,1.08995556057751,0.3,0.34219160168642276,1.0
prerank,Metanephros Development (GO:0001656),0.4831777504474152,1.0879466722701066,0.319,0.34704953172256464,1.0
prerank,Negative Regulation Of T Cell Proliferation (GO:0042130),0.4658467378587621,1.0868753671579328,0.286,0.3496980272886487,1.0
prerank,Liver Development (GO:0001889),0.463717190860512,1.0866813991794173,0.313,0.35001833198064375,1.0
prerank,Protein Transmembrane Import Into Intracellular Organelle (GO:0044743),0.4697105068734807,1.0860604106017375,0.291,0.35144516012705,1.0
prerank,Regulation Of Blood Vessel Endothelial Cell Proliferation Involved In Sprouting Angiogenesis (GO:1903587),0.5047503411690105,1.085356598402942,0.3569261880687563,0.3530805043429255,1.0
prerank,Receptor Metabolic Process (GO:0043112),0.49684002963041435,1.0851533074286936,0.33636363636363636,0.3530942975322785,1.0
prerank,Positive Regulation Of Immune Response (GO:0050778),0.44502926581191843,1.0851628436829739,0.23,0.35323580708118907,1.0
prerank,Negative Regulation Of Cell Cycle Process (GO:0010948),0.46557404201524444,1.0852270401336583,0.312,0.3532400938026898,1.0
prerank,rRNA Modification (GO:0000154),0.49017169315618186,1.0849988406928417,0.3403826787512588,0.3533352152475549,1.0
prerank,Regulation Of Vasoconstriction (GO:0019229),0.4785805314072917,1.0846599303512658,0.3213213213213213,0.3540724329580663,1.0
prerank,Anterior/Posterior Axis Specification (GO:0009948),0.4901519016547099,1.0844962070216504,0.3323262839879154,0.3541792582530889,1.0
prerank,Cilium Organization (GO:0044782),0.42685884173326966,1.0845153377894234,0.126,0.3542936933940754,1.0
prerank,Proteoglycan Metabolic Process (GO:0006029),0.47605777468638005,1.0840064325510734,0.33133133133133136,0.3552980390083554,1.0
prerank,Vesicle Coating (GO:0006901),0.47116098533051565,1.0835155365205602,0.3213213213213213,0.3564111621116983,1.0
prerank,Negative Regulation Of Chemokine Production (GO:0032682),0.4996958132803886,1.0832521864592524,0.35121457489878544,0.35693037648264103,1.0
prerank,Regulation Of Type I Interferon-Mediated Signaling Pathway (GO:0060338),0.4654981883896699,1.0830826797522133,0.318,0.35720246142938356,1.0
prerank,Double-Strand Break Repair Via Homologous Recombination (GO:0000724),0.43666720393057823,1.0828677629636356,0.191,0.357620646983436,1.0
prerank,COPII-coated Vesicle Budding (GO:0090114),0.4641020989298511,1.0827885395337151,0.32,0.35767296655343445,1.0
prerank,Phosphatidic Acid Biosynthetic Process (GO:0006654),0.47034849411063023,1.082328258079224,0.318,0.35872984433643407,1.0
prerank,Positive Regulation Of Leukocyte Mediated Cytotoxicity (GO:0001912),0.45552890887891107,1.08188487836679,0.277,0.35969861118628016,1.0
prerank,Mesoderm Development (GO:0007498),0.4960852257830201,1.0817670662886878,0.323943661971831,0.35983284964562934,1.0
prerank,Heparan Sulfate Proteoglycan Biosynthetic Process (GO:0015012),0.48156271088865693,1.0815531701555978,0.3166332665330661,0.3602184599268361,1.0
prerank,Melanosome Assembly (GO:1903232),0.49285865662066736,1.0814386982550965,0.3534136546184739,0.3603477314132297,1.0
prerank,Icosanoid Biosynthetic Process (GO:0046456),0.4925352118738655,1.081339904994166,0.33903420523138833,0.3604543345853049,1.0
prerank,Establishment Of Protein Localization To Mitochondrion (GO:0072655),0.4578667190289094,1.0812687506205259,0.285,0.360476663561875,1.0
prerank,Fibroblast Growth Factor Receptor Signaling Pathway (GO:0008543),0.460502264677303,1.080566456609728,0.291,0.3621283874517153,1.0
prerank,Regulation Of T Cell Mediated Cytotoxicity (GO:0001914),0.46190063455571334,1.079756364744924,0.312,0.36408006198033976,1.0
prerank,Polyol Metabolic Process (GO:0019751),0.49572867027014056,1.0790398926436053,0.3562058526740666,0.3657552552332867,1.0
prerank,Phospholipid Catabolic Process (GO:0009395),0.47228703370822633,1.0789568548998345,0.321,0.3658214818927805,1.0
prerank,Superoxide Anion Generation (GO:0042554),0.5024214961044094,1.0788835941124548,0.35699797160243407,0.3658468035886393,1.0
prerank,Regulation Of Integrin-Mediated Signaling Pathway (GO:2001044),0.4873027263974017,1.0784844429370692,0.34804413239719156,0.3667198033554741,1.0
prerank,DNA Biosynthetic Process (GO:0071897),0.4996197677620991,1.0783478111397335,0.35353535353535354,0.3669120433597021,1.0
prerank,Positive Regulation Of Transmembrane Transport (GO:0034764),0.49881420184245223,1.0779192825237691,0.3538928210313448,0.3678900785799834,1.0
prerank,Negative Regulation Of Tumor Necrosis Factor Production (GO:0032720),0.45319838779813154,1.075930532482708,0.302,0.37304401341411464,1.0
prerank,Regulation Of Secretion (GO:0051046),0.4997730684416668,1.0755264683106944,0.36108324974924777,0.3740064406291507,1.0
prerank,Regulation Of Megakaryocyte Differentiation (GO:0045652),0.49332725551136913,1.0752232085207818,0.35943775100401604,0.37465402999018005,1.0
prerank,Negative Regulation Of Osteoclast Differentiation (GO:0045671),0.47909919079085905,1.0748572444825724,0.3611670020120724,0.3754423800808181,1.0
prerank,Cellular Lipid Catabolic Process (GO:0044242),0.4782775143602491,1.074569527675176,0.36036036036036034,0.3760247063999742,1.0
prerank,Histone H3-K4 Methylation (GO:0051568),0.47149649148366546,1.0743404124246887,0.336,0.3764885852354357,1.0
prerank,Mitochondrial Translation (GO:0032543),0.4354651002787713,1.0731387242889574,0.248,0.37954590306008423,1.0
prerank,Regulation Of Telomere Maintenance Via Telomere Lengthening (GO:1904356),0.4894842520273782,1.072680413434654,0.35376884422110555,0.3806008975118639,1.0
prerank,Embryonic Heart Tube Development (GO:0035050),0.4908502599074433,1.072595579491155,0.3684738955823293,0.38066725804379425,1.0
prerank,Mitotic Cell Cycle Checkpoint Signaling (GO:0007093),0.47335841030794523,1.0718904179467537,0.35907723169508526,0.38241101139959993,1.0
prerank,Positive Regulation Of Secretion (GO:0051047),0.5031840519173341,1.0714600617447942,0.36363636363636365,0.38340169701585847,1.0
prerank,Negative Regulation Of T Cell Activation (GO:0050868),0.451200279923159,1.071011249563012,0.309,0.3844931197706094,1.0
prerank,Regulation Of Ras Protein Signal Transduction (GO:0046578),0.44207476553639313,1.070828951289824,0.266,0.38481863240946723,1.0
prerank,Regulatory ncRNA Processing (GO:0070918),0.46144013437842146,1.0695874570569748,0.339,0.3880741587584616,1.0
prerank,Regulation Of Immune Response (GO:0050776),0.43693023136948295,1.0693261907637919,0.271,0.388610306406452,1.0
prerank,Negative Regulation Of G2/M Transition Of Mitotic Cell Cycle (GO:0010972),0.47040992540968657,1.0691680876467629,0.34734734734734735,0.3888666230322637,1.0
prerank,Peptide Catabolic Process (GO:0043171),0.47820933148011857,1.0687526048267033,0.3600802407221665,0.3898362083665891,1.0
prerank,Regulation Of Cytokine Production Involved In Inflammatory Response (GO:1900015),0.4554812384210912,1.0677498415514657,0.309,0.3921916338826429,1.0
prerank,Regulation Of Response To Biotic Stimulus (GO:0002831),0.46164717529278776,1.067784761120702,0.35135135135135137,0.3922712670392601,1.0
prerank,Negative Regulation Of Signaling Receptor Activity (GO:2000272),0.47006495615768457,1.0676512613543083,0.35735735735735735,0.39228464240228417,1.0
prerank,Negative Regulation Of Axon Extension Involved In Axon Guidance (GO:0048843),0.4832954403852404,1.0669886177069685,0.35470941883767537,0.3939549514185369,1.0
prerank,Protein Targeting (GO:0006605),0.4278061155236328,1.066874693375054,0.24,0.3941006141816933,1.0
prerank,Fatty Acid Beta-Oxidation (GO:0006635),0.4485164397177821,1.066781300017415,0.311,0.3941658732004279,1.0
prerank,Oxoacid Metabolic Process (GO:0043436),0.47912481127022744,1.0653068583702103,0.3597989949748744,0.3980442866496532,1.0
prerank,Organelle Assembly (GO:0070925),0.4145757771777567,1.0646408639321574,0.158,0.3997048807470329,1.0
prerank,Establishment Of Protein Localization To Endoplasmic Reticulum (GO:0072599),0.49044327132024573,1.0643720239192507,0.38205645161290325,0.4002887960177436,1.0
prerank,Sensory Perception Of Sound (GO:0007605),0.4329805193191617,1.0640594474874674,0.286,0.40097901764609284,1.0
prerank,Fatty Acid Catabolic Process (GO:0009062),0.44081688315817585,1.063043339449533,0.303,0.40366045781234133,1.0
prerank,Phospholipid Dephosphorylation (GO:0046839),0.4620231202930319,1.062771934224155,0.357,0.40423455525119406,1.0
prerank,Protein Localization To Golgi Apparatus (GO:0034067),0.4638803290030713,1.0621032455545811,0.35135135135135137,0.405774322727447,1.0
prerank,Fluid Transport (GO:0042044),0.4917286788434453,1.0621599827648247,0.3762575452716298,0.4057936611158917,1.0
prerank,Regulation Of Neural Precursor Cell Proliferation (GO:2000177),0.4773806645318618,1.0610742181882264,0.3997995991983968,0.4084559791708473,1.0
prerank,Regulation Of Ventricular Cardiac Muscle Cell Membrane Repolarization (GO:0060307),0.4908794986102201,1.0598846010324519,0.3796576032225579,0.4115979654093424,1.0
prerank,Skeletal Muscle Organ Development (GO:0060538),0.46043571776156955,1.0596590380766189,0.348,0.41204534517491126,1.0
prerank,Protein Localization To Microtubule Organizing Center (GO:1905508),0.4921630313094792,1.0595150537427944,0.3880445795339412,0.41225371205623007,1.0
prerank,Organic Substance Transport (GO:0071702),0.4166594460195564,1.0593966643549695,0.217,0.4123888527178527,1.0
prerank,Embryonic Skeletal System Development (GO:0048706),0.4570705980037781,1.0590592756620336,0.36,0.4129808389228302,1.0
prerank,Negative Regulation Of Viral Genome Replication (GO:0045071),0.44171690651573337,1.0590914855219828,0.346,0.4130678070020182,1.0
prerank,Response To Organophosphorus (GO:0046683),0.4748839706104728,1.0587467551909098,0.39117352056168503,0.41365171135281575,1.0
prerank,Dicarboxylic Acid Transport (GO:0006835),0.46764965466424124,1.0586049074708572,0.368,0.41388363875043366,1.0
prerank,Glucose Metabolic Process (GO:0006006),0.43696229219097443,1.0583139886151616,0.32,0.4145062683057049,1.0
prerank,Mitochondrial Gene Expression (GO:0140053),0.4284151611376241,1.058120152666724,0.301,0.4148554079361365,1.0
prerank,Cellular Defense Response (GO:0006968),0.44382345033344733,1.0576916325772403,0.344,0.41589816212612407,1.0
prerank,Sulfur Amino Acid Metabolic Process (GO:0000096),0.48590417179305107,1.0575318884984997,0.3971915747241725,0.4161830208394647,1.0
prerank,Amino Acid Import Across Plasma Membrane (GO:0089718),0.4603589189603625,1.057082613484678,0.38038038038038036,0.41728037140292307,1.0
prerank,Regulation Of Neuron Migration (GO:2001222),0.4626896131278697,1.0567166046071517,0.361,0.418110131700053,1.0
prerank,Neutrophil Activation (GO:0042119),0.48524736113513145,1.0557890095456757,0.38832997987927564,0.4204082230598231,1.0
prerank,Defense Response To Symbiont (GO:0140546),0.41991053784892113,1.0558422989411567,0.268,0.4204492325753963,1.0
prerank,Actin Nucleation (GO:0045010),0.47507523902786397,1.0552414403734076,0.39618856569709127,0.4211827738652634,1.0
prerank,Defense Response To Virus (GO:0051607),0.4163887780276097,1.055306115215229,0.247,0.42118778293389597,1.0
prerank,Cholesterol Metabolic Process (GO:0008203),0.43535497539782286,1.0553200462806251,0.337,0.4213379569044928,1.0
prerank,Recombinational Repair (GO:0000725),0.42708127874322027,1.0553496678934027,0.303,0.421450614449854,1.0
prerank,One-Carbon Compound Transport (GO:0019755),0.4537685741931312,1.054855393681989,0.36,0.42207575043238044,1.0
prerank,Autophagosome Organization (GO:1905037),0.4356245742057754,1.0544622392495562,0.345,0.42298894782373114,1.0
prerank,Sarcomere Organization (GO:0045214),0.4618309241410718,1.0541388073305828,0.382,0.4235635721432656,1.0
prerank,Intracellular Monoatomic Ion Homeostasis (GO:0006873),0.4744591107414853,1.0541962165576841,0.395,0.4235772359545552,1.0
prerank,Dendritic Cell Chemotaxis (GO:0002407),0.4917941811911595,1.0540172494201687,0.4066599394550959,0.42372499763968074,1.0
prerank,Amide Transport (GO:0042886),0.45537306290881563,1.0537951219671275,0.374,0.42417109871444447,1.0
prerank,Very Long-Chain Fatty Acid Metabolic Process (GO:0000038),0.4597524600105753,1.0532787985072338,0.359,0.42548962102243104,1.0
prerank,Triglyceride Metabolic Process (GO:0006641),0.4437234872128266,1.0527573101306302,0.357,0.4267717309452892,1.0
prerank,Regulation Of Interleukin-17 Production (GO:0032660),0.4556698645464093,1.052659853663247,0.353,0.42686233480791436,1.0
prerank,Regulation Of Lipopolysaccharide-Mediated Signaling Pathway (GO:0031664),0.47447443784133947,1.0525644341992044,0.40480961923847697,0.4269336958238344,1.0
prerank,Granulocyte Chemotaxis (GO:0071621),0.4306793738678404,1.051858625565398,0.328,0.4287599938020941,1.0
prerank,Synaptic Vesicle Transport Along Microtubule (GO:0099517),0.4856307275440676,1.0516062247994595,0.41236068895643363,0.4291255789695493,1.0
prerank,Anterograde Synaptic Vesicle Transport (GO:0048490),0.4856307275440676,1.0516062247994595,0.41236068895643363,0.4291255789695493,1.0
prerank,Lysosome Organization (GO:0007040),0.450813495303889,1.0514418681810191,0.361,0.4293986519772595,1.0
prerank,Coenzyme A Metabolic Process (GO:0015936),0.48632738280721005,1.0511218911146831,0.402020202020202,0.4301690336089132,1.0
prerank,Intracellular Cholesterol Transport (GO:0032367),0.4874008908487521,1.0506420872445077,0.41809045226130653,0.4313169503946623,1.0
prerank,Sensory Perception Of Mechanical Stimulus (GO:0050954),0.42818279386453373,1.0500244978518356,0.319,0.432898318206324,1.0
prerank,Regulation Of Transcription Involved In G1/S Transition Of Mitotic Cell Cycle (GO:0000083),0.4774212448183857,1.0496411844349418,0.4218436873747495,0.4337784634528806,1.0
prerank,Myofibril Assembly (GO:0030239),0.4428706456716779,1.0493966280249791,0.359,0.4343147313707244,1.0
prerank,L-alpha-amino Acid Transmembrane Transport (GO:1902475),0.4461310342198206,1.0490216704809199,0.374,0.43517172825539163,1.0
prerank,tRNA Processing (GO:0008033),0.44234192250993065,1.04858245537649,0.3843843843843844,0.43624747592340307,1.0
prerank,Cell Junction Maintenance (GO:0034331),0.480117346472219,1.0472577146344892,0.40643863179074446,0.43988076509935214,1.0
prerank,Cilium Assembly (GO:0060271),0.4114548561989979,1.0464390807763921,0.263,0.4420345476500717,1.0
prerank,Triglyceride Homeostasis (GO:0070328),0.4533723909223583,1.046096240795951,0.415,0.44283789212578395,1.0
prerank,poly(A)+ mRNA Export From Nucleus (GO:0016973),0.4718081269797368,1.0458440479957536,0.4190954773869347,0.44335234649218874,1.0
prerank,Negative Regulation Of Viral Process (GO:0048525),0.4314406252337437,1.0455150312947645,0.375,0.44393451455983257,1.0
prerank,Regulation Of Cell Death (GO:0010941),0.43323469753824895,1.0455750315242387,0.352,0.4439508583531207,1.0
prerank,Regulation Of Type II Interferon Production (GO:0032649),0.4251253605817972,1.044985305648088,0.34,0.4452683096885126,1.0
prerank,Positive Regulation Of Innate Immune Response (GO:0045089),0.4424044804842919,1.0446957534443335,0.386,0.445892136676613,1.0
prerank,Sphingolipid Metabolic Process (GO:0006665),0.42273875703019653,1.0436171758517543,0.343,0.4488312113141904,1.0
prerank,Double-Strand Break Repair Via Nonhomologous End Joining (GO:0006303),0.44465446732479924,1.0429259289801203,0.375,0.45062774177779413,1.0
prerank,Left/Right Pattern Formation (GO:0060972),0.4622773048099824,1.0426245196166817,0.408,0.45126735377349697,1.0
prerank,GPI Anchor Biosynthetic Process (GO:0006506),0.4517462665159685,1.041293185468762,0.42,0.4550219539101967,1.0
prerank,Peroxisomal Membrane Transport (GO:0015919),0.47950484947519645,1.0406687920136426,0.41876892028254287,0.45661717147865216,1.0
prerank,Porphyrin-Containing Compound Biosynthetic Process (GO:0006779),0.469788806418699,1.0399274163983157,0.42384769539078154,0.45825570857069653,1.0
prerank,Neutrophil Chemotaxis (GO:0030593),0.4265072584169411,1.0400466867230174,0.366,0.45830926353716833,1.0
prerank,Response To Amino Acid (GO:0043200),0.4581069931717174,1.0399720977826885,0.4134134134134134,0.458327628169976,1.0
prerank,Regulation Of Peptidase Activity (GO:0052547),0.45595740672972734,1.0396984596662926,0.407,0.4585137285903933,1.0
prerank,Negative Regulation Of Immune System Process (GO:0002683),0.4400480357343169,1.0397642828443416,0.404,0.45852716006649424,1.0
prerank,Inner Mitochondrial Membrane Organization (GO:0007007),0.45614016616931335,1.0387149277759855,0.416,0.4611942240545049,1.0
prerank,Prostaglandin Metabolic Process (GO:0006693),0.451112490275364,1.0380160270905197,0.3983983983983984,0.4630547855596855,1.0
prerank,Dendritic Cell Migration (GO:0036336),0.4767165974015676,1.0376809829399787,0.4271356783919598,0.4638552826656122,1.0
prerank,Nitrogen Compound Transport (GO:0071705),0.41105946172918917,1.036908483713599,0.333,0.4658733389506726,1.0
prerank,Proteoglycan Biosynthetic Process (GO:0030166),0.44505940566195173,1.036630147305403,0.396,0.4665230821057432,1.0
prerank,Peroxisome Organization (GO:0007031),0.46050785484488477,1.0362245101725864,0.4228456913827655,0.4675057326426946,1.0
prerank,Membrane Repolarization (GO:0086009),0.47607550079989747,1.0360239893369165,0.43329989969909727,0.46788489326642524,1.0
prerank,RNA Biosynthetic Process (GO:0032774),0.45341672665654653,1.0358752261330655,0.4144144144144144,0.468094936838049,1.0
prerank,Autophagosome Maturation (GO:0097352),0.43473715406745356,1.034021942603874,0.42,0.4734064307144167,1.0
prerank,Phosphatidylinositol Phosphate Biosynthetic Process (GO:0046854),0.4392057186729062,1.033517627917284,0.414,0.4747369486131993,1.0
prerank,Inner Ear Morphogenesis (GO:0042472),0.45839173702601593,1.0331563300336353,0.4338677354709419,0.4756394213513783,1.0
prerank,Positive Regulation Of Cytokine Production Involved In Inflammatory Response (GO:1900017),0.4695698248141693,1.0326491330446554,0.4471299093655589,0.47695029207955464,1.0
prerank,Negative Regulation Of Lymphocyte Activation (GO:0051250),0.46145582821522557,1.0324978517870458,0.4248496993987976,0.47721102839933743,1.0
prerank,Phospholipid Biosynthetic Process (GO:0008654),0.4554306683671629,1.031976208818214,0.43843843843843844,0.4785274988427809,1.0
prerank,Monoatomic Ion Transport (GO:0006811),0.41680928178424875,1.0317154421134458,0.379,0.4791024383818699,1.0
prerank,Base-Excision Repair (GO:0006284),0.4429760316235109,1.0304056498570195,0.413,0.48277515305656105,1.0
prerank,Regulation Of Nuclear Division (GO:0051783),0.4692417828134496,1.0302945502310434,0.4229607250755287,0.4829184805449981,1.0
prerank,B Cell Mediated Immunity (GO:0019724),0.4743465528922254,1.0298716932600578,0.43724696356275305,0.48312475076452605,1.0
prerank,Chemokine-Mediated Signaling Pathway (GO:0070098),0.42982283321159287,1.0301541688901004,0.42,0.4831472345551232,1.0
prerank,Regulation Of Cholesterol Metabolic Process (GO:0090181),0.4567320778038049,1.0299875036685449,0.418,0.48321339189406504,1.0
prerank,T-helper Cell Differentiation (GO:0042093),0.4760199036798789,1.0298861792486702,0.44232698094282846,0.4832895831032193,1.0
prerank,Selective Autophagy (GO:0061912),0.4303343351570347,1.0299935496616097,0.425,0.4834098201624827,1.0
prerank,Membrane Lipid Biosynthetic Process (GO:0046467),0.42868483936328333,1.0290241639060465,0.421,0.48543565681147693,1.0
prerank,Sterol Metabolic Process (GO:0016125),0.42783034390258207,1.028442156231432,0.414,0.4869674548781353,1.0
prerank,Macroautophagy (GO:0016236),0.41454047073733236,1.0279996824857365,0.4,0.48807494584067085,1.0
prerank,Negative Regulation Of TOR Signaling (GO:0032007),0.43380985891460216,1.0275754806134694,0.432,0.48911187829275465,1.0
prerank,Response To Organonitrogen Compound (GO:0010243),0.4326126618949619,1.0273396026883634,0.412,0.4896039993061903,1.0
prerank,Positive Regulation By Host Of Viral Process (GO:0044794),0.46842149166547137,1.0271825432227115,0.4482412060301508,0.48987274737589803,1.0
prerank,COPII Vesicle Coating (GO:0048208),0.46570272882076275,1.026738142867317,0.446122860020141,0.4908246515645372,1.0
prerank,"Vesicle Targeting, Rough ER To cis-Golgi (GO:0048207)",0.46570272882076275,1.026738142867317,0.446122860020141,0.4908246515645372,1.0
prerank,Cellular Response To Acid Chemical (GO:0071229),0.4526758545881047,1.02583354670561,0.447,0.49329476354773494,1.0
prerank,Detection Of Chemical Stimulus Involved In Sensory Perception Of Taste (GO:0050912),-0.22388879643913784,-1.0,1.0,0.4963884430176565,0.8930753564154786
prerank,Detection Of Chemical Stimulus Involved In Sensory Perception Of Bitter Taste (GO:0001580),-0.290525386904817,-1.0,1.0,0.4963884430176565,0.8930753564154786
prerank,Sensory Perception Of Bitter Taste (GO:0050913),-0.2938492027931203,-1.0,1.0,0.4963884430176565,0.8930753564154786
prerank,Phosphatidylglycerol Metabolic Process (GO:0046471),0.46460611626331355,1.0228640678995247,0.45490981963927857,0.5016209944860941,1.0
prerank,Water-Soluble Vitamin Metabolic Process (GO:0006767),0.43507537330212503,1.0227802408248239,0.435,0.5016649369929891,1.0
prerank,Glucose Transmembrane Transport (GO:1904659),0.45851533917848636,1.0228785577222828,0.44188376753507014,0.5018060797127685,1.0
prerank,Retinoid Metabolic Process (GO:0001523),0.43424009002142966,1.0217309140685087,0.44,0.5046135032533371,1.0
prerank,Negative Regulation Of Interleukin-1 Production (GO:0032692),0.4475200751534832,1.0213684380531824,0.456,0.5054659811917865,1.0
prerank,Hydrogen Peroxide Catabolic Process (GO:0042744),0.4579603412026137,1.0209036459429397,0.46138415245737213,0.5066185850377414,1.0
prerank,Natural Killer Cell Activation Involved In Immune Response (GO:0002323),0.4559421006154075,1.0204863418749663,0.436308926780341,0.5076572539502228,1.0
prerank,Regulation Of Muscle Contraction (GO:0006937),0.44662095216595277,1.020049851405392,0.444,0.5087642280944422,1.0
prerank,Organonitrogen Compound Catabolic Process (GO:1901565),0.4164817889302941,1.0195339269023265,0.436,0.510152128357834,1.0
prerank,DNA-templated DNA Replication Maintenance Of Fidelity (GO:0045005),0.432969311636989,1.0187954025815569,0.436,0.5121390847188674,1.0
prerank,Positive Regulation Of Pattern Recognition Receptor Signaling Pathway (GO:0062208),0.43610713023086395,1.0181680111565574,0.459,0.5137917131049814,1.0
prerank,Regulation Of Toll-Like Receptor 4 Signaling Pathway (GO:0034143),0.4511166827282432,1.0177911316359327,0.47347347347347346,0.5144504965092476,1.0
prerank,Positive Regulation Of Lymphocyte Chemotaxis (GO:0140131),0.4706044012587945,1.0178162413371752,0.4754262788365095,0.514594473879604,1.0
prerank,DNA Modification (GO:0006304),0.4665724889391387,1.0172997247388726,0.4773413897280967,0.5157030973974459,1.0
prerank,Spermatid Development (GO:0007286),0.4291335440391185,1.017091284017613,0.46,0.5161284047844897,1.0
prerank,Regulation Of Centrosome Cycle (GO:0046605),0.4528607234496701,1.0157996267412202,0.4594594594594595,0.5197964293872348,1.0
prerank,Defense Response To Fungus (GO:0050832),0.43752312481916333,1.0143415485366416,0.458,0.5237763368136799,1.0
prerank,tRNA Modification (GO:0006400),0.41628303773052067,1.0143569588617714,0.445,0.5239537504342275,1.0
prerank,Glycogen Metabolic Process (GO:0005977),0.4636236360399722,1.0140691623755256,0.46693386773547096,0.5243743618281901,1.0
prerank,Lytic Vacuole Organization (GO:0080171),0.43978275853517595,1.0138169145076699,0.46146146146146144,0.5249008743412232,1.0
prerank,Protein Targeting To Peroxisome (GO:0006625),0.4652125694325108,1.013720154918338,0.46975806451612906,0.5249559690429664,1.0
prerank,Filopodium Assembly (GO:0046847),0.4651663683786945,1.0135646070602,0.46068548387096775,0.5252135086998971,1.0
prerank,Regulation Of Triglyceride Biosynthetic Process (GO:0010866),0.4679949191734335,1.0133169578984318,0.4743202416918429,0.5257162058436601,1.0
prerank,Cellular Response To Chemokine (GO:1990869),0.4224745652158134,1.0130159701492771,0.47,0.526176727423479,1.0
prerank,Vacuolar Transport (GO:0007034),0.4297446419173208,1.013041924648794,0.46,0.5263262883352228,1.0
prerank,Myeloid Cell Activation Involved In Immune Response (GO:0002275),0.46766328505846594,1.0128772465951486,0.4733668341708543,0.5263611984528167,1.0
prerank,Protein Autoprocessing (GO:0016540),0.46844122432799684,1.012520731061032,0.4919517102615694,0.5272143188350565,1.0
prerank,Neutrophil Migration (GO:1990266),0.413032003159175,1.0117240514516626,0.447,0.529370301737751,1.0
prerank,Retinal Metabolic Process (GO:0042574),0.46872830693821677,1.011483725913712,0.4994944388270981,0.5298883554028944,1.0
prerank,Nucleic Acid Metabolic Process (GO:0090304),0.4398172495702787,1.0111418396560943,0.458,0.5307088767725814,1.0
prerank,DNA Alkylation (GO:0006305),0.47278717966213757,1.0107836477426997,0.4893184130213632,0.5315269822884869,1.0
prerank,Skeletal Muscle Tissue Development (GO:0007519),0.430875025661459,1.010372969955903,0.469,0.5325220404081499,1.0
prerank,DNA Synthesis Involved In DNA Repair (GO:0000731),0.44784176588875385,1.0102504289809326,0.47695390781563124,0.5326347803104899,1.0
prerank,Regulation Of TOR Signaling (GO:0032006),0.4149698752220304,1.0099256657772087,0.461,0.5331532568732552,1.0
prerank,Post-Transcriptional Regulation Of Gene Expression (GO:0010608),0.4177307375614614,1.0099610064526408,0.48,0.5332876258123607,1.0
prerank,Heme Biosynthetic Process (GO:0006783),0.4625175765991644,1.0097260378364987,0.49595959595959593,0.533554469630639,1.0
prerank,Diterpenoid Metabolic Process (GO:0016101),0.4407510496689305,1.009506873789517,0.477,0.5339946388249333,1.0
prerank,Actin Filament-Based Transport (GO:0099515),0.45207269846452863,1.0089373893970979,0.49447236180904525,0.5355125639588797,1.0
prerank,Natural Killer Cell Activation (GO:0030101),0.4261020864773167,1.0081604659673937,0.471,0.5376510419521873,1.0
prerank,GPI Anchor Metabolic Process (GO:0006505),0.44114963134499907,1.0068940294612505,0.48946840521564694,0.5412548366146617,1.0
prerank,Ceramide Metabolic Process (GO:0006672),0.42028204177644884,1.0067657618279349,0.478,0.5413945977722924,1.0
prerank,Autophagosome Assembly (GO:0000045),0.4138801012851614,1.0062718033258686,0.486,0.5426284360710396,1.0
prerank,Phospholipid Translocation (GO:0045332),0.43684692543287235,1.0054556618479862,0.494,0.5448156270727483,1.0
prerank,Mitochondrial Fusion (GO:0008053),0.4637603241626313,1.0048677507756982,0.5131313131313131,0.5463689316099446,1.0
prerank,Protein Localization To Cilium (GO:0061512),0.42975094537787284,1.0043160654292198,0.5,0.5477467980293362,1.0
prerank,Positive Regulation Of Type II Interferon Production (GO:0032729),0.4173528172187868,1.0039649069465708,0.493,0.5480668427292186,1.0
prerank,Glycolipid Biosynthetic Process (GO:0009247),0.42561599508264186,1.0040915964016974,0.47,0.5481626465361461,1.0
prerank,Renal Absorption (GO:0070293),0.4572024633575149,1.0038189005366747,0.48895582329317266,0.5482678316754372,1.0
prerank,Establishment Of Protein Localization To Extracellular Region (GO:0035592),0.4267996592251512,1.0039735801708871,0.482,0.5482731665162232,1.0
prerank,acyl-CoA Metabolic Process (GO:0006637),0.4404670264562572,1.0016575760523072,0.499,0.5544499221421354,1.0
prerank,Protein Targeting To Membrane (GO:0006612),0.412233598900792,0.99982829518124,0.507,0.5596254945881695,1.0
prerank,Protein N-linked Glycosylation (GO:0006487),0.40931199410152996,0.9978839277684112,0.496,0.5650139823006511,1.0
prerank,Heart Process (GO:0003015),0.462140770093305,0.9979307523099751,0.4934010152284264,0.5651150077494516,1.0
prerank,Motile Cilium Assembly (GO:0044458),0.463043481887933,0.9975940896026478,0.49096385542168675,0.5656509515682777,1.0
prerank,Positive Regulation Of Interleukin-17 Production (GO:0032740),0.44621839293278254,0.9974525501450792,0.506519558676028,0.5658384644805852,1.0
prerank,Phosphatidylcholine Metabolic Process (GO:0046470),0.4163047270162345,0.9970606815011468,0.494,0.5667516615571689,1.0
prerank,Maintenance Of Gastrointestinal Epithelium (GO:0030277),0.45523040015217037,0.996217697517376,0.49698795180722893,0.5690427298517604,1.0
prerank,Natural Killer Cell Mediated Immunity (GO:0002228),0.4410604826904503,0.9960797983160968,0.4974974974974975,0.5692493136307151,1.0
prerank,Regulation Of Defense Response To Virus By Host (GO:0050691),0.4276570569234751,0.995864884398081,0.5,0.5696436181674741,1.0
prerank,Monocarboxylic Acid Metabolic Process (GO:0032787),0.4007980714894657,0.9956010113369219,0.515,0.570161953844323,1.0
prerank,Positive Regulation Of Vacuole Organization (GO:0044090),0.4525071912670611,0.9953678797923177,0.5115115115115115,0.5706088156705853,1.0
prerank,Regulation Of DNA-templated Transcription Elongation (GO:0032784),0.42242374850788345,0.9952004010480439,0.505,0.5708676423988334,1.0
prerank,Regulation Of Cilium Assembly (GO:1902017),0.41024917982466347,0.9948378653238659,0.53,0.571250665297972,1.0
prerank,Cholesterol Transport (GO:0030301),0.41471929651596035,0.9948627435502131,0.523,0.5714163121503597,1.0
prerank,Immunoglobulin Mediated Immune Response (GO:0016064),0.4302126566698415,0.9949029535523758,0.497,0.5715449213285704,1.0
prerank,Regulation Of Cellular Respiration (GO:0043457),0.46538376569191847,0.9931100702473707,0.507537688442211,0.5761910345653831,1.0
prerank,Regulation Of B Cell Activation (GO:0050864),0.4410170122505376,0.992374570034382,0.5015015015015015,0.5781150235708765,1.0
prerank,Phosphatidylcholine Biosynthetic Process (GO:0006656),0.4449785174391456,0.9915776247778553,0.5100401606425703,0.5802604075286631,1.0
prerank,Secondary Alcohol Metabolic Process (GO:1902652),0.41884821062659683,0.991148138043014,0.558,0.5812784106878269,1.0
prerank,Sphingosine Metabolic Process (GO:0006670),0.4500521476919077,0.9906951607758823,0.5165829145728643,0.5823616889293011,1.0
prerank,Monocarboxylic Acid Transport (GO:0015718),0.40404955700087386,0.9901455651427336,0.521,0.583504893130052,1.0
prerank,Fatty Acid Oxidation (GO:0019395),0.4149859954878185,0.9902056320237567,0.5,0.5835606858109617,1.0
prerank,Vesicle-Mediated Transport Between Endosomal Compartments (GO:0098927),0.43877216716924333,0.9894972493639932,0.5120240480961924,0.5852177526129169,1.0
prerank,Vesicle Budding From Membrane (GO:0006900),0.430332932561204,0.9889706510562208,0.506,0.5865141193466197,1.0
prerank,Fatty Acid Metabolic Process (GO:0006631),0.3970820324853334,0.9887398063355458,0.52,0.5869678712667747,1.0
prerank,Organelle Fission (GO:0048285),0.44592646919088336,0.9883617725815642,0.5205616850551655,0.5878346847637452,1.0
prerank,B Cell Proliferation (GO:0042100),0.42860418113823023,0.9881437936026777,0.5275275275275275,0.5882480219415656,1.0
prerank,DNA Repair-Dependent Chromatin Remodeling (GO:0140861),0.4582654680422376,0.9866187462653371,0.5100806451612904,0.5925157326989662,1.0
prerank,Histone H4-K5 Acetylation (GO:0043981),0.4597361285120558,0.9859900906776332,0.5369059656218402,0.5938986779436884,1.0
prerank,Histone H4-K8 Acetylation (GO:0043982),0.4597361285120558,0.9859900906776332,0.5369059656218402,0.5938986779436884,1.0
prerank,Activation Of GTPase Activity (GO:0090630),0.3969307253516918,0.9837213597736384,0.552,0.6003313844715531,1.0
prerank,Bile Acid And Bile Salt Transport (GO:0015721),0.4347039484580395,0.9822146495672563,0.535,0.6045147896268233,1.0
prerank,Positive Regulation Of Organelle Organization (GO:0010638),0.42333440794010957,0.9820419337498267,0.53,0.6047516887234291,1.0
prerank,DNA Methylation (GO:0006306),0.44301642392346907,0.9819041804860154,0.5366834170854271,0.604885793716853,1.0
prerank,Organelle Fusion (GO:0048284),0.43637861483443413,0.9816420536203154,0.526,0.6054111612228903,1.0
prerank,Vesicle Transport Along Actin Filament (GO:0030050),0.4443637714945284,0.9815377411343312,0.5352112676056338,0.6054545020414812,1.0
prerank,Positive Regulation Of Immune Effector Process (GO:0002699),0.4238909901084487,0.9809975186676053,0.563,0.6064950825799411,1.0
prerank,Icosanoid Metabolic Process (GO:0006690),0.40743595717149717,0.9810598374885007,0.566,0.6065747553508365,1.0
prerank,TOR Signaling (GO:0031929),0.4245371336082219,0.9802089530919021,0.5215215215215215,0.608549186869393,1.0
prerank,Steroid Biosynthetic Process (GO:0006694),0.4115510790092335,0.9796874696132276,0.556,0.6098196249509337,1.0
prerank,RNA 3'-End Processing (GO:0031123),0.42157806811257187,0.9792219844144524,0.55,0.6108952663420307,1.0
prerank,Receptor Recycling (GO:0001881),0.4521338008248172,0.9790232527732211,0.5394736842105263,0.6112062415271087,1.0
prerank,Interferon-Mediated Signaling Pathway (GO:0140888),0.41210729138780705,0.9786065968843094,0.547,0.6121686011991218,1.0
prerank,Regulation Of Double-Strand Break Repair Via Nonhomologous End Joining (GO:2001032),0.43430868298272823,0.9778915616828873,0.549,0.6139320716575306,1.0
prerank,Organic Hydroxy Compound Biosynthetic Process (GO:1901617),0.4131537081168911,0.9771283893663557,0.555,0.6156096150419628,1.0
prerank,Organic Cyclic Compound Biosynthetic Process (GO:1901362),0.42626331461819017,0.9771773954221598,0.556,0.6157220000794261,1.0
prerank,Positive Regulation Of Transcription By RNA Polymerase III (GO:0045945),0.4542666696433596,0.9765040277600386,0.5357502517623364,0.6171807786744209,1.0
prerank,Negative Regulation Of Interleukin-10 Production (GO:0032693),0.45459372070617143,0.9751103987343043,0.5506072874493927,0.6209816780706132,1.0
prerank,Xenobiotic Catabolic Process (GO:0042178),0.4410732674932843,0.9749419507470025,0.5391566265060241,0.62119391755905,1.0
prerank,Protein Localization To Centrosome (GO:0071539),0.4471313956375881,0.9745420904303367,0.5540950455005056,0.6221285218684436,1.0
prerank,Determination Of Left/Right Symmetry (GO:0007368),0.41926722850466697,0.9742747205043819,0.565,0.6223927494665746,1.0
prerank,Glycoprotein Biosynthetic Process (GO:0009101),0.3940508329163054,0.9743450922838929,0.573,0.6224507102427811,1.0
prerank,Early Endosome To Late Endosome Transport (GO:0045022),0.4343561363280375,0.9739483902777233,0.5491967871485943,0.6230560622409081,1.0
prerank,Lymphocyte Mediated Immunity (GO:0002449),0.44754179048420417,0.9727192093984186,0.5509586276488395,0.6260572397754285,1.0
prerank,Mitotic Metaphase Plate Congression (GO:0007080),0.41009944438878176,0.9727346273069971,0.585,0.6262744564954839,1.0
prerank,Sterol Transport (GO:0015918),0.4294773752921422,0.9722986925425072,0.5585585585585585,0.6269962129334062,1.0
prerank,Positive Regulation Of Macrophage Activation (GO:0043032),0.45030136552018923,0.9713656037388427,0.5489404641775983,0.6294192592687214,1.0
prerank,DNA Replication Checkpoint Signaling (GO:0000076),0.4465470620655477,0.9708629644903685,0.5482897384305835,0.6303177842510902,1.0
prerank,Positive Regulation Of Stress-Activated Protein Kinase Signaling Cascade (GO:0070304),0.4403190524726698,0.9708978711821491,0.5537688442211055,0.6304783643721374,1.0
prerank,Sensory Perception Of Light Stimulus (GO:0050953),0.3894689051290637,0.9702900556846433,0.615,0.6316676843033984,1.0
prerank,Carboxylic Acid Metabolic Process (GO:0019752),0.4150084092896826,0.9700402623150312,0.565,0.6321270308044725,1.0
prerank,mRNA Modification (GO:0016556),0.43011581601220095,0.9674781051199519,0.56312625250501,0.6390880273158834,1.0
prerank,Rescue Of Stalled Ribosome (GO:0072344),0.44663145932422305,0.9666065700823411,0.5594758064516129,0.6410201149947482,1.0
prerank,"Protein Alpha-1,2-Demannosylation (GO:0036508)",0.44792532698460874,0.9666247234883012,0.5601617795753286,0.6412307152894409,1.0
prerank,Fat-Soluble Vitamin Metabolic Process (GO:0006775),0.4279349085371684,0.9662586768406939,0.5591182364729459,0.6417402330153089,1.0
prerank,Peptidyl-Lysine Methylation (GO:0018022),0.4260136706098857,0.9655230608313781,0.5711422845691383,0.6433005341163571,1.0
prerank,Positive Regulation Of Autophagosome Assembly (GO:2000786),0.45057094704789286,0.96556386691555,0.5701402805611222,0.6434477664583365,1.0
prerank,Regulation Of rRNA Processing (GO:2000232),0.44572335092863075,0.9646057496665,0.5564516129032258,0.6455815672341505,1.0
prerank,Organic Hydroxy Compound Transport (GO:0015850),0.4062465851701448,0.9637385771651205,0.61,0.6477430954634413,1.0
prerank,Microtubule Bundle Formation (GO:0001578),0.40230802860049597,0.9611341775435702,0.612,0.6547278936184545,1.0
prerank,Amino Acid Transport (GO:0006865),0.4036014049328094,0.9599143516974685,0.611,0.6573647975330666,1.0
prerank,Negative Regulation Of Type I Interferon-Mediated Signaling Pathway (GO:0060339),0.44395682050342794,0.9600426446436513,0.5689828801611279,0.6575461315042203,1.0
prerank,Negative Regulation Of Reproductive Process (GO:2000242),0.4332709839756578,0.9599322197059101,0.5813253012048193,0.6575904222082236,1.0
prerank,Cellular Response To Type I Interferon (GO:0071357),0.410090802217403,0.9593885170692137,0.602,0.6580153671410325,1.0
prerank,Lipid Modification (GO:0030258),0.4074028001753833,0.959419600124806,0.604,0.6581973418926901,1.0
prerank,Carboxylic Acid Transmembrane Transport (GO:1905039),0.40652242726016363,0.9595132079507166,0.59,0.6582040145531344,1.0
prerank,Phospholipid Metabolic Process (GO:0006644),0.3960118274090235,0.9588179194992468,0.628,0.6593193414363103,1.0
prerank,Positive Regulation Of Triglyceride Metabolic Process (GO:0090208),0.43194046894780175,0.9577452009885511,0.5767301905717152,0.6620770043343701,1.0
prerank,"Retrograde Protein Transport, ER To Cytosol (GO:0030970)",0.44226395171929217,0.9560282463699008,0.5714285714285714,0.6659664087643339,1.0
prerank,Visual Perception (GO:0007601),0.3848446799171363,0.9560613721880745,0.673,0.6661463462277192,1.0
prerank,Antifungal Innate Immune Response (GO:0061760),0.439537595480168,0.9561618679853856,0.5763397371081901,0.6661681917060317,1.0
prerank,Bile Acid Biosynthetic Process (GO:0006699),0.421329757097315,0.9544315985153192,0.5795795795795796,0.670024688672947,1.0
prerank,Protein Lipidation (GO:0006497),0.39406549290661813,0.9527925357906989,0.623,0.674208484192405,1.0
prerank,Alpha-Amino Acid Catabolic Process (GO:1901606),0.4139456806480664,0.9517485645213496,0.6016016016016016,0.6764772588805896,1.0
prerank,tRNA Metabolic Process (GO:0006399),0.43713551180062715,0.9516434138247054,0.6052104208416834,0.6764864877818907,1.0
prerank,Nuclear Membrane Reassembly (GO:0031468),0.4269682762122473,0.9517999757956515,0.5971943887775552,0.6766025581011446,1.0
prerank,Positive Regulation Of Leukocyte Migration (GO:0002687),0.40839237008836904,0.9506505866066409,0.6,0.6785962288688583,1.0
prerank,Diacylglycerol Metabolic Process (GO:0046339),0.4284815144540798,0.95068859794404,0.5923694779116466,0.6787759083766273,1.0
prerank,Negative Regulation Of Small GTPase Mediated Signal Transduction (GO:0051058),0.4270121713887662,0.9474449428517467,0.5777331995987964,0.6868091959109602,1.0
prerank,Cellular Response To Fatty Acid (GO:0071398),0.44045976188027314,0.9469338656648782,0.5981781376518218,0.6879005095549867,1.0
prerank,Positive Regulation Of Defense Response To Virus By Host (GO:0002230),0.41686318580447124,0.946445736085774,0.600802407221665,0.6880742753935357,1.0
prerank,"Retrograde Vesicle-Mediated Transport, Golgi To Endoplasmic Reticulum (GO:0006890)",0.4027784941825163,0.9467600754405288,0.622,0.6880878684787616,1.0
prerank,Megakaryocyte Differentiation (GO:0030219),0.4394074063285359,0.946501866018187,0.5963673057517659,0.6882022184014578,1.0
prerank,Multivesicular Body Organization (GO:0036257),0.41549671434737934,0.9465991180525519,0.624,0.6882211088740938,1.0
prerank,Regulation Of Mitochondrial Translation (GO:0070129),0.42168497213399136,0.946284127488163,0.5935935935935935,0.6882245078747073,1.0
prerank,Negative Regulation Of DNA Replication (GO:0008156),0.4401283141529117,0.9459455534881007,0.6036400404448938,0.6885482687386391,1.0
prerank,Negative Regulation Of Interleukin-6 Production (GO:0032715),0.4053792415271745,0.9460113716078296,0.625,0.6886468609707244,1.0
prerank,T Cell Mediated Immunity (GO:0002456),0.4264652966501074,0.9455064784337444,0.5995995995995996,0.6893832749400584,1.0
prerank,Positive Regulation Of Peptidase Activity (GO:0010952),0.4188175255725737,0.9444228390115984,0.6276276276276276,0.6919354864146642,1.0
prerank,Polyol Biosynthetic Process (GO:0046173),0.4414667736178261,0.9434513407393211,0.6076845298281092,0.6942223757535233,1.0
prerank,Non-Motile Cilium Assembly (GO:1905515),0.40969161669338316,0.9424462244306532,0.6286286286286287,0.696509031364139,1.0
prerank,Type I Interferon-Mediated Signaling Pathway (GO:0060337),0.4040015054259053,0.9423060709023056,0.643,0.696574782905806,1.0
prerank,Hexose Transmembrane Transport (GO:0008645),0.4196440723458714,0.94172114398532,0.6118355065195586,0.6977646092600476,1.0
prerank,Neutral Amino Acid Transport (GO:0015804),0.4046484067994336,0.9399274609386805,0.66,0.7021348966047931,1.0
prerank,Defense Response To Bacterium (GO:0042742),0.36932720483659087,0.9389940326402062,0.783,0.7042084346550084,1.0
prerank,Pyroptosis (GO:0070269),0.4122632346234435,0.9387422875925031,0.6386386386386387,0.7045754191505772,1.0
prerank,Carboxylic Acid Transport (GO:0046942),0.3897986334140054,0.9384651284877604,0.661,0.7050428768412269,1.0
prerank,Hippo Signaling (GO:0035329),0.43029868057230247,0.936927853003739,0.6092648539778449,0.7087211457961122,1.0
prerank,Mitochondrial RNA Metabolic Process (GO:0000959),0.4252433602684417,0.9352981352452434,0.5981873111782477,0.7126002431838115,1.0
prerank,Leukotriene Metabolic Process (GO:0006691),0.41968999108290594,0.9350650221302242,0.6342685370741483,0.7128804344511516,1.0
prerank,Microtubule Depolymerization (GO:0007019),0.4294073793140989,0.9349470531101427,0.6224899598393574,0.7128890004277052,1.0
prerank,Regulation Of Natural Killer Cell Mediated Cytotoxicity (GO:0042269),0.40399828223671425,0.9335576373413502,0.642,0.7161104354283043,1.0
prerank,Acylglycerol Catabolic Process (GO:0046464),0.4108841349138518,0.9331330078497384,0.6359077231695085,0.716856229561416,1.0
prerank,Lipid Translocation (GO:0034204),0.415302957136413,0.93159053202501,0.6306306306306306,0.7204563453533785,1.0
prerank,Regulation Of Viral Entry Into Host Cell (GO:0046596),0.39091091838466957,0.9297814709388421,0.68,0.7244312519546636,1.0
prerank,Response To Interferon-Alpha (GO:0035455),0.43034707607300043,0.9297911197668387,0.6294058408862034,0.7246983364603555,1.0
prerank,Protein Exit From Endoplasmic Reticulum (GO:0032527),0.4116660925975948,0.928530497776565,0.629,0.7269373568602033,1.0
prerank,Arachidonic Acid Metabolic Process (GO:0019369),0.38496806076083223,0.9285997301991781,0.696,0.7270579315052907,1.0
prerank,Amino Acid Catabolic Process (GO:0009063),0.39523820702925244,0.9278894640275203,0.679,0.7281799932092615,1.0
prerank,Unsaturated Fatty Acid Metabolic Process (GO:0033559),0.3885344315742801,0.9271217272795026,0.709,0.7297583246658379,1.0
prerank,Monocarboxylic Acid Catabolic Process (GO:0072329),0.4173689052874395,0.9257078320234762,0.6409227683049148,0.732920017596471,1.0
prerank,Positive Regulation Of Smoothened Signaling Pathway (GO:0045880),0.4185185397305678,0.9240854776227833,0.628140703517588,0.7362107329288621,1.0
prerank,Protein Monoubiquitination (GO:0006513),0.3901522872422936,0.9241307115099352,0.698,0.7363970061089602,1.0
prerank,Monoatomic Anion Transport (GO:0006820),0.38528651276195625,0.9237771906002206,0.72,0.7366610065693103,1.0
prerank,Adaptive Immune Response Based On Somatic Recombination Of Immune Receptors Built From Immunoglobulin Superfamily Domains (GO:0002460),0.4107119780965579,0.9231643641538961,0.6446446446446447,0.7378224898903543,1.0
prerank,Positive Regulation Of Natural Killer Cell Mediated Immunity (GO:0002717),0.41001948040694713,0.9217590944003984,0.6456456456456456,0.7403609593125747,1.0
prerank,Hexose Metabolic Process (GO:0019318),0.38641641741842253,0.9217600390733756,0.708,0.7406569532648329,1.0
prerank,Steroid Metabolic Process (GO:0008202),0.3733694083662672,0.9218277398833228,0.758,0.7407955255838394,1.0
prerank,Triglyceride Biosynthetic Process (GO:0019432),0.4213320849779659,0.9200016635187939,0.6349047141424273,0.7442242604118853,1.0
prerank,Male Meiosis I (GO:0007141),0.423080467873914,0.9191733234520129,0.6308316430020284,0.745298796855453,1.0
prerank,NAD Biosynthetic Process (GO:0009435),0.4240621322404593,0.9191765972668874,0.6362725450901804,0.7455918748834349,1.0
prerank,Ear Morphogenesis (GO:0042471),0.4126276204391468,0.9192708411152956,0.6680040120361084,0.7456766555220308,1.0
prerank,Multivesicular Body Assembly (GO:0036258),0.40230858429420613,0.916329687136424,0.682,0.7515853277232837,1.0
prerank,Modified Amino Acid Transport (GO:0072337),0.39598580212910217,0.9155015030829604,0.674,0.7528889840779381,1.0
prerank,Metaphase Plate Congression (GO:0051310),0.3834778488561145,0.9155355025634284,0.728,0.7531140203117781,1.0
prerank,Regulation Of RIG-I Signaling Pathway (GO:0039535),0.4266496195907095,0.9148089054541824,0.6538849646821393,0.7541625131201252,1.0
prerank,Response To Exogenous dsRNA (GO:0043330),0.3936957786753213,0.9143779323820883,0.699,0.7545488133002909,1.0
prerank,Antimicrobial Humoral Immune Response Mediated By Antimicrobial Peptide (GO:0061844),0.37847458669001227,0.9143786795487019,0.749,0.7548493146449476,1.0
prerank,Regulation Of Acute Inflammatory Response (GO:0002673),0.41536741158993745,0.913263729015909,0.6593186372745491,0.7568301659987093,1.0
prerank,Amino Acid Transmembrane Transport (GO:0003333),0.38709584846920725,0.9130812794634062,0.708,0.7569388923920146,1.0
prerank,Vitamin Transport (GO:0051180),0.38752773275216823,0.9128273521944693,0.705,0.7572258872660504,1.0
prerank,Bicellular Tight Junction Assembly (GO:0070830),0.38323422202710583,0.9125855047823221,0.743,0.7574974279092255,1.0
prerank,Carbohydrate Derivative Transport (GO:1901264),0.41965729665993046,0.9116907982670034,0.6653266331658292,0.7592012614293366,1.0
prerank,Long-Chain Fatty Acid Metabolic Process (GO:0001676),0.37216852549328,0.9100902325040012,0.785,0.7625294215325571,1.0
prerank,DNA Catabolic Process (GO:0006308),0.41944528427215655,0.9091387363766713,0.6469408224674023,0.7643195131504601,1.0
prerank,Epithelial Structure Maintenance (GO:0010669),0.40939415802422013,0.9086992624594079,0.6770310932798396,0.7650133793076374,1.0
prerank,Heterophilic Cell-Cell Adhesion Via Plasma Membrane Cell Adhesion Molecules (GO:0007157),0.3804702423554362,0.907560035596186,0.743,0.7669122343453186,1.0
prerank,Phospholipid Transport (GO:0015914),0.37665656284585747,0.9075738194447138,0.744,0.7671824913561077,1.0
prerank,Negative Regulation Of Interleukin-1 Beta Production (GO:0032691),0.4029507378581727,0.9067955145010655,0.6806806806806807,0.768329757998194,1.0
prerank,Response To ATP (GO:0033198),0.4079553652983125,0.9053452540866576,0.6913827655310621,0.7712740954864272,1.0
prerank,Protein Glycosylation (GO:0006486),0.35855689204684044,0.9039537506532398,0.849,0.7740751648936767,1.0
prerank,Lipid Catabolic Process (GO:0016042),0.40692381226321384,0.9028872715307479,0.695085255767302,0.7760547699199454,1.0
prerank,Bile Acid Metabolic Process (GO:0008206),0.39132610457086864,0.9021722981658952,0.708,0.7769969018233119,1.0
prerank,Sulfation (GO:0051923),0.4177855861954467,0.9022556252713292,0.6781029263370333,0.7771365107107848,1.0
prerank,Defense Response To Protozoan (GO:0042832),0.4233800267805862,0.9013632961871323,0.6585365853658537,0.7784317271167318,1.0
prerank,Tight Junction Assembly (GO:0120192),0.37541743148652196,0.9006707521063967,0.773,0.7796148130271077,1.0
prerank,Lipid Transport (GO:0006869),0.3614498614590085,0.8981151714627738,0.845,0.7846667062404334,1.0
prerank,Positive Regulation Of Embryonic Development (GO:0040019),0.4104279220568325,0.8945197291032416,0.6937751004016064,0.7915909211266747,1.0
prerank,Steroid Hormone Biosynthetic Process (GO:0120178),0.4035125896655908,0.8945998357662452,0.7098393574297188,0.7917416350660211,1.0
prerank,Modulation By Symbiont Of Entry Into Host (GO:0052372),0.402531456759305,0.8936960429867427,0.7065326633165829,0.7929562288299381,1.0
prerank,Endoplasmic Reticulum Organization (GO:0007029),0.3785113711244482,0.8918450580852334,0.765,0.7964850500532609,1.0
prerank,Regulation Of Viral Life Cycle (GO:1903900),0.3938589447158799,0.8901555147776533,0.7227227227227228,0.7989773028385768,1.0
prerank,Endosome Transport Via Multivesicular Body Sorting Pathway (GO:0032509),0.39684784105801213,0.8902650054965189,0.7111334002006018,0.7990809899869069,1.0
prerank,Xenobiotic Transport (GO:0042908),0.4030571792847565,0.8903117886850026,0.7125628140703517,0.7992988288207787,1.0
prerank,Sulfur Compound Biosynthetic Process (GO:0044272),0.3677530278668809,0.889568533520979,0.798,0.7998669433052803,1.0
prerank,Glycoprotein Metabolic Process (GO:0009100),0.37217518518194026,0.8879191280167648,0.779,0.8025001112370715,1.0
prerank,Fatty Acid Derivative Biosynthetic Process (GO:1901570),0.3922363582888244,0.8880503839205938,0.7274549098196392,0.8025681683491602,1.0
prerank,Negative Regulation Of Viral Entry Into Host Cell (GO:0046597),0.4013730773974187,0.8871660982085985,0.7009063444108762,0.8036850743580881,1.0
prerank,Monocyte Chemotaxis (GO:0002548),0.3764470205691581,0.8867991530378715,0.768,0.8041013659663012,1.0
prerank,Adenine Nucleotide Transport (GO:0051503),0.40144773603056516,0.8864970757205489,0.7257257257257257,0.8043513223714773,1.0
prerank,Acylglycerol Biosynthetic Process (GO:0046463),0.39662706432753947,0.8860214998916724,0.7197197197197197,0.8046400330736891,1.0
prerank,Carbohydrate Derivative Biosynthetic Process (GO:1901137),0.3848732056708295,0.8861698927694189,0.718,0.8046703873034626,1.0
prerank,Prostanoid Metabolic Process (GO:0006692),0.40516380274912656,0.8853394913314993,0.7188755020080321,0.8056789484871436,1.0
prerank,Mitochondrial Calcium Ion Homeostasis (GO:0051560),0.4035378788290286,0.8848658069044274,0.704225352112676,0.8059963180096891,1.0
prerank,Extracellular Matrix Disassembly (GO:0022617),0.3757304382732424,0.8850085052383524,0.775,0.8060192613783258,1.0
prerank,Organic Anion Transport (GO:0015711),0.35702547739510293,0.881241111092344,0.851,0.8127705849245405,1.0
prerank,Negative Regulation Of Interleukin-8 Production (GO:0032717),0.4058996272454014,0.8781599562126243,0.7226130653266332,0.8182795301197798,1.0
prerank,Nuclear Membrane Organization (GO:0071763),0.38410751829589984,0.8764402449927098,0.7457457457457457,0.8208600242275632,1.0
prerank,Cellular Response To Sterol (GO:0036315),0.407679648958229,0.876483980052159,0.7039274924471299,0.8211028604315376,1.0
prerank,Negative Regulation Of Viral Life Cycle (GO:1903901),0.39364141833121735,0.8757556948210609,0.7301905717151455,0.8218107426437594,1.0
prerank,Regulation Of Viral Transcription (GO:0046782),0.4028002405744075,0.8743557460200182,0.7230614300100705,0.8240995589153721,1.0
prerank,Ribonucleoside Bisphosphate Metabolic Process (GO:0033875),0.3896733737413924,0.8722991164170332,0.7567567567567568,0.8267763301355502,1.0
prerank,Purine Nucleoside Bisphosphate Metabolic Process (GO:0034032),0.3896733737413924,0.8722991164170332,0.7567567567567568,0.8267763301355502,1.0
prerank,Negative Regulation Of TORC1 Signaling (GO:1904262),0.3963864582145234,0.8719997810403247,0.7327327327327328,0.8269812200662368,1.0
prerank,Acute Inflammatory Response (GO:0002526),0.3825463876793135,0.8725213328001705,0.7585170340681363,0.8270470550964849,1.0
prerank,Positive Regulation Of Natural Killer Cell Mediated Cytotoxicity (GO:0045954),0.3916288007024558,0.8683861881103628,0.7437437437437437,0.8323789220646899,1.0
prerank,Interstrand Cross-Link Repair (GO:0036297),0.37229545351666593,0.8687323204414652,0.775,0.832439853940476,1.0
prerank,Lymphocyte Chemotaxis (GO:0048247),0.36986405524298716,0.8680887408638963,0.82,0.8325875783153561,1.0
prerank,Carbohydrate Biosynthetic Process (GO:0016051),0.3866005400519181,0.8683972821287399,0.756,0.8326864306164818,1.0
prerank,Plasma Membrane Repair (GO:0001778),0.3864549576596765,0.8675692430081658,0.7377377377377378,0.8331985838201736,1.0
prerank,Positive Regulation Of Leukocyte Activation (GO:0002696),0.39390723698171304,0.8666107109963148,0.7502507522567703,0.8345662755135772,1.0
prerank,Protein Palmitoylation (GO:0018345),0.3776295898794032,0.8659622671547166,0.7757757757757757,0.8353680886924884,1.0
prerank,piRNA Processing (GO:0034587),0.3921348397476481,0.8656691149272654,0.7452357071213641,0.835559538994968,1.0
prerank,Stabilization Of Membrane Potential (GO:0030322),0.40199583712287196,0.8648297228032318,0.7459677419354839,0.8366915711740438,1.0
prerank,Regulation Of Lymphocyte Proliferation (GO:0050670),0.39407292667257776,0.8646174840210791,0.7507537688442211,0.8367348441081223,1.0
prerank,Cellular Response To Nitrogen Compound (GO:1901699),0.4041918047300577,0.8626084682002186,0.7277327935222672,0.8398090451877448,1.0
prerank,Positive Regulation Of Immune System Process (GO:0002684),0.3755067392354492,0.8620163838749083,0.7857857857857858,0.8404512153123018,1.0
prerank,snRNA 3'-End Processing (GO:0034472),0.3856899848112989,0.8609993806155679,0.7550200803212851,0.8418569841366209,1.0
prerank,Female Gamete Generation (GO:0007292),0.374410938359525,0.8596834851307219,0.782,0.8437191499087099,1.0
prerank,Regulation Of Tissue Remodeling (GO:0034103),0.39208834822258315,0.8573735794664546,0.7620481927710844,0.8465520073138754,1.0
prerank,Endosome To Lysosome Transport Via Multivesicular Body Sorting Pathway (GO:0032510),0.39916001773730647,0.8574883296852466,0.7326530612244898,0.846695081643638,1.0
prerank,Cellular Component Disassembly (GO:0022411),0.36353961258874484,0.8576663233890585,0.8248248248248248,0.846726679023539,1.0
prerank,Regulation Of TORC1 Signaling (GO:1903432),0.3657667027274026,0.8547061999485746,0.835,0.8505834428307798,1.0
prerank,Sulfur Compound Transport (GO:0072348),0.38446375865582727,0.854319304971435,0.7687687687687688,0.8508556895912653,1.0
prerank,Positive Regulation Of TOR Signaling (GO:0032008),0.36314360945586016,0.8533770790663144,0.839,0.8519948539382172,1.0
prerank,Eosinophil Migration (GO:0072677),0.3762065569759336,0.8509293962337031,0.8036072144288577,0.8551510238635793,1.0
prerank,Eosinophil Chemotaxis (GO:0048245),0.3762065569759336,0.8509293962337031,0.8036072144288577,0.8551510238635793,1.0
prerank,Intermediate Filament Organization (GO:0045109),0.3504064448108504,0.8504260889669392,0.897,0.8556181731930487,1.0
prerank,Inorganic Anion Transport (GO:0015698),0.3540737073788578,0.8499286799640677,0.864,0.8560194101994814,1.0
prerank,Dolichol-Linked Oligosaccharide Biosynthetic Process (GO:0006488),0.39325299467712815,0.8495395058133494,0.7451776649746192,0.8563150306523968,1.0
prerank,Phosphate Ion Transport (GO:0006817),0.3856038894832298,0.849089740321028,0.765295887662989,0.8567160729853356,1.0
prerank,Phosphatidylserine Metabolic Process (GO:0006658),0.3842173175737733,0.8480742504396792,0.7637637637637638,0.8576107140580722,1.0
prerank,Cilium Movement (GO:0003341),0.3588563467534099,0.8482371785167466,0.84,0.8576935724407084,1.0
prerank,Protein Insertion Into ER Membrane (GO:0045048),0.3719131916299137,0.8435749950047622,0.793,0.8637417662486591,1.0
prerank,T Cell Activation Involved In Immune Response (GO:0002286),0.3679140730310548,0.8437231185768235,0.82,0.8638619940985175,1.0
prerank,Purine Ribonucleotide Transport (GO:0015868),0.3844595790011295,0.8429489845483072,0.7723169508525577,0.864372600188116,1.0
prerank,Phosphatidylethanolamine Metabolic Process (GO:0046337),0.3807421738287874,0.8414111824697553,0.7783350050150452,0.8659710525699778,1.0
prerank,Homologous Chromosome Pairing At Meiosis (GO:0007129),0.3714481282393949,0.8414529836565598,0.792,0.8662460319604587,1.0
prerank,Carbohydrate Derivative Catabolic Process (GO:1901136),0.3857209241577415,0.8397444584862369,0.7683786505538771,0.8680052508224303,1.0
prerank,Oligosaccharide Biosynthetic Process (GO:0009312),0.375502084175246,0.8359611654590805,0.8016032064128257,0.8730728152051012,1.0
prerank,3'-Phosphoadenosine 5'-Phosphosulfate Metabolic Process (GO:0050427),0.3924690204765244,0.8350873067605212,0.7862208713272543,0.8739838473379571,1.0
prerank,Antimicrobial Humoral Response (GO:0019730),0.33681772363348533,0.8334729475347973,0.936,0.8759314329634028,1.0
prerank,snRNA Metabolic Process (GO:0016073),0.3820135226596985,0.831897263136347,0.7967806841046278,0.8777455715117596,1.0
prerank,Ubiquitin-Dependent Protein Catabolic Process Via The Multivesicular Body Sorting Pathway (GO:0043162),0.35944857166012,0.8281727727473163,0.855,0.8817435114651787,1.0
prerank,Intracellular Lipid Transport (GO:0032365),0.3822161583490005,0.828640513799883,0.7935871743486974,0.8818049919605612,1.0
prerank,Defense Response To Gram-positive Bacterium (GO:0050830),0.33745411087006083,0.8282371569488575,0.93,0.8819962237182459,1.0
prerank,Positive Regulation Of TORC1 Signaling (GO:1904263),0.36855331726933577,0.8249943481326935,0.8198198198198198,0.8855262283163847,1.0
prerank,Retina Homeostasis (GO:0001895),0.3525640627239371,0.82269663166968,0.871,0.8881855726036694,1.0
prerank,Regulation Of Lymphocyte Activation (GO:0051249),0.37631440104062813,0.8219855707728871,0.8142570281124498,0.8884176215602498,1.0
prerank,Meiosis I (GO:0007127),0.3641761682364123,0.8222211354317661,0.8194583751253761,0.8884429497028988,1.0
prerank,Long-Chain Fatty Acid Biosynthetic Process (GO:0042759),0.36349469224253916,0.8173994899451393,0.8368368368368369,0.8938340596427093,1.0
prerank,Skeletal Muscle Contraction (GO:0003009),0.37251634670794714,0.8146857534172072,0.8138832997987927,0.8964696529556814,1.0
prerank,Nucleic Acid Phosphodiester Bond Hydrolysis (GO:0090305),0.36022209196787514,0.8149136321227574,0.817,0.8965348014669188,1.0
prerank,Nuclear Chromosome Segregation (GO:0098813),0.37649324952510216,0.811433442092832,0.7875125881168177,0.8999211486976035,1.0
prerank,Homologous Chromosome Segregation (GO:0045143),0.3713251605282148,0.8106756019743795,0.8062563067608476,0.9004812354713975,1.0
prerank,Sulfur Compound Catabolic Process (GO:0044273),0.3698272780838152,0.8101402748996099,0.8273092369477911,0.9007551771857462,1.0
prerank,Regulation Of Centrosome Duplication (GO:0010824),0.3520294993990215,0.8071685262428385,0.8778778778778779,0.9038185470975498,1.0
prerank,Lymphocyte Migration (GO:0072676),0.3465379236676802,0.8060871766332652,0.9069069069069069,0.9046932239108717,1.0
prerank,Cardiac Myofibril Assembly (GO:0055003),0.3707361254460958,0.805728611092399,0.8153380423814329,0.9047558156314393,1.0
prerank,Organic Cation Transport (GO:0015695),0.34834473657013315,0.8014344788123309,0.8828828828828829,0.9090982098811959,1.0
prerank,Chondroitin Sulfate Proteoglycan Biosynthetic Process (GO:0050650),0.35933798810309925,0.7968081948037735,0.8425275827482447,0.9136102813947484,1.0
prerank,Membrane Lipid Metabolic Process (GO:0006643),0.3647617402198936,0.7943887362498417,0.84375,0.9157826042524623,1.0
prerank,Linoleic Acid Metabolic Process (GO:0043651),0.36059300768312696,0.7919545643497851,0.8490945674044266,0.9179351564664194,1.0
prerank,Oligosaccharide Metabolic Process (GO:0009311),0.33217673963054317,0.7906036721436333,0.934,0.9189286297957683,1.0
prerank,Glycosaminoglycan Biosynthetic Process (GO:0006024),0.3278303226824699,0.7879908847198008,0.952,0.9208117459754577,1.0
prerank,Glycoprotein Catabolic Process (GO:0006516),0.36847578904566863,0.7881982701279672,0.8444444444444444,0.9209601934465481,1.0
prerank,Protein O-linked Glycosylation (GO:0006493),0.3192916835504914,0.7868888025049992,0.971,0.9215153875125754,1.0
prerank,Defense Response To Gram-negative Bacterium (GO:0050829),0.3203872545637456,0.7799074187385089,0.972,0.9277903223430507,1.0
prerank,Late Endosome To Vacuole Transport Via Multivesicular Body Sorting Pathway (GO:0032511),0.3478720788970585,0.7786492646875629,0.883,0.9285875530536158,1.0
prerank,Epoxygenase P450 Pathway (GO:0019373),0.3528514346433923,0.7775580581932025,0.864185110663984,0.9292167377472875,1.0
prerank,tRNA Aminoacylation For Protein Translation (GO:0006418),0.35457521459555114,0.7761118319140676,0.8603015075376884,0.9301675103730402,1.0
prerank,Regulation Of Natural Killer Cell Activation (GO:0032814),0.357638345589735,0.7750652190136514,0.8597376387487387,0.9307407328783045,1.0
prerank,Cilium-Dependent Cell Motility (GO:0060285),0.34917307712190826,0.770223520269243,0.8856569709127382,0.9341665201967992,1.0
prerank,Mitochondrion Disassembly (GO:0061726),0.33047177486286605,0.7702341154514584,0.937,0.9345183294115581,1.0
prerank,Organophosphate Ester Transport (GO:0015748),0.3415734450915102,0.768657117150084,0.909,0.9350836583281884,1.0
prerank,Autophagy Of Nucleus (GO:0044804),0.3525600732652723,0.7680989828861627,0.8585757271815446,0.9351652328139265,1.0
prerank,Innate Immune Response In Mucosa (GO:0002227),0.35603194217169803,0.764015305269783,0.8621730382293763,0.9380789758884758,1.0
prerank,Keratan Sulfate Biosynthetic Process (GO:0018146),0.35348666280124424,0.7603677332833017,0.8635907723169508,0.9406110874543997,1.0
prerank,Leukotriene Biosynthetic Process (GO:0019370),0.35072329956776,0.7591514078148037,0.8793969849246231,0.9411627041881604,1.0
prerank,Keratan Sulfate Metabolic Process (GO:0042339),0.3492514269460675,0.7582554403518678,0.8785140562248996,0.9415015818701692,1.0
prerank,Aminoglycan Biosynthetic Process (GO:0006023),0.3405541890254018,0.7558050681700238,0.8962739174219537,0.9429858913490651,1.0
prerank,Ceramide Catabolic Process (GO:0046514),0.35043163141272254,0.7550344816608474,0.8710659898477158,0.9432186913240667,1.0
prerank,O-glycan Processing (GO:0016266),0.3162664970239168,0.7502603063606924,0.959,0.9444950580120941,1.0
prerank,Glycolipid Metabolic Process (GO:0006664),0.32681723157142595,0.750599717209989,0.935,0.9446070377870038,1.0
prerank,Response To dsRNA (GO:0043331),0.3320354797675732,0.7526028116841562,0.917,0.9446416004261284,1.0
prerank,Lymphocyte Activation Involved In Immune Response (GO:0002285),0.33363944405251733,0.7510072539167918,0.916,0.9446839887509317,1.0
prerank,Mitotic Cytokinetic Process (GO:1902410),0.34201899413393727,0.7518980325140091,0.8663316582914573,0.9447674028343183,1.0
prerank,Axoneme Assembly (GO:0035082),0.3255776024702818,0.751307110055677,0.9269269269269269,0.9448407994474187,1.0
prerank,Late Endosome To Vacuole Transport (GO:0045324),0.3421376898294979,0.7478570062959329,0.8804020100502512,0.9458078595517669,1.0
prerank,Respiratory Chain Complex IV Assembly (GO:0008535),0.3345925586622879,0.7472130214003601,0.9029029029029029,0.9458852929361088,1.0
prerank,Autophagy Of Mitochondrion (GO:0000422),0.31498461774316483,0.7462891417412227,0.961,0.9461645708659907,1.0
prerank,Late Endosome To Lysosome Transport (GO:1902774),0.3446692715639027,0.7426444955354189,0.8751258811681772,0.9482486518479065,1.0
prerank,Chondroitin Sulfate Metabolic Process (GO:0030204),0.33864916418910684,0.7333719973160912,0.8957915831663327,0.9537852554911359,1.0
prerank,Carboxylic Acid Catabolic Process (GO:0046395),0.33230263048841846,0.7161270515876003,0.9110212335692619,0.9631893878010055,1.0
prerank,Glycosaminoglycan Metabolic Process (GO:0030203),0.3099440089650121,0.7087553889120533,0.955955955955956,0.9664456651260123,1.0
prerank,Base Conversion Or Substitution Editing (GO:0016553),0.3177959256027353,0.7017062769676663,0.9243951612903226,0.9693264646451516,1.0
prerank,Antibacterial Humoral Response (GO:0019731),0.2937622389855483,0.6933921911792542,0.978,0.9726022592571014,1.0
prerank,Calcium-Independent Cell-Cell Adhesion Via Plasma Membrane Cell-Adhesion Molecules (GO:0016338),0.3091090288380861,0.6916042608203272,0.9386934673366835,0.9729819651195274,1.0
prerank,Axonemal Dynein Complex Assembly (GO:0070286),0.2977831179813914,0.6683502466759746,0.96996996996997,0.9803344962221452,1.0
prerank,Epithelial Cell Development (GO:0002064),0.30290409901681115,0.6689170340901497,0.9558232931726908,0.9805115416286643,1.0
prerank,snRNA Processing (GO:0016180),0.30974724400960896,0.6696605966680613,0.9432048681541582,0.9806420070252062,1.0
prerank,Regulation Of Peptidyl-Serine Phosphorylation Of STAT Protein (GO:0033139),0.2947051880226519,0.645485065234072,0.9597989949748744,0.9866215066485615,1.0
prerank,peptidyl-L-cysteine S-palmitoylation (GO:0018230),0.28720240373772116,0.6380779964274939,0.970912738214644,0.9876585531021034,1.0
prerank,peptidyl-S-diacylglycerol-L-cysteine Biosynthetic Process From Peptidyl-Cysteine (GO:0018231),0.28720240373772116,0.6380779964274939,0.970912738214644,0.9876585531021034,1.0
prerank,Midbody Abscission (GO:0061952),0.2923827375088362,0.6307356022786227,0.9545913218970736,0.988932261013824,1.0
prerank,Regulation Of Systemic Arterial Blood Pressure By Hormone (GO:0001990),0.2836338058392717,0.6106390269658871,0.9756592292089249,0.9923015822410352,1.0
prerank,Sensory Perception Of Chemical Stimulus (GO:0007606),0.2417495584642852,0.5958361454184715,1.0,0.9941859678393413,1.0
prerank,Mitochondrial Cytochrome C Oxidase Assembly (GO:0033617),0.26397952924952134,0.5774764251757882,0.9838383838383838,0.9961366782475065,1.0
prerank,Positive Regulation Of Peptidyl-Serine Phosphorylation Of STAT Protein (GO:0033141),0.2632967148478743,0.5724095869489737,0.9879032258064516,0.9963068842966716,1.0
prerank,Negative Regulation Of Transposition (GO:0010529),0.24449514840124154,0.5586731120649351,0.9959919839679359,0.9972152324781602,1.0
prerank,Retrotransposon Silencing (GO:0010526),0.2372984719181937,0.5279037830445263,0.9929789368104313,0.9989077662039367,1.0
prerank,Sensory Perception Of Smell (GO:0007608),0.13500019084284126,0.34328113988820486,1.0,0.9999962250133635,1.0
prerank,Mucosal Immune Response (GO:0002385),0.2164587229630141,0.47984816108332523,0.998995983935743,1.0,1.0
prerank,Detection Of Chemical Stimulus Involved In Sensory Perception Of Smell (GO:0050911),0.17003204450901988,0.4258234531918057,1.0,1.0,1.0
prerank,Detection Of Chemical Stimulus Involved In Sensory Perception (GO:0050907),0.15976363683557065,0.40034772003050245,1.0,1.0,1.0
