response	cell_type	term	estimate	statistic	p.value
cg10543797	CD4.	(Intercept)	0.8089014524756234	176.40460274986933	0.0
cg10543797	CD4.	disease	-0.00577644743324123	-1.8024582071888777	0.0719371709455531
cg10543797	CD4.	sexF	-0.0069673981018770585	-4.163993402560533	3.5497383371367444e-05
cg10543797	CD4.	age	-2.4498193270489837e-05	-0.38073089236744495	0.7035275300440058
cg10543797	CD4.	smoking_current	-0.0016240673361564081	-0.8259959671102042	0.4091099163238543
cg10543797	CD4.	smoking_ex	-0.0033578517005327883	-1.7489961940709045	0.08076439819003163
cg10543797	CD4.	smoking_occasional	-0.00012643632881750627	-0.04573874392261038	0.9635325527596514
cg10543797	CD4.	CD4._proportion	0.010822206235699638	0.5726775016611089	0.5670614104838922
cg10543797	CD4.	disease:CD4._proportion	0.0367847302661682	1.297336739572433	0.1949763148414638
cg10543797	CD8.	(Intercept)	0.8137433853535257	179.66560819842095	0.0
cg10543797	CD8.	disease	-0.010235992052695006	-3.5097550438055305	0.0004795500612966493
cg10543797	CD8.	sexF	-0.006649982261571123	-3.9925405236214937	7.283780923968512e-05
cg10543797	CD8.	age	-2.3022545944493576e-05	-0.35820653349840825	0.720305235857843
cg10543797	CD8.	smoking_current	-0.001542259466001433	-0.7882727991307817	0.43082497817643606
cg10543797	CD8.	smoking_ex	-0.00360665115999054	-1.878005854050287	0.06082851274786521
cg10543797	CD8.	smoking_occasional	-0.0002243064735079173	-0.08130107248065863	0.9352275864235304
cg10543797	CD8.	CD8._proportion	-0.04038764361967979	-1.9176062193949228	0.05559957375368175
cg10543797	CD8.	disease:CD8._proportion	0.08930992471700946	2.859644756408748	0.004377411851453669
cg10543797	mono	(Intercept)	0.8128321870617198	154.63485669439783	0.0
cg10543797	mono	disease	0.0007067430895879266	0.14387201829314805	0.8856461930671511
cg10543797	mono	sexF	-0.007196275408818695	-4.256315196968315	2.3848596061774844e-05
cg10543797	mono	age	-2.1191714826830026e-05	-0.32814570476172056	0.7429073363502047
cg10543797	mono	smoking_current	-0.001321843107753064	-0.6738281399426367	0.5006604900019705
cg10543797	mono	smoking_ex	-0.0031964773713572905	-1.665743443969244	0.09624709192546178
cg10543797	mono	smoking_occasional	-2.222685660046176e-06	-0.0008043918424179896	0.9993584354207432
cg10543797	mono	mono_proportion	-0.040433759638222024	-0.8112279377341514	0.41753218491928523
cg10543797	mono	disease:mono_proportion	-0.04995375501998678	-0.7571897943118238	0.44921097103786944
cg10543797	Bcells	(Intercept)	0.8072763278624188	167.33739741698503	0.0
cg10543797	Bcells	disease	-0.009274628675587641	-2.2115960413042286	0.027342265931840047
cg10543797	Bcells	sexF	-0.006652933201702042	-4.0082310986391905	6.827416065241711e-05
cg10543797	Bcells	age	-2.111172143335569e-05	-0.32912093244761187	0.7421704632173249
cg10543797	Bcells	smoking_current	-0.00145637615296913	-0.7466740209934646	0.4555307527350333
cg10543797	Bcells	smoking_ex	-0.0033055110619044257	-1.7295720457756816	0.08418223094698209
cg10543797	Bcells	smoking_occasional	-0.00017701807208953533	-0.06421365558923746	0.9488198771505886
cg10543797	Bcells	Bcells_proportion	0.03418155003934451	0.8756227440250013	0.3815591062815782
cg10543797	Bcells	disease:Bcells_proportion	0.10805465467573766	1.7964459198509126	0.07288854803673704
cg10543797	NK	(Intercept)	0.8078687962417933	184.8856392324238	0.0
cg10543797	NK	disease	-0.0017945579668000224	-0.5433319273352601	0.5870878499344163
cg10543797	NK	sexF	-0.006382103405369981	-3.762232632335346	0.00018364010933323596
cg10543797	NK	age	-4.2977001051941403e-05	-0.6508170017593906	0.515394966738844
cg10543797	NK	smoking_current	-0.0007903674953774796	-0.3977634778422297	0.6909353382738915
cg10543797	NK	smoking_ex	-0.003088822441381338	-1.605400006268036	0.10889224748975504
cg10543797	NK	smoking_occasional	0.00017485245492601144	0.06316309419895785	0.9496560807539631
cg10543797	NK	NK_proportion	0.027498580220891036	1.167686529297756	0.2433620351765186
cg10543797	NK	disease:NK_proportion	-0.01105713730017377	-0.2900348209665421	0.7718822405114938
cg10543797	Nue	(Intercept)	0.8079857124483321	111.28036889776082	0.0
cg10543797	Nue	disease	0.012532960340170637	1.4161301356042335	0.15721715552621254
cg10543797	Nue	sexF	-0.006527722212333745	-3.9136104288861864	0.00010052748356484532
cg10543797	Nue	age	-2.5027252582658046e-05	-0.3870754453903973	0.6988272472589061
cg10543797	Nue	smoking_current	-0.0014133392059162528	-0.7192643697159994	0.4722369486854314
cg10543797	Nue	smoking_ex	-0.003438653280457026	-1.7868909272678684	0.07442173280012894
cg10543797	Nue	smoking_occasional	-0.00013780734621440826	-0.049808008985846225	0.960290708917519
cg10543797	Nue	Nue_proportion	0.0034577169322788145	0.32424166617926065	0.7458595511135808
cg10543797	Nue	disease:Nue_proportion	-0.024980113302683866	-1.6962131653131052	0.09032507032598658
cg10543797	Eos	(Intercept)	0.8102187807189051	199.91531073901987	0.0
cg10543797	Eos	disease	-0.003579104856303285	-2.229644714535972	0.026112398979479683
cg10543797	Eos	sexF	-0.006663834039326344	-3.9890662971724833	7.388668586499024e-05
cg10543797	Eos	age	-2.2232976997545833e-05	-0.34455064728001633	0.7305438326676261
cg10543797	Eos	smoking_current	-0.0010318351079087068	-0.5256168354504268	0.5993339924576263
cg10543797	Eos	smoking_ex	-0.0031057457833191067	-1.6123545476773145	0.10737095182443254
cg10543797	Eos	smoking_occasional	0.00038460001236364214	0.13891133332328962	0.8895633072800829
cg10543797	Eos	Eos_proportion	-0.058302894245009805	-1.1951103851341174	0.23248043554997064
cg10543797	Eos	disease:Eos_proportion	0.022734614348815914	0.3646013303054836	0.7155277894877723
cg22718169	CD4.	(Intercept)	0.8979303583471407	189.48393229648215	0.0
cg22718169	CD4.	disease	0.015878079216555846	4.794218010944978	2.0267243233983603e-06
cg22718169	CD4.	sexF	0.0024075766103454433	1.3923068472933422	0.16430636017710135
cg22718169	CD4.	age	-0.00037230244933775323	-5.598805624619136	3.1879015530920766e-08
cg22718169	CD4.	smoking_current	0.0026333082935185116	1.295958333514144	0.195450525924831
cg22718169	CD4.	smoking_ex	0.0016524231653910725	0.8328447725355991	0.40523865467146225
cg22718169	CD4.	smoking_occasional	-0.000278890073202026	-0.09762495562935618	0.9222602487202379
cg22718169	CD4.	CD4._proportion	0.021933222559398096	1.123083890749762	0.2618171457900087
cg22718169	CD4.	disease:CD4._proportion	-0.09848178665927579	-3.3609070132280574	0.000822433090638466
cg22718169	CD8.	(Intercept)	0.9259473682702188	225.88375250082498	0.0
cg22718169	CD8.	disease	-0.006136915576143179	-2.324974678381238	0.02038081937263354
cg22718169	CD8.	sexF	0.0033876343592493686	2.247225150219562	0.02496081092094158
cg22718169	CD8.	age	-0.0004102974678652604	-7.053427438431274	4.486521606348902e-12
cg22718169	CD8.	smoking_current	0.0011999978314879995	0.6776739148398251	0.49821997983210786
cg22718169	CD8.	smoking_ex	0.0001481593674426485	0.08523993888464199	0.9320969276546335
cg22718169	CD8.	smoking_occasional	-0.0005603877585006356	-0.22442142640832188	0.8225000344037164
cg22718169	CD8.	CD8._proportion	-0.2469776995757914	-12.956564667354352	2.6063070704954082e-34
cg22718169	CD8.	disease:CD8._proportion	0.09803336577340034	3.4682267810409035	0.0005585373880604606
cg22718169	mono	(Intercept)	0.8911975794581692	164.19151146853073	0.0
cg22718169	mono	disease	0.00787783580013346	1.5530730690071914	0.12089316476760381
cg22718169	mono	sexF	0.003179093466071493	1.8209562069037846	0.06907382558527539
cg22718169	mono	age	-0.0003881965519090139	-5.821333701668891	9.180424037414762e-09
cg22718169	mono	smoking_current	0.002430663292821816	1.1999529958383912	0.23059544237844054
cg22718169	mono	smoking_ex	0.0016454610346148353	0.8304132686003562	0.4066105339007018
cg22718169	mono	smoking_occasional	-0.00039912470793316483	-0.13988412250463897	0.8887949459513202
cg22718169	mono	mono_proportion	0.1400057326503495	2.720287409446185	0.006697207231282622
cg22718169	mono	disease:mono_proportion	-0.021004910337664218	-0.3083384203833484	0.7579237737624426
cg22718169	Bcells	(Intercept)	0.903602472759827	181.1007454828997	0.0
cg22718169	Bcells	disease	0.01627961620035382	3.753405358842143	0.0001900884247984402
cg22718169	Bcells	sexF	0.0020891932488090043	1.2169990490433515	0.2240469354169388
cg22718169	Bcells	age	-0.00037992459854836226	-5.726658771685608	1.5670048812138194e-08
cg22718169	Bcells	smoking_current	0.00238035479448811	1.1799706659249667	0.23844420378532
cg22718169	Bcells	smoking_ex	0.0017062783210284671	0.8632209068782788	0.38833490511179114
cg22718169	Bcells	smoking_occasional	-0.00012872151101944902	-0.045147421529443045	0.964003690584003
cg22718169	Bcells	Bcells_proportion	-0.03341745467188187	-0.8276956700520655	0.40814711347951327
cg22718169	Bcells	disease:Bcells_proportion	-0.16076582030211517	-2.584261298183305	0.009976060089670611
cg22718169	NK	(Intercept)	0.9084422860542296	204.10842749678423	0.0
cg22718169	NK	disease	0.004172606821386022	1.2402705979878768	0.21532353099486334
cg22718169	NK	sexF	0.0007448880775318386	0.4310960888422114	0.666541651861663
cg22718169	NK	age	-0.00029628386786296725	-4.404859276239889	1.238036632455165e-05
cg22718169	NK	smoking_current	0.00027137541660706213	0.13408110680666166	0.8933800066873552
cg22718169	NK	smoking_ex	0.0012131128716150992	0.6190030333818921	0.5361315718394098
cg22718169	NK	smoking_occasional	-0.0005102450797474761	-0.18095547940637266	0.8564590155238931
cg22718169	NK	NK_proportion	-0.1078536882484396	-4.496268626714539	8.191435437025714e-06
cg22718169	NK	disease:NK_proportion	0.006927073414367282	0.1783850603121127	0.8584762489043886
cg22718169	Nue	(Intercept)	0.8596394026771688	120.46809876274911	0.0
cg22718169	Nue	disease	0.00867343017261183	0.9971976652699294	0.3190402209977346
cg22718169	Nue	sexF	0.0018344751421438136	1.1190993059118517	0.26351179185422824
cg22718169	Nue	age	-0.0003279798542738424	-5.16143522321846	3.261851280344647e-07
cg22718169	Nue	smoking_current	0.0015385498340050102	0.7966995568492574	0.42591688513152504
cg22718169	Nue	smoking_ex	0.0014584403911042914	0.7711506097159192	0.4408983237450048
cg22718169	Nue	smoking_occasional	0.0002377390885643372	0.08743156913533871	0.9303554460256429
cg22718169	Nue	Nue_proportion	0.07233377890870617	6.901784698630996	1.224039722248812e-11
cg22718169	Nue	disease:Nue_proportion	-0.013510332566111179	-0.9334540247863763	0.35093274395637464
cg22718169	Eos	(Intercept)	0.9009165256913211	213.4383199641491	0.0
cg22718169	Eos	disease	0.007196627907547685	4.304615666405334	1.9310798636479275e-05
cg22718169	Eos	sexF	0.002083016129632879	1.1972471295800264	0.23164735800597927
cg22718169	Eos	age	-0.00037442641787840714	-5.571421611335038	3.7050521795881774e-08
cg22718169	Eos	smoking_current	0.0019576134840386247	0.9574806465138335	0.3386812426065572
cg22718169	Eos	smoking_ex	0.0015071098988263948	0.7512485640815038	0.4527753943004186
cg22718169	Eos	smoking_occasional	-0.0007578474033271994	-0.262817477608384	0.792774672170401
cg22718169	Eos	Eos_proportion	0.02228049112193535	0.43851732432752943	0.6611572467817607
cg22718169	Eos	disease:Eos_proportion	-0.01859021570121283	-0.286259017377556	0.77477109627697
cg26398836	CD4.	(Intercept)	0.0776659390954662	24.548985351450863	1.240347027214335e-94
cg26398836	CD4.	disease	0.003598141560674944	1.6273136802322676	0.10415585725591237
cg26398836	CD4.	sexF	-0.00271266873102908	-2.3497671050818085	0.01908380449737916
cg26398836	CD4.	age	-3.628010523448235e-05	-0.8172242587081135	0.4141001763689154
cg26398836	CD4.	smoking_current	-0.0017540059332786912	-1.2929853519126933	0.1964762008084326
cg26398836	CD4.	smoking_ex	-0.000916635963068989	-0.6920108385708859	0.48917801821916496
cg26398836	CD4.	smoking_occasional	-0.0018573946980514737	-0.973879467616848	0.33047922708900823
cg26398836	CD4.	CD4._proportion	0.02595987693940012	1.9910657268586416	0.046892492523000755
cg26398836	CD4.	disease:CD4._proportion	-0.02503948093651354	-1.2799680074840905	0.20101371585087516
cg26398836	CD8.	(Intercept)	0.08259816802273996	26.562674003587468	8.707902607558703e-106
cg26398836	CD8.	disease	0.002498229839348946	1.2476798316043212	0.2125983230247307
cg26398836	CD8.	sexF	-0.0023503526496592556	-2.0553499271578053	0.040244833029428106
cg26398836	CD8.	age	-4.5663180007099544e-05	-1.0348328437365129	0.3011324163892647
cg26398836	CD8.	smoking_current	-0.0015962833970680635	-1.1883735840485088	0.23512093436444118
cg26398836	CD8.	smoking_ex	-0.0007823032912707581	-0.5933239194992134	0.5531711022820915
cg26398836	CD8.	smoking_occasional	-0.001480326042913253	-0.7815121664316065	0.4347863199393941
cg26398836	CD8.	CD8._proportion	-0.01852012005329286	-1.2807920066650496	0.20072423804544262
cg26398836	CD8.	disease:CD8._proportion	-0.03559223626444165	-1.6599367295200893	0.09741024360662048
cg26398836	mono	(Intercept)	0.0835672048663693	23.1683241425461	5.334096712780376e-87
cg26398836	mono	disease	0.0048152526054309	1.4285191979213598	0.15362354519945495
cg26398836	mono	sexF	-0.003129714114981365	-2.697633308521287	0.007164888644608604
cg26398836	mono	age	-3.400074636181247e-05	-0.7672578037750017	0.4432072786253567
cg26398836	mono	smoking_current	-0.00183721777519296	-1.364841163750749	0.17277595419551722
cg26398836	mono	smoking_ex	-0.0008386152522700499	-0.6368710036496711	0.5244334434125439
cg26398836	mono	smoking_occasional	-0.0019997579032835252	-1.0546765086658525	0.2919657668661921
cg26398836	mono	mono_proportion	-0.037787363441441034	-1.1048354621964405	0.2696403171894135
cg26398836	mono	disease:mono_proportion	-0.05526117545769073	-1.2207000759400495	0.2226429112073739
cg26398836	Bcells	(Intercept)	0.08068483152212601	24.168708230517904	1.5797757679381043e-92
cg26398836	Bcells	disease	0.00499286994632089	1.7204825673561406	0.08582141965767383
cg26398836	Bcells	sexF	-0.00258360810433781	-2.2493496954766425	0.02482467531286501
cg26398836	Bcells	age	-4.110446104791481e-05	-0.9260012353245934	0.3547895401965059
cg26398836	Bcells	smoking_current	-0.0015427370301802081	-1.1429839604024035	0.25346670422044715
cg26398836	Bcells	smoking_ex	-0.000717338405694543	-0.542393998615638	0.5877333037916018
cg26398836	Bcells	smoking_occasional	-0.0015097563751477947	-0.7914207083556433	0.428987668701997
cg26398836	Bcells	Bcells_proportion	0.0009841553654334103	0.036431721653588295	0.9709493233443489
cg26398836	Bcells	disease:Bcells_proportion	-0.07299647686264142	-1.7537323672524316	0.0799483879495914
cg26398836	NK	(Intercept)	0.08050693048780026	26.706932502336162	1.3853481655961945e-106
cg26398836	NK	disease	2.099073792818538e-05	0.00921221014070937	0.9926526546804326
cg26398836	NK	sexF	-0.002458381621929744	-2.1006780871505137	0.03605442583071923
cg26398836	NK	age	-4.2221740353918506e-05	-0.9268027389029978	0.35437348194684015
cg26398836	NK	smoking_current	-0.0015715049119962936	-1.1464100138510414	0.25204803535137793
cg26398836	NK	smoking_ex	-0.0008058309043725638	-0.6071033515929467	0.5439946585331069
cg26398836	NK	smoking_occasional	-0.0017791345730785847	-0.9315986637741134	0.3518903886558168
cg26398836	NK	NK_proportion	0.003063043866047335	0.18853744191278823	0.8505143056828786
cg26398836	NK	disease:NK_proportion	0.009103011826840934	0.3461154143496608	0.7293681529254337
cg26398836	Nue	(Intercept)	0.08032234227266193	16.094380217679245	2.73151779965135e-49
cg26398836	Nue	disease	-0.011990034565740975	-1.9710287164031108	0.04914506717580311
cg26398836	Nue	sexF	-0.0026809518132578144	-2.3384492722925203	0.01966664315877566
cg26398836	Nue	age	-3.629112997896506e-05	-0.8165935654789774	0.4144603659451731
cg26398836	Nue	smoking_current	-0.001501966168088948	-1.1120525444245566	0.26652732080844005
cg26398836	Nue	smoking_ex	-0.0005914835770667922	-0.44717278397345456	0.6548995067621872
cg26398836	Nue	smoking_occasional	-0.0014366133978817293	-0.7554221968103549	0.4502697652889859
cg26398836	Nue	Nue_proportion	0.00035273269160343535	0.04812249269964753	0.9616334251434527
cg26398836	Nue	disease:Nue_proportion	0.019560409764687807	1.932355338931658	0.05375051209027619
cg26398836	Eos	(Intercept)	0.08113769181365793	29.113291867129497	7.442527209840007e-120
cg26398836	Eos	disease	0.0001417019906079868	0.1283695768209488	0.8978962740167457
cg26398836	Eos	sexF	-0.0025986863675116125	-2.2621732614453425	0.024016581393374953
cg26398836	Eos	age	-3.463520323747193e-05	-0.7805452889175886	0.43535457241567677
cg26398836	Eos	smoking_current	-0.0015465958079930496	-1.1456730846382384	0.25235271546766885
cg26398836	Eos	smoking_ex	-0.0007469845365168652	-0.5639377523952285	0.5729913108712625
cg26398836	Eos	smoking_occasional	-0.001599998929091766	-0.840374745877231	0.40100779193814307
cg26398836	Eos	Eos_proportion	-0.06031528580011867	-1.7979193684577004	0.07265444183040308
cg26398836	Eos	disease:Eos_proportion	0.0227033730827256	0.5294756086024893	0.596656621724984
cg14656329	CD4.	(Intercept)	0.7266295069597416	59.668903305814354	1.1132069424202645e-265
cg14656329	CD4.	disease	-0.009426422034458192	-1.1075720477214754	0.26845699564664266
cg14656329	CD4.	sexF	-3.9876179103877016e-05	-0.008973743949819847	0.9928428420183275
cg14656329	CD4.	age	0.0001496051281167328	0.875490160136342	0.381631157368139
cg14656329	CD4.	smoking_current	0.0026839981067768026	0.5140162264620189	0.6074156122287662
cg14656329	CD4.	smoking_ex	0.006325459850684125	1.240624018962122	0.2151929680907801
cg14656329	CD4.	smoking_occasional	0.0061299378674116965	0.8350051573075038	0.40402207304941407
cg14656329	CD4.	CD4._proportion	-0.022345584963997855	-0.4452529162233945	0.6562854605568853
cg14656329	CD4.	disease:CD4._proportion	0.051766327598987555	0.6874691695674138	0.49203272084033833
cg14656329	CD8.	(Intercept)	0.7080548067295076	59.09384092638125	2.2516775266171447e-263
cg14656329	CD8.	disease	0.007770845343747713	1.0071936876841001	0.3142170690951318
cg14656329	CD8.	sexF	-0.0006470900242501448	-0.1468559048303402	0.8832913636608356
cg14656329	CD8.	age	0.00016796072557650674	0.9878380703669277	0.3236000933142634
cg14656329	CD8.	smoking_current	0.003591330500735183	0.6938607686813677	0.4880177975802519
cg14656329	CD8.	smoking_ex	0.007357359640696122	1.4481470080830228	0.14805885745290587
cg14656329	CD8.	smoking_occasional	0.006515821892107877	0.8927328880845038	0.3723311239824023
cg14656329	CD8.	CD8._proportion	0.15714532853288643	2.820397053255127	0.004942926113653661
cg14656329	CD8.	disease:CD8._proportion	-0.11835058808710636	-1.4324538711907941	0.15249543743316113
cg14656329	mono	(Intercept)	0.7074413132447218	50.8105143342084	2.241095263342469e-228
cg14656329	mono	disease	0.009506204080627995	0.7305981503965501	0.4652882974856518
cg14656329	mono	sexF	0.00117804977190996	0.2630548508615663	0.792591790722884
cg14656329	mono	age	0.0001252904710222742	0.7324455322951653	0.4641611062946329
cg14656329	mono	smoking_current	0.003572631852027078	0.6875656444236895	0.49197198780675777
cg14656329	mono	smoking_ex	0.00661363503659901	1.3011679974861345	0.19366269621891863
cg14656329	mono	smoking_occasional	0.0063957855438210205	0.8738566037508011	0.3825195800522009
cg14656329	mono	mono_proportion	0.23932989157779172	1.81281041359715	0.07032295348121685
cg14656329	mono	disease:mono_proportion	-0.20318738137790682	-1.1627598168999507	0.24535433046919444
cg14656329	Bcells	(Intercept)	0.7223601819882669	56.14589686508754	2.6260251912483144e-251
cg14656329	Bcells	disease	-0.0049400308821186435	-0.441705054643689	0.6588497839575199
cg14656329	Bcells	sexF	4.218137798674658e-06	0.0009529141718038898	0.9992399774328533
cg14656329	Bcells	age	0.00015126945774259837	0.8842529968879987	0.37688711297641464
cg14656329	Bcells	smoking_current	0.002825889257577904	0.5432579030256987	0.5871387792398579
cg14656329	Bcells	smoking_ex	0.006310525434764828	1.2381093300897539	0.2161232042702615
cg14656329	Bcells	smoking_occasional	0.006195849322633581	0.8427602974432279	0.39967298919010796
cg14656329	Bcells	Bcells_proportion	0.020254086964144977	0.19455006645870623	0.84580608018558
cg14656329	Bcells	disease:Bcells_proportion	0.01366235345963318	0.08517058242983731	0.9321520440438258
cg14656329	NK	(Intercept)	0.7168251133229898	62.048719972439635	4.62660402196918e-275
cg14656329	NK	disease	0.003030218806923781	0.34700760536198366	0.7286980949406381
cg14656329	NK	sexF	0.0006328372134920216	0.14110132386890903	0.8878336822649793
cg14656329	NK	age	9.627253979809666e-05	0.5514199587557337	0.5815356153299893
cg14656329	NK	smoking_current	0.003982067103798961	0.757986859482395	0.4487339909834659
cg14656329	NK	smoking_ex	0.006614398550681664	1.3002831826854635	0.19396549160005672
cg14656329	NK	smoking_occasional	0.006098961277086101	0.8333065740876829	0.40497841522185807
cg14656329	NK	NK_proportion	0.09846704896775746	1.5814817718059833	0.11425511518772706
cg14656329	NK	disease:NK_proportion	-0.07628814752474315	-0.7568708474139952	0.4494019160944036
cg14656329	Nue	(Intercept)	0.7602356068703965	39.598600347463645	2.753562893622264e-175
cg14656329	Nue	disease	-0.030289861207441524	-1.2943851931991446	0.19599276611299585
cg14656329	Nue	sexF	3.595753339143311e-05	0.008153096335911724	0.9934973478467265
cg14656329	Nue	age	0.00011347622305439499	0.6637492927915848	0.5070864971617901
cg14656329	Nue	smoking_current	0.003654426251027019	0.703360696062827	0.4820832366733866
cg14656329	Nue	smoking_ex	0.006790702369791544	1.3345692234957174	0.18248539338884961
cg14656329	Nue	smoking_occasional	0.006045008734979335	0.8263052241179462	0.4089346358367537
cg14656329	Nue	Nue_proportion	-0.06410504348304903	-2.2734653445372004	0.023324025483699565
cg14656329	Nue	disease:Nue_proportion	0.050088859622125816	1.2863048985892713	0.19879535439357618
cg14656329	Eos	(Intercept)	0.7239025444033645	67.42066701553505	2.5277597455125278e-295
cg14656329	Eos	disease	-0.004187406826952489	-0.9846357303521115	0.3251699571575961
cg14656329	Eos	sexF	-4.9375923294396606e-05	-0.011156590754146139	0.9911019416938498
cg14656329	Eos	age	0.00015314202829293534	0.8958164589086492	0.37068293274185826
cg14656329	Eos	smoking_current	0.0030938175149246194	0.5948710740953874	0.5521369923572442
cg14656329	Eos	smoking_ex	0.0065376220983691165	1.2811018159622773	0.20061547836125126
cg14656329	Eos	smoking_occasional	0.006444296786815055	0.878563406948235	0.37996319049573546
cg14656329	Eos	Eos_proportion	-0.028252157222260165	-0.21859423878360146	0.8270348610043992
cg14656329	Eos	disease:Eos_proportion	-0.04541857490765519	-0.2749371027680481	0.7834520622038047
cg25320798	CD4.	(Intercept)	0.8463107644221984	129.77294788736523	0.0
cg25320798	CD4.	disease	-0.0018027400163883028	-0.39552822948140903	0.6925830705797993
cg25320798	CD4.	sexF	-1.8701944150382316e-05	-0.007858979764405246	0.993731921008248
cg25320798	CD4.	age	6.24151391646163e-05	0.6820465419129248	0.4954528563534143
cg25320798	CD4.	smoking_current	-2.7367362512606234e-05	-0.009786938247441488	0.9921942853275995
cg25320798	CD4.	smoking_ex	0.00010132923768399731	0.037110955485556645	0.9704079485829227
cg25320798	CD4.	smoking_occasional	-0.0029938708847865756	-0.761527219965409	0.44661885277620716
cg25320798	CD4.	CD4._proportion	-0.0456433560305936	-1.6982901592936008	0.08993233268252365
cg25320798	CD4.	disease:CD4._proportion	-0.006546093290613869	-0.16233319618432784	0.8710940025075851
cg25320798	CD8.	(Intercept)	0.8424598973437806	129.9689934974112	0.0
cg25320798	CD8.	disease	-0.00027750158243644574	-0.06648525964455211	0.9470119682380742
cg25320798	CD8.	sexF	-0.0004493581364071863	-0.18851004369404512	0.8505357724054001
cg25320798	CD8.	age	6.248958400574188e-05	0.6793613358644655	0.4971511561520109
cg25320798	CD8.	smoking_current	-0.0005977718566466282	-0.21348511458338462	0.8310156447191623
cg25320798	CD8.	smoking_ex	-0.00025866351994057813	-0.09411113788690822	0.9250499197043972
cg25320798	CD8.	smoking_occasional	-0.003389382632582888	-0.8583968300724404	0.3909902841705526
cg25320798	CD8.	CD8._proportion	-0.010149399727560623	-0.33671643122108486	0.7364395262839489
cg25320798	CD8.	disease:CD8._proportion	-0.00965300488818742	-0.21596726417630416	0.8290811236613571
cg25320798	mono	(Intercept)	0.831383139274974	111.19905437186117	0.0
cg25320798	mono	disease	0.01331425855814752	1.9055709782304178	0.057147490669726866
cg25320798	mono	sexF	-0.00011393211191212428	-0.04737677905816102	0.9622275106835123
cg25320798	mono	age	4.9392821338162796e-05	0.5377220365488516	0.5909532952225085
cg25320798	mono	smoking_current	-0.00022750035242025905	-0.08153511433858562	0.9350415385782015
cg25320798	mono	smoking_ex	-5.179951388654524e-05	-0.018978222782587248	0.9848643108932968
cg25320798	mono	smoking_occasional	-0.0035653136015063747	-0.9071533819637365	0.3646623844448199
cg25320798	mono	mono_proportion	0.15061987301342283	2.1245865553116334	0.033998467688076094
cg25320798	mono	disease:mono_proportion	-0.19943638662393504	-2.125369221728103	0.03393289784029448
cg25320798	Bcells	(Intercept)	0.8453193807240303	122.3655286883759	0.0
cg25320798	Bcells	disease	-0.00867095970460532	-1.4439225973231475	0.14924329498399438
cg25320798	Bcells	sexF	-0.0005017221373687505	-0.211091295997106	0.8328822958003007
cg25320798	Bcells	age	7.145497370935803e-05	0.7779143698689047	0.4369029866823171
cg25320798	Bcells	smoking_current	-0.0007182386942297695	-0.25715427754615805	0.7971411848048331
cg25320798	Bcells	smoking_ex	-0.000396513585341411	-0.14488572103724576	0.8848460825488349
cg25320798	Bcells	smoking_occasional	-0.0038922010815133166	-0.9859900425798773	0.32450543578866486
cg25320798	Bcells	Bcells_proportion	-0.05751522018190667	-1.0289056208464862	0.3039073279395432
cg25320798	Bcells	disease:Bcells_proportion	0.12214806478499662	1.4181583649755014	0.15662450862867397
cg25320798	NK	(Intercept)	0.8414881602977861	135.28099859783916	0.0
cg25320798	NK	disease	0.0018631153970819962	0.39625425147212295	0.6920477169511744
cg25320798	NK	sexF	-0.0009088117264894422	-0.37634155667791946	0.7067859856225573
cg25320798	NK	age	7.628542262072788e-05	0.8115042238676459	0.4173736835974551
cg25320798	NK	smoking_current	-0.0009221666984939973	-0.3260105940886903	0.744521430159427
cg25320798	NK	smoking_ex	-0.0002393064917705313	-0.08737179171516256	0.930402941102016
cg25320798	NK	smoking_occasional	-0.0034603498893988546	-0.8780881619267403	0.38022082989630546
cg25320798	NK	NK_proportion	-0.003087907770251974	-0.09210999620530749	0.9266390703578671
cg25320798	NK	disease:NK_proportion	-0.03759484567204746	-0.6927271205696927	0.48872861107148013
cg25320798	Nue	(Intercept)	0.831069189909595	80.41553410937112	0.0
cg25320798	Nue	disease	-0.005933892873907012	-0.4710609399431901	0.6377555104963175
cg25320798	Nue	sexF	-0.0006525422538136462	-0.27486058080505393	0.7835108280320355
cg25320798	Nue	age	7.7478603674329e-05	0.8418837445148396	0.40016314081465054
cg25320798	Nue	smoking_current	-0.000639496602275213	-0.22864845722018629	0.8192141856766236
cg25320798	Nue	smoking_ex	-0.00015503155995811972	-0.05660016092421117	0.9548811269274279
cg25320798	Nue	smoking_occasional	-0.0030992617090706727	-0.7869967812589234	0.4315710404285058
cg25320798	Nue	Nue_proportion	0.017936279330480157	1.181679327212902	0.23776576795499627
cg25320798	Nue	disease:Nue_proportion	0.0055333654696899486	0.2639752894256771	0.7918827578224628
cg25320798	Eos	(Intercept)	0.84192083317228	145.99970982532702	0.0
cg25320798	Eos	disease	-0.0010686130421288945	-0.4678629982552017	0.6400396335289678
cg25320798	Eos	sexF	-0.0005842483667135015	-0.24579982795971075	0.8059149019994734
cg25320798	Eos	age	6.960149397738032e-05	0.7580729481918496	0.4486824909910345
cg25320798	Eos	smoking_current	-0.0004169259979193993	-0.149263949742647	0.881391730476014
cg25320798	Eos	smoking_ex	-0.00012064428754747069	-0.044018819522525725	0.9649029423200306
cg25320798	Eos	smoking_occasional	-0.0032575528846032435	-0.8269073399463663	0.4085934975667763
cg25320798	Eos	Eos_proportion	-0.06961390032957444	-1.0028843610919713	0.3162904247979385
cg25320798	Eos	disease:Eos_proportion	0.010377164992419304	0.11696242530848945	0.9069260142231659
cg21470600	CD4.	(Intercept)	0.42283496946472676	31.2341719706435	1.9698256561964722e-131
cg21470600	CD4.	disease	-0.03197604313794024	-3.379666927264135	0.0007692104229139404
cg21470600	CD4.	sexF	0.006388991294810686	1.2933513053928092	0.19634973446600057
cg21470600	CD4.	age	-0.00015177532097948856	-0.7989691723597124	0.4246005785356013
cg21470600	CD4.	smoking_current	-0.0034053607535710962	-0.5866537136185074	0.5576402964366292
cg21470600	CD4.	smoking_ex	0.0032891723148171176	0.5803082989512548	0.561908154843023
cg21470600	CD4.	smoking_occasional	-0.0008385364073204347	-0.10274934984022775	0.9181936447610755
cg21470600	CD4.	CD4._proportion	0.4152179040602446	7.442437395677178	3.1506477576961714e-13
cg21470600	CD4.	disease:CD4._proportion	0.13328392729070443	1.5922370480540575	0.11181836359791608
cg21470600	CD8.	(Intercept)	0.42460149802819536	31.88856892686364	5.654072821027004e-135
cg21470600	CD8.	disease	-0.04257204227484412	-4.9653215541708	8.778050228760997e-07
cg21470600	CD8.	sexF	0.008150228112411208	1.6644648846870516	0.09650224101676595
cg21470600	CD8.	age	-7.092717748206426e-05	-0.3753780373421858	0.7075019851664774
cg21470600	CD8.	smoking_current	0.0024733995228810707	0.4300207337766319	0.6673233039508553
cg21470600	CD8.	smoking_ex	0.007664969397653707	1.3576232136419293	0.17505513097934994
cg21470600	CD8.	smoking_occasional	0.0011512939961674132	0.1419439001570937	0.8871683689913592
cg21470600	CD8.	CD8._proportion	0.41333255451101725	6.675542318958784	5.290936603689199e-11
cg21470600	CD8.	disease:CD8._proportion	0.25408601820502064	2.7673822871014293	0.005811912987780275
cg21470600	mono	(Intercept)	0.49085051060090645	28.977295415085738	4.1543108458417506e-119
cg21470600	mono	disease	-0.06544360588353866	-4.134129567490337	4.030658846178644e-05
cg21470600	mono	sexF	0.010319339637519976	1.8940001544627438	0.05866938900810932
cg21470600	mono	age	-0.00014242374214177832	-0.6843607808718148	0.49399167537312794
cg21470600	mono	smoking_current	0.0016423250811475536	0.25979480112036957	0.7951044537540672
cg21470600	mono	smoking_ex	0.0062189206956199256	1.0056655999334236	0.3149512537550955
cg21470600	mono	smoking_occasional	0.0041666409457890696	0.46792665511358633	0.6399941332913371
cg21470600	mono	mono_proportion	-0.35915575852464887	-2.236061301969279	0.025686860456096455
cg21470600	mono	disease:mono_proportion	0.41886541144468653	1.9702131302505934	0.04923865125781424
cg21470600	Bcells	(Intercept)	0.43632976402740803	28.74636414031241	7.7200532757149495e-118
cg21470600	Bcells	disease	-0.053683295881465004	-4.068606937749363	5.3119042441362596e-05
cg21470600	Bcells	sexF	0.01137959878345027	2.1790331205578664	0.02968815767505226
cg21470600	Bcells	age	-0.0001695040200342517	-0.8398643587078084	0.4012937201832446
cg21470600	Bcells	smoking_current	0.000855989775267837	0.13948366499902418	0.8891112362347056
cg21470600	Bcells	smoking_ex	0.0061639543538109815	1.0250776094226948	0.3057084848470258
cg21470600	Bcells	smoking_occasional	0.002600077079666234	0.29977354357502634	0.7644458806336585
cg21470600	Bcells	Bcells_proportion	0.429300701561203	3.4952976899717236	0.0005057804977028658
cg21470600	Bcells	disease:Bcells_proportion	0.368934197178612	1.9494714152026278	0.05166949970718848
cg21470600	NK	(Intercept)	0.4440921191201483	32.35546082857671	1.7179901988676584e-137
cg21470600	NK	disease	-0.0336530488380048	-3.243727245235471	0.0012402777622555366
cg21470600	NK	sexF	0.016542412106823914	3.1045082877706647	0.0019889026517024393
cg21470600	NK	age	-0.00044197520696327366	-2.1307518239725565	0.03348488549528708
cg21470600	NK	smoking_current	0.008563965072211749	1.372090946331187	0.1705091866786836
cg21470600	NK	smoking_ex	0.007527992821937564	1.24560886647741	0.21335752322745197
cg21470600	NK	smoking_occasional	0.003423363193810553	0.3936922068062025	0.6939376022144454
cg21470600	NK	NK_proportion	0.3374543372164295	4.561873008441411	6.062830059883555e-06
cg21470600	NK	disease:NK_proportion	0.0670209015190015	0.5596672353495972	0.5758995333615513
cg21470600	Nue	(Intercept)	0.6672289265917817	35.002689027124354	1.3586918524788086e-151
cg21470600	Nue	disease	0.0027743921136341217	0.11940678596756715	0.9049900368387895
cg21470600	Nue	sexF	0.013177345218324657	3.0092309483808517	0.002720618847798927
cg21470600	Nue	age	-0.00040502221001181257	-2.386013807995749	0.017317820628238962
cg21470600	Nue	smoking_current	0.004049402396156194	0.7849549712630912	0.43276640618293705
cg21470600	Nue	smoking_ex	0.006034523742756122	1.194439959369712	0.23274226093624495
cg21470600	Nue	smoking_occasional	-0.0017207818576168306	-0.2368995843989803	0.8128094472971333
cg21470600	Nue	Nue_proportion	-0.3487692096222774	-12.457451097059906	4.3152379104924544e-32
cg21470600	Nue	disease:Nue_proportion	-0.008618445800469469	-0.22290850987383098	0.8236768498691094
cg21470600	Eos	(Intercept)	0.4616597707990912	35.952237556823015	1.4186802617561333e-156
cg21470600	Eos	disease	-0.031079431685635647	-6.110749131447418	1.7102404374906866e-09
cg21470600	Eos	sexF	0.011753780983570442	2.22067405311425	0.026717551113150634
cg21470600	Eos	age	-0.00021572584246516135	-1.0551586602127676	0.2917454038521553
cg21470600	Eos	smoking_current	0.001267308585005285	0.20375181501774806	0.8386113195148996
cg21470600	Eos	smoking_ex	0.006203830453629803	1.016517139237482	0.3097619849201723
cg21470600	Eos	smoking_occasional	0.002427461748762358	0.2767202387689524	0.782083035817596
cg21470600	Eos	Eos_proportion	0.649637424260539	4.202900265125021	3.0046761386960322e-05
cg21470600	Eos	disease:Eos_proportion	-0.3143648169645504	-1.5911998702489685	0.11205154494289027
cg06719487	CD4.	(Intercept)	0.07704922902011926	26.31556752252278	2.0318216391372775e-104
cg06719487	CD4.	disease	0.005298438331708166	2.58930021809991	0.009832742879822103
cg06719487	CD4.	sexF	-0.0013430681255115623	-1.2570935408531823	0.20917197283186534
cg06719487	CD4.	age	-0.0001812331036666855	-4.411149063422456	1.203628302369717e-05
cg06719487	CD4.	smoking_current	0.001251090538394171	0.9965355142842985	0.3193614198954104
cg06719487	CD4.	smoking_ex	0.0010503638650227166	0.8568351438654048	0.3918522659599648
cg06719487	CD4.	smoking_occasional	-0.0007473461027608017	-0.42341308627089036	0.6721341765820272
cg06719487	CD4.	CD4._proportion	0.036406292253293206	3.0171778627699446	0.0026512666301175855
cg06719487	CD4.	disease:CD4._proportion	-0.03486272097972883	-1.9256465113929182	0.05458510201958258
cg06719487	CD8.	(Intercept)	0.08023650036299675	27.545727026062767	3.1948532258986858e-111
cg06719487	CD8.	disease	0.0034734822985691507	1.8518966138947672	0.06449462592530536
cg06719487	CD8.	sexF	-0.0011265889330954592	-1.0517175171983486	0.2933206017282812
cg06719487	CD8.	age	-0.00018507418809631302	-4.477450448164796	8.923715287509413e-06
cg06719487	CD8.	smoking_current	0.0014771198522099517	1.1739230010504795	0.24085646934096594
cg06719487	CD8.	smoking_ex	0.0013393281145241082	1.0843876658162663	0.2785956116956346
cg06719487	CD8.	smoking_occasional	-0.00045463392908108433	-0.25622475801455685	0.7978584871151673
cg06719487	CD8.	CD8._proportion	0.01066031071965019	0.7870196185028312	0.43155768135356365
cg06719487	CD8.	disease:CD8._proportion	-0.031161347472044718	-1.5514342405929955	0.1212851376915473
cg06719487	mono	(Intercept)	0.08341147138193127	24.708610354048947	1.6202009577014454e-95
cg06719487	mono	disease	-0.00042974568784007877	-0.1362204554633571	0.8916892471499874
cg06719487	mono	sexF	-0.0013183330747519035	-1.214135587347969	0.22513756552140837
cg06719487	mono	age	-0.00018024538174735	-4.345910758150755	1.6096408610842336e-05
cg06719487	mono	smoking_current	0.0012617225049708562	1.0014957656346561	0.31696043572983895
cg06719487	mono	smoking_ex	0.0011636189075439922	0.9441984494050807	0.34541961179669456
cg06719487	mono	smoking_occasional	-0.0006491332896995462	-0.3657964841001455	0.7146361405099593
cg06719487	mono	mono_proportion	-0.031092810706481577	-0.971347869010372	0.33173694868590375
cg06719487	mono	disease:mono_proportion	0.022597333570145782	0.5333469841163656	0.5939760044974365
cg06719487	Bcells	(Intercept)	0.07936530853591045	25.564888011777025	2.9235179563000045e-100
cg06719487	Bcells	disease	1.8383636720895047e-05	0.006812132637749301	0.9945668399434044
cg06719487	Bcells	sexF	-0.0011639590220420856	-1.0897319254566766	0.2762356984321
cg06719487	Bcells	age	-0.00018286166502800533	-4.429930584611948	1.1062436519783174e-05
cg06719487	Bcells	smoking_current	0.001242823128012621	0.9901687182876734	0.3224606713801994
cg06719487	Bcells	smoking_ex	0.0011686190439886943	0.950200807269966	0.34236393487393824
cg06719487	Bcells	smoking_occasional	-0.0007150985268827026	-0.40310488802736605	0.6870038236398408
cg06719487	Bcells	Bcells_proportion	0.026974590801566826	1.0737978727058524	0.28331235994551957
cg06719487	Bcells	disease:Bcells_proportion	0.02282836866691	0.5897771449538993	0.5555453326441621
cg06719487	NK	(Intercept)	0.0825261378174774	29.495056805235066	5.997167264355941e-122
cg06719487	NK	disease	0.00016142589497831233	0.07632666878655647	0.9391827316985073
cg06719487	NK	sexF	-0.0013171118580885917	-1.2125505142108195	0.225742917060616
cg06719487	NK	age	-0.0001721945723469995	-4.072279816529293	5.2308714809882185e-05
cg06719487	NK	smoking_current	0.001110902619155685	0.8731064461231712	0.3829279846749055
cg06719487	NK	smoking_ex	0.0011497925551456976	0.9332654311792384	0.3510300108904473
cg06719487	NK	smoking_occasional	-0.0005904073496039329	-0.33307250905258984	0.739187118202269
cg06719487	NK	NK_proportion	-0.01802694241293421	-1.1954555731116971	0.23234570895292553
cg06719487	NK	disease:NK_proportion	0.007857217356441036	0.3218633871375084	0.7476598319875929
cg06719487	Nue	(Intercept)	0.08940686176569089	19.237345956997558	1.3331811924773247e-65
cg06719487	Nue	disease	-0.01024085239343487	-1.8077777404746436	0.07110393760899293
cg06719487	Nue	sexF	-0.0011911240052781436	-1.115661210888827	0.264980099579117
cg06719487	Nue	age	-0.00019136043934927	-4.623746691679095	4.549182589889644e-06
cg06719487	Nue	smoking_current	0.00160135948796639	1.273181755637505	0.20340940058070145
cg06719487	Nue	smoking_ex	0.0013993567608016045	1.1360502318959083	0.2563548692985824
cg06719487	Nue	smoking_occasional	-0.0005254862967751078	-0.2967205573994886	0.7667747948145243
cg06719487	Nue	Nue_proportion	-0.01442415744758106	-2.1131448550091974	0.03496948870491854
cg06719487	Nue	disease:Nue_proportion	0.019840019755500437	2.104687175286612	0.035702433668790945
cg06719487	Eos	(Intercept)	0.0806238033142785	31.184447248177197	3.6661031495838474e-131
cg06719487	Eos	disease	0.0021069282932623455	2.05751029528726	0.040036108097386204
cg06719487	Eos	sexF	-0.001205245567606145	-1.1309766616820176	0.25848266874969933
cg06719487	Eos	age	-0.0001861598250187811	-4.522436024979477	7.2682403045135576e-06
cg06719487	Eos	smoking_current	0.0013893362105032415	1.1094234466255697	0.2676584662712578
cg06719487	Eos	smoking_ex	0.0013915207214917511	1.1324403595704409	0.25786755451329424
cg06719487	Eos	smoking_occasional	-0.000643131168711182	-0.36413209699537535	0.715877969206439
cg06719487	Eos	Eos_proportion	0.06605137947336923	2.1224174939100187	0.03418075389760201
cg06719487	Eos	disease:Eos_proportion	-0.10704588229952765	-2.6911111885219263	0.007304876763235928
cg26797159	CD4.	(Intercept)	0.8408167725882767	201.15267562215948	0.0
cg26797159	CD4.	disease	-0.005278352786414069	-1.80681189779579	0.07125463187751942
cg26797159	CD4.	sexF	0.0013569168835629707	0.8896164462838947	0.3740015027376389
cg26797159	CD4.	age	-0.00011374244254059988	-1.9391739140941835	0.05291323779196642
cg26797159	CD4.	smoking_current	0.0010941092518917178	0.6104424625062046	0.5417824464700971
cg26797159	CD4.	smoking_ex	-0.0008158545593790383	-0.46617636130939866	0.64124569075097
cg26797159	CD4.	smoking_occasional	-0.001366073458093539	-0.542121410890794	0.5879209520093177
cg26797159	CD4.	CD4._proportion	-0.008084426672550724	-0.46930339069447596	0.6390104113962256
cg26797159	CD4.	disease:CD4._proportion	0.03725594927075625	1.4414212651770661	0.14994802550354527
cg26797159	CD8.	(Intercept)	0.8361503457147788	204.63609119002422	0.0
cg26797159	CD8.	disease	-0.004342657927745108	-1.6505278830646999	0.0993188251354954
cg26797159	CD8.	sexF	0.0011149355287678247	0.7419915824230288	0.4583608693860317
cg26797159	CD8.	age	-0.0001010823699107305	-1.743315323355617	0.08175210162128076
cg26797159	CD8.	smoking_current	0.0012353048050387063	0.6998639189180905	0.4842630716830335
cg26797159	CD8.	smoking_ex	-0.0007596793473051522	-0.4384736504796241	0.6611888829141181
cg26797159	CD8.	smoking_occasional	-0.00162381077345583	-0.6523944577893066	0.5143777357510262
cg26797159	CD8.	CD8._proportion	0.033884408611185766	1.7833278907029433	0.07500017293124493
cg26797159	CD8.	disease:CD8._proportion	0.04915809625036649	1.7447282591120272	0.08150552881579212
cg26797159	mono	(Intercept)	0.8377270101349815	174.75924138850496	0.0
cg26797159	mono	disease	-0.003273123610445121	-0.7306481707884976	0.4652577571674613
cg26797159	mono	sexF	0.0017723950036637017	1.1495229651427201	0.2507638364359839
cg26797159	mono	age	-0.00011610388439643122	-1.9714170205963248	0.049100563976829416
cg26797159	mono	smoking_current	0.0014356686685078482	0.8025176348146816	0.4225473628800349
cg26797159	mono	smoking_ex	-0.0007326517073939602	-0.41866357103735297	0.6756005333975341
cg26797159	mono	smoking_occasional	-0.0010903700760678708	-0.432707739773229	0.6653708574467205
cg26797159	mono	mono_proportion	0.02599611201392976	0.5719239749783966	0.5675715135649877
cg26797159	mono	disease:mono_proportion	0.01687449962817328	0.2804778986015618	0.7792002616568933
cg26797159	Bcells	(Intercept)	0.8390516654448541	189.9302273193491	0.0
cg26797159	Bcells	disease	-0.004591950840779289	-1.1957519416347488	0.2322300808701759
cg26797159	Bcells	sexF	0.0014810507686773807	0.9744153749922713	0.33021338056353644
cg26797159	Bcells	age	-0.0001114682837958708	-1.897657207857186	0.05818477574782745
cg26797159	Bcells	smoking_current	0.0012332296996747233	0.6904560654122186	0.49015427574108816
cg26797159	Bcells	smoking_ex	-0.0008152194139523566	-0.4658103647990854	0.6415075280249076
cg26797159	Bcells	smoking_occasional	-0.001365371343189139	-0.5408728266453132	0.5887808267025876
cg26797159	Bcells	Bcells_proportion	0.007742521433074965	0.2165919387835529	0.8285944320488949
cg26797159	Bcells	disease:Bcells_proportion	0.04586232301265633	0.8326477417717681	0.4053497180807829
cg26797159	NK	(Intercept)	0.8378474440791368	212.3155145731621	0.0
cg26797159	NK	disease	-0.0051837370861447666	-1.737821385355903	0.08271662441975387
cg26797159	NK	sexF	0.0023547773111129884	1.5370432510570322	0.12477008313292283
cg26797159	NK	age	-0.00014766774412857734	-2.476069664008348	0.01353772609908829
cg26797159	NK	smoking_current	0.002215978342402695	1.23485447757686	0.21733154655234158
cg26797159	NK	smoking_ex	-0.0006983928843952896	-0.40192457250799385	0.6878718626984217
cg26797159	NK	smoking_occasional	-0.0012826400878368546	-0.5130396234763182	0.6080981868183322
cg26797159	NK	NK_proportion	0.029597349828042768	1.3916283280360089	0.16451174844859
cg26797159	NK	disease:NK_proportion	0.05663452603697068	1.6449138057622223	0.10047181121425552
cg26797159	Nue	(Intercept)	0.8484273086143068	130.37286127801246	0.0
cg26797159	Nue	disease	0.01708724428703904	2.154166215898165	0.031594568719149695
cg26797159	Nue	sexF	0.0016913157988033157	1.1313534782311228	0.25832421547864376
cg26797159	Nue	age	-0.00012491938304226262	-2.1556088547744365	0.03148116153033515
cg26797159	Nue	smoking_current	0.0011499478650162116	0.652947066011064	0.5140216309913628
cg26797159	Nue	smoking_ex	-0.0010852430085181606	-0.6292081438445755	0.5294342082937018
cg26797159	Nue	smoking_occasional	-0.0018993711553382045	-0.7659392642479895	0.4439909165985273
cg26797159	Nue	Nue_proportion	-0.014913204989070629	-1.5602998114745845	0.11917652021087256
cg26797159	Nue	disease:Nue_proportion	-0.027406837317364468	-2.076359888333347	0.03825368814292944
cg26797159	Eos	(Intercept)	0.8394667959918715	228.51575797128652	0.0
cg26797159	Eos	disease	-0.0020488843528156057	-1.4081456220097859	0.15956678577140684
cg26797159	Eos	sexF	0.0015552425835429172	1.0271032437403589	0.30475450084164124
cg26797159	Eos	age	-0.00011623592624197518	-1.9873058560288384	0.047308416511029204
cg26797159	Eos	smoking_current	0.0011099025698568452	0.6237530808632367	0.5330089213419253
cg26797159	Eos	smoking_ex	-0.0009970497204517146	-0.5710581562555701	0.568157904961571
cg26797159	Eos	smoking_occasional	-0.0014304940288589066	-0.5700111033232274	0.5688674282921842
cg26797159	Eos	Eos_proportion	0.03785502471218512	0.8560720542693051	0.39227387768627353
cg26797159	Eos	disease:Eos_proportion	0.048970153629314936	0.8664250576909058	0.386577302950176
cg20945232	CD4.	(Intercept)	0.26234842072429776	15.005653468877947	6.514560730545896e-44
cg20945232	CD4.	disease	0.011455749734186336	0.9375405418751266	0.3488293340434172
cg20945232	CD4.	sexF	-0.0054921480958444605	-0.8608823575983847	0.38962076544972835
cg20945232	CD4.	age	0.00012930828162201316	0.5270751754598133	0.5983214967385656
cg20945232	CD4.	smoking_current	-0.0006254341084706554	-0.08342911153271806	0.9335360673898785
cg20945232	CD4.	smoking_ex	0.00240700709632746	0.328826556763323	0.7423928658731862
cg20945232	CD4.	smoking_occasional	-0.004706432549635086	-0.44654615781578844	0.6553517378913684
cg20945232	CD4.	CD4._proportion	0.0888131324104439	1.2326326436515962	0.21815917967838683
cg20945232	CD4.	disease:CD4._proportion	-0.009934379882926447	-0.09189419248834597	0.9268104624774267
cg20945232	CD8.	(Intercept)	0.28865397489300004	16.70276863448245	2.3005939473295405e-52
cg20945232	CD8.	disease	-0.008647407242412862	-0.7770808767146301	0.43739419721279693
cg20945232	CD8.	sexF	-0.004039454095676979	-0.6356015764051907	0.5252601894094135
cg20945232	CD8.	age	0.00011060364880576969	0.45100676016302166	0.652135324393507
cg20945232	CD8.	smoking_current	-0.0005879807074907915	-0.0787617967857866	0.9372463689479809
cg20945232	CD8.	smoking_ex	0.0017771651267735433	0.24252361208340825	0.8084510846283515
cg20945232	CD8.	smoking_occasional	-0.004484721394338491	-0.42601351592313097	0.6702392449143305
cg20945232	CD8.	CD8._proportion	-0.16646673867399225	-2.0714374697410403	0.038712502716494644
cg20945232	CD8.	disease:CD8._proportion	0.17255464142156046	1.4480129648996878	0.14809632948685456
cg20945232	mono	(Intercept)	0.276232476814137	13.855904234443694	1.96616057064628e-38
cg20945232	mono	disease	0.04134916519786144	2.2193977603184547	0.026804627527855784
cg20945232	mono	sexF	-0.006848495606663683	-1.0680087711590036	0.2859136488994503
cg20945232	mono	age	0.00012655670465998927	0.5167011318750583	0.6055408271593459
cg20945232	mono	smoking_current	-5.8582343507295256e-05	-0.007873894762104422	0.9937200255137466
cg20945232	mono	smoking_ex	0.0030604245180373838	0.42050559923809044	0.674255335307308
cg20945232	mono	smoking_occasional	-0.005095090684914729	-0.4861778405832107	0.6270051965202552
cg20945232	mono	mono_proportion	-0.03612611859852477	-0.1911057301456663	0.8485025266577058
cg20945232	mono	disease:mono_proportion	-0.4600791465281986	-1.8387504546543116	0.06640862612222247
cg20945232	Bcells	(Intercept)	0.2523193303229733	13.691183619152643	1.1482306861745285e-37
cg20945232	Bcells	disease	0.015053028740827921	0.9396212780115473	0.34776142930316845
cg20945232	Bcells	sexF	-0.004760944115041712	-0.7508485616664725	0.4530159484361467
cg20945232	Bcells	age	0.0001170900844927764	0.4778280675632203	0.6329334756391627
cg20945232	Bcells	smoking_current	-0.0002118840503785419	-0.028436453235260797	0.9773227923017731
cg20945232	Bcells	smoking_ex	0.00308300568107444	0.42227371275370823	0.672965096608233
cg20945232	Bcells	smoking_occasional	-0.0037667349750726484	-0.3576798968802847	0.7206991685892854
cg20945232	Bcells	Bcells_proportion	0.2832335970069597	1.899283204852961	0.05797038033495294
cg20945232	Bcells	disease:Bcells_proportion	-0.07455852847194017	-0.32447980711389207	0.7456793624615284
cg20945232	NK	(Intercept)	0.2788928168817323	16.771875378536546	1.0226405592687666e-52
cg20945232	NK	disease	-9.816337103216383e-05	-0.0078097863188729445	0.9937711553762356
cg20945232	NK	sexF	-0.005176343744648301	-0.8018384373394517	0.4229399091602597
cg20945232	NK	age	0.00017608149602925643	0.7006779568954848	0.4837551355669033
cg20945232	NK	smoking_current	-0.0007326376871806411	-0.09688734184594852	0.9228457727033789
cg20945232	NK	smoking_ex	0.0027276339001542707	0.37252750911182436	0.7096217537813916
cg20945232	NK	smoking_occasional	-0.003752511224639075	-0.35620139452000893	0.7218055091867199
cg20945232	NK	NK_proportion	-0.09661595202758526	-1.078069573707609	0.2814032377983495
cg20945232	NK	disease:NK_proportion	0.07823383186357928	0.5392423518705886	0.5899045770481663
cg20945232	Nue	(Intercept)	0.26991143143189195	9.736906425907671	5.28433615702648e-21
cg20945232	Nue	disease	0.009730237913517032	0.287976998722766	0.7734562838329198
cg20945232	Nue	sexF	-0.004593006691547735	-0.7212699663785007	0.47100317604252195
cg20945232	Nue	age	0.0001253575963775863	0.5078295219097416	0.6117454449281579
cg20945232	Nue	smoking_current	0.00024885382119047613	0.03317197252504327	0.9735476475937397
cg20945232	Nue	smoking_ex	0.0029667275065962877	0.4038054316655055	0.6864888185086344
cg20945232	Nue	smoking_occasional	-0.0039121231354615005	-0.3703600811530822	0.7112350513516545
cg20945232	Nue	Nue_proportion	0.00377273765231749	0.09266608916875582	0.9261974349889601
cg20945232	Nue	disease:Nue_proportion	-0.0042460282448566035	-0.07551856816201388	0.9398253966055208
cg20945232	Eos	(Intercept)	0.2700836446631285	17.505840654101167	1.7235863616546335e-56
cg20945232	Eos	disease	0.010003360658656158	1.6369978360048743	0.10211568775171309
cg20945232	Eos	sexF	-0.004666815297130908	-0.7338522486413416	0.46330381266373744
cg20945232	Eos	age	0.0001130739525839967	0.46031906233796116	0.645441407148796
cg20945232	Eos	smoking_current	0.00015971142818446975	0.021371543786951507	0.9829558419560149
cg20945232	Eos	smoking_ex	0.0032719735594000333	0.4462162304483139	0.6555898947881156
cg20945232	Eos	smoking_occasional	-0.004211545145834653	-0.39958647626029103	0.6895925847479721
cg20945232	Eos	Eos_proportion	0.22124097713423846	1.1913089616316292	0.23396780435952347
cg20945232	Eos	disease:Eos_proportion	-0.23954560172742176	-1.0091594548082063	0.3132742575857198
cg08164371	CD4.	(Intercept)	0.2174524427649722	30.338964352553546	1.4593264553490513e-126
cg08164371	CD4.	disease	0.004892163119008466	0.9766241764393714	0.329119129750694
cg08164371	CD4.	sexF	-0.011686722418883485	-4.468423214358046	9.2968629416124e-06
cg08164371	CD4.	age	-0.0002779051449983261	-2.76313949833967	0.005887098769536378
cg08164371	CD4.	smoking_current	-0.0013584861878123574	-0.4420295324378576	0.6586150902083063
cg08164371	CD4.	smoking_ex	0.001562699452860632	0.5207448415559114	0.6027221454189846
cg08164371	CD4.	smoking_occasional	0.005820642517410244	1.347117405725851	0.1784125811294228
cg08164371	CD4.	CD4._proportion	0.0675466503285507	2.2867584703853847	0.02253106909662714
cg08164371	CD4.	disease:CD4._proportion	-0.05141549868437167	-1.1601158421833433	0.2464282335903998
cg08164371	CD8.	(Intercept)	0.22638955387503001	31.825178953162553	1.243893438664164e-134
cg08164371	CD8.	disease	0.00047497854619192023	0.10369500833564689	0.9174434226326005
cg08164371	CD8.	sexF	-0.011065999460287173	-4.230156947298799	2.6713717412531908e-05
cg08164371	CD8.	age	-0.00028897171486939253	-2.8626778650789992	0.004336255445111523
cg08164371	CD8.	smoking_current	-0.0009406724324944666	-0.3061219724789953	0.7596099521271529
cg08164371	CD8.	smoking_ex	0.0019491637383045144	0.6462166094786176	0.5183675212246373
cg08164371	CD8.	smoking_occasional	0.006426549649835863	1.4830962076003549	0.13853428113716515
cg08164371	CD8.	CD8._proportion	-0.011438162312294714	-0.34578341524104106	0.7296175455703979
cg08164371	CD8.	disease:CD8._proportion	-0.03851013310500055	-0.7850989060230221	0.43268207754011945
cg08164371	mono	(Intercept)	0.22087833791718406	26.795275555018435	4.4952742563292314e-107
cg08164371	mono	disease	0.001885967888276995	0.2448204307636903	0.8066728593998642
cg08164371	mono	sexF	-0.010952109683973756	-4.130687960642787	4.08990545592257e-05
cg08164371	mono	age	-0.00028904642159028465	-2.8540844442271864	0.00445378280146323
cg08164371	mono	smoking_current	-0.0008748768077384062	-0.2843902710746445	0.7762020280852115
cg08164371	mono	smoking_ex	0.001956820606516244	0.6502585779345917	0.5157553200490039
cg08164371	mono	smoking_occasional	0.00617723218446466	1.4255489483496755	0.15447934772418362
cg08164371	mono	mono_proportion	0.06306784077982369	0.8068732817956765	0.42003508033489056
cg08164371	mono	disease:mono_proportion	-0.05435289920262383	-0.5253611150201528	0.5995116140768186
cg08164371	Bcells	(Intercept)	0.2236157344364884	29.517927132601617	4.4940607431079975e-122
cg08164371	Bcells	disease	0.00900312386768138	1.3671469666329847	0.17205256955002995
cg08164371	Bcells	sexF	-0.011284192004216029	-4.329350651147061	1.7318722200846593e-05
cg08164371	Bcells	age	-0.00029011223023416515	-2.880120117006345	0.004106330602777719
cg08164371	Bcells	smoking_current	-0.0007651251540131359	-0.2498058859125858	0.8028165153723483
cg08164371	Bcells	smoking_ex	0.002103818848060981	0.7010049571348116	0.48355117848592954
cg08164371	Bcells	smoking_occasional	0.00675271233319465	1.559914309110514	0.11926760660261466
cg08164371	Bcells	Bcells_proportion	0.024949660553057338	0.40700770143392645	0.6841365280904517
cg08164371	Bcells	disease:Bcells_proportion	-0.17499237493563086	-1.8526888944221755	0.06438074799233513
cg08164371	NK	(Intercept)	0.22996488181656827	33.75527314260609	5.4995949404020915e-145
cg08164371	NK	disease	-0.003946038380290475	-0.766278784116152	0.44378905646857425
cg08164371	NK	sexF	-0.012086598935520849	-4.569868283658952	5.8430227858726885e-06
cg08164371	NK	age	-0.00023328068519578207	-2.2657882843612347	0.023792947906964925
cg08164371	NK	smoking_current	-0.0021333492132180124	-0.68861352263052	0.4913125853225102
cg08164371	NK	smoking_ex	0.0016951411384275052	0.5650852116302735	0.5722110831189844
cg08164371	NK	smoking_occasional	0.006273031153859585	1.4534057327676857	0.14659449334843222
cg08164371	NK	NK_proportion	-0.07002314774893971	-1.9071084494257826	0.05694776816597363
cg08164371	NK	disease:NK_proportion	0.008965207881565032	0.15082924780113208	0.8801572805613271
cg08164371	Nue	(Intercept)	0.22932117713139832	20.150021826327855	1.6857918619322174e-70
cg08164371	Nue	disease	-0.015642292038105094	-1.1276293528520553	0.25989319343715883
cg08164371	Nue	sexF	-0.011341035804528617	-4.337955899333534	1.6672902477501657e-05
cg08164371	Nue	age	-0.00028545770446209963	-2.8167006735627793	0.004999461036720372
cg08164371	Nue	smoking_current	-0.0008051300601460218	-0.2614114857500296	0.7938581361045005
cg08164371	Nue	smoking_ex	0.00212376098282571	0.7040958369746037	0.48162564285762655
cg08164371	Nue	smoking_occasional	0.0063979800662976715	1.4753198233505727	0.1406115353753431
cg08164371	Nue	Nue_proportion	-0.007511895050630197	-0.449412740938639	0.6532839858089738
cg08164371	Nue	disease:Nue_proportion	0.022683786916241736	0.9826934648836384	0.3261245177730945
cg08164371	Eos	(Intercept)	0.22560813913902927	35.577868715586426	1.2902288838747083e-154
cg08164371	Eos	disease	-0.0026049902021581355	-1.0371671473160062	0.3000442368951558
cg08164371	Eos	sexF	-0.011194168295485812	-4.282726373311935	2.125449236710997e-05
cg08164371	Eos	age	-0.00028124659774939926	-2.785634568834359	0.005498265632416094
cg08164371	Eos	smoking_current	-0.0011475011340291632	-0.37358850454871817	0.7088324901886445
cg08164371	Eos	smoking_ex	0.0016711189770304198	0.5544768619761989	0.5794435535442803
cg08164371	Eos	smoking_occasional	0.006089507961875042	1.4056979223969115	0.16029238421257527
cg08164371	Eos	Eos_proportion	-0.03714216749017494	-0.48659379256176327	0.6267104997299124
cg08164371	Eos	disease:Eos_proportion	0.09252753188750328	0.9483814471513569	0.3432882984614464
cg13709618	CD4.	(Intercept)	0.23594423712196633	23.07884566750388	1.6620777264185172e-86
cg13709618	CD4.	disease	0.00133177601773258	0.18639144684495745	0.8521960449616192
cg13709618	CD4.	sexF	0.0008326243546359338	0.22319215643686544	0.823456186283849
cg13709618	CD4.	age	0.0003559233565503821	2.4810239688669764	0.013352795748738993
cg13709618	CD4.	smoking_current	0.0024412459764357533	0.5568982421367333	0.5777889432426023
cg13709618	CD4.	smoking_ex	0.0031225972540337953	0.7295141794783839	0.4659503982026505
cg13709618	CD4.	smoking_occasional	-0.0015068003367399892	-0.24448852280025	0.8069297649501823
cg13709618	CD4.	CD4._proportion	0.05370711023081492	1.2747250268135724	0.20286277251546572
cg13709618	CD4.	disease:CD4._proportion	-0.01684832993860878	-0.26652159973662803	0.7899221826225898
cg13709618	CD8.	(Intercept)	0.23688113382053358	23.408514489577264	2.5191960241219243e-88
cg13709618	CD8.	disease	-0.0011454393889960505	-0.17578624154995567	0.8605167119022976
cg13709618	CD8.	sexF	0.0009729064546497395	0.2614362654730545	0.7938390372746922
cg13709618	CD8.	age	0.0003627018266011891	2.525781615174408	0.01178097615991111
cg13709618	CD8.	smoking_current	0.0029740888533370726	0.6803602560015601	0.49651901090599704
cg13709618	CD8.	smoking_ex	0.0036448813198493115	0.8494583608281179	0.39593952367830976
cg13709618	CD8.	smoking_occasional	-0.0012902397553880213	-0.20931039002389099	0.8342716236059913
cg13709618	CD8.	CD8._proportion	0.04953017402630944	1.0525595319216028	0.29293463830843086
cg13709618	CD8.	disease:CD8._proportion	0.0061687472182113505	0.08840467602933233	0.9295823164924755
cg13709618	mono	(Intercept)	0.25386026904751674	21.67604703496459	8.510311813133059e-79
cg13709618	mono	disease	-0.011717748873860538	-1.070626027102752	0.2847356078251124
cg13709618	mono	sexF	0.00043661569315660547	0.11590553941502199	0.9077632591151485
cg13709618	mono	age	0.000371007291296853	2.5784689910604506	0.010143106950885262
cg13709618	mono	smoking_current	0.002410751957749528	0.5515699611777813	0.5814328751895083
cg13709618	mono	smoking_ex	0.0032456358776282793	0.759128189941726	0.4480514975231126
cg13709618	mono	smoking_occasional	-0.0012103178703030209	-0.1965929325306955	0.8442076467884717
cg13709618	mono	mono_proportion	-0.17483783504156222	-1.574392597722498	0.11588403965523474
cg13709618	mono	disease:mono_proportion	0.14256906258187602	0.9699308020069107	0.33244231261170043
cg13709618	Bcells	(Intercept)	0.2347622178389878	21.731212412803583	4.2463505163247754e-79
cg13709618	Bcells	disease	0.0023064705580940264	0.24560779649916545	0.8060635011428574
cg13709618	Bcells	sexF	0.0012504768739006861	0.3364342604379024	0.7366521687371999
cg13709618	Bcells	age	0.000348967506310243	2.429415559470635	0.015393500976763739
cg13709618	Bcells	smoking_current	0.002767912589558605	0.633716206434829	0.5264893158658912
cg13709618	Bcells	smoking_ex	0.00351203772100913	0.82062392578998	0.4121618223207103
cg13709618	Bcells	smoking_occasional	-0.0009517585809982318	-0.1541776953537195	0.8775175590055693
cg13709618	Bcells	Bcells_proportion	0.10280513819702641	1.1760480405734854	0.24000688740862322
cg13709618	Bcells	disease:Bcells_proportion	-0.052757951315392654	-0.3916909627177711	0.6954151434202707
cg13709618	NK	(Intercept)	0.23868263980438947	24.61193961111975	5.5582103809833894e-95
cg13709618	NK	disease	-0.006369112772041712	-0.8688590645470123	0.3852454125115031
cg13709618	NK	sexF	0.002667573941449268	0.7085343974403915	0.47886786774642587
cg13709618	NK	age	0.00029676170063220084	2.024852054733322	0.043291487410968506
cg13709618	NK	smoking_current	0.004297244816804545	0.9744253922950837	0.33020841262115186
cg13709618	NK	smoking_ex	0.0035600111382723338	0.8336895086867043	0.4047626957104079
cg13709618	NK	smoking_occasional	-0.0012300124579898144	-0.20019989064687893	0.8413869684169692
cg13709618	NK	NK_proportion	0.05183044455757931	0.9916618267915863	0.3217320913433145
cg13709618	NK	disease:NK_proportion	0.07908904081368362	0.9347304932537712	0.35027485705709416
cg13709618	Nue	(Intercept)	0.2606106349226421	16.133541332643404	1.7374636267229226e-49
cg13709618	Nue	disease	0.0026897981512075996	0.1366129553225329	0.8913791019268863
cg13709618	Nue	sexF	0.001469032363719283	0.3958858579488686	0.6923193434754666
cg13709618	Nue	age	0.00033129394147904845	2.303130971831575	0.02158678227130621
cg13709618	Nue	smoking_current	0.003025306828588776	0.6920448875551418	0.48915665027540123
cg13709618	Nue	smoking_ex	0.0033742710718048592	0.7881562442055715	0.4308930943833321
cg13709618	Nue	smoking_occasional	-0.0016641915362372915	-0.2703664616940259	0.7869642932789884
cg13709618	Nue	Nue_proportion	-0.03252781769802624	-1.371061732201329	0.17082962084765935
cg13709618	Nue	disease:Nue_proportion	-0.002484605264782753	-0.07583437699858689	0.939574235985563
cg13709618	Eos	(Intercept)	0.2430993934096981	26.95395169074475	5.9568773652798306e-108
cg13709618	Eos	disease	-0.003696359834365146	-1.0347377790192378	0.30117678835775574
cg13709618	Eos	sexF	0.0013650020807204153	0.36717678515859586	0.7136068474056896
cg13709618	Eos	age	0.00035826579518846155	2.4949142185168087	0.012846190517113606
cg13709618	Eos	smoking_current	0.0029627765215661807	0.6781920289739823	0.497891672615712
cg13709618	Eos	smoking_ex	0.003252429411477074	0.7587476208679026	0.4482790047327744
cg13709618	Eos	smoking_occasional	-0.0009327108824381909	-0.15138060964515448	0.8797225262866681
cg13709618	Eos	Eos_proportion	-0.13295675902923093	-1.2246814679574134	0.22113958805935727
cg13709618	Eos	disease:Eos_proportion	0.15692142183173702	1.1308570551244652	0.25853297802967046
cg24360459	CD4.	(Intercept)	0.08888395168933143	36.64947144930493	3.326144508809521e-160
cg24360459	CD4.	disease	0.0011289231547617032	0.6660377157111197	0.5056236578097975
cg24360459	CD4.	sexF	-0.002753498850399836	-3.1113894165507494	0.0019438015557453993
cg24360459	CD4.	age	2.457062485671053e-05	0.7219885749047328	0.4705615474947875
cg24360459	CD4.	smoking_current	-0.0002409943868509037	-0.2317452739342915	0.8168089142942109
cg24360459	CD4.	smoking_ex	-0.0005870118744317309	-0.5781017753246097	0.5633959381103448
cg24360459	CD4.	smoking_occasional	-7.554134235246898e-05	-0.051668650449962675	0.9588086156965823
cg24360459	CD4.	CD4._proportion	-0.017206654217411604	-1.7215546382451126	0.08562674866542576
cg24360459	CD4.	disease:CD4._proportion	0.012155915921063177	0.8105930814098088	0.4178965274057901
cg24360459	CD8.	(Intercept)	0.09047252017789977	38.372489575145345	4.527403786387051e-169
cg24360459	CD8.	disease	0.0028315867403259313	1.8651018158491515	0.06261820205288673
cg24360459	CD8.	sexF	-0.0025990101681186355	-2.997523749725993	0.0028258167464674127
cg24360459	CD8.	age	1.7183521267360972e-05	0.5135918547324114	0.6077121751545658
cg24360459	CD8.	smoking_current	-0.000341327161951607	-0.3351318886342351	0.7376338911814052
cg24360459	CD8.	smoking_ex	-0.0007762327952676091	-0.7764448227072814	0.4377692632728335
cg24360459	CD8.	smoking_occasional	4.216351289521558e-05	0.029357364334775635	0.9765886016408081
cg24360459	CD8.	CD8._proportion	-0.034931777780555374	-3.1860853896369496	0.00151127061201213
cg24360459	CD8.	disease:CD8._proportion	-0.014626501865027229	-0.8996604758598085	0.3686346463803477
cg24360459	mono	(Intercept)	0.08768179231777362	31.50824105849991	6.442716025393629e-133
cg24360459	mono	disease	7.291595856767684e-05	0.028037907081684455	0.9776405367568861
cg24360459	mono	sexF	-0.0028163749026196613	-3.1464780661540455	0.0017281096047525692
cg24360459	mono	age	2.706121231578508e-05	0.7915094581017248	0.42893593527102025
cg24360459	mono	smoking_current	-0.00034855681053147785	-0.33562248065677835	0.7372640344940072
cg24360459	mono	smoking_ex	-0.0006912704014390477	-0.6804444520585575	0.4964657488686496
cg24360459	mono	smoking_occasional	-0.0001071448007344081	-0.07324347631590424	0.9416349374380713
cg24360459	mono	mono_proportion	-0.01249200467641827	-0.4734118768307435	0.6360785533207824
cg24360459	mono	disease:mono_proportion	0.03735885094590086	1.069641783425491	0.2851782345288595
cg24360459	Bcells	(Intercept)	0.08787296658960381	34.23282350869529	1.5944615576256998e-147
cg24360459	Bcells	disease	0.0018519040843370128	0.8299356163278574	0.40688035625490004
cg24360459	Bcells	sexF	-0.0028600382763647857	-3.23838199208987	0.0012633725058616098
cg24360459	Bcells	age	2.6378618981203614e-05	0.7728595059095786	0.43988690611492687
cg24360459	Bcells	smoking_current	-0.00032015998630957577	-0.30849005996383144	0.7578084549586503
cg24360459	Bcells	smoking_ex	-0.0006862834378217493	-0.6748701210031055	0.4999986270679002
cg24360459	Bcells	smoking_occasional	-0.00020183993072770865	-0.13760477876219318	0.8905954580024622
cg24360459	Bcells	Bcells_proportion	-0.013780485339745283	-0.6634473050877788	0.5072797045002746
cg24360459	Bcells	disease:Bcells_proportion	0.012530312800576324	0.39151573476115187	0.6955445715194623
cg24360459	NK	(Intercept)	0.0884840849308149	38.44710801760096	1.885023373408406e-169
cg24360459	NK	disease	0.002136605402963603	1.2281975467038058	0.21981803733051508
cg24360459	NK	sexF	-0.0031496281532100052	-3.5251472433328903	0.0004530246644905927
cg24360459	NK	age	4.1974086584879594e-05	1.2068136270851053	0.22794361155909504
cg24360459	NK	smoking_current	-0.0006889883580784783	-0.6583303624057126	0.5105593324914016
cg24360459	NK	smoking_ex	-0.0007320309263723818	-0.7223637007961083	0.4703311009303902
cg24360459	NK	smoking_occasional	-0.00012008200249825039	-0.08235799267457873	0.9343874328539074
cg24360459	NK	NK_proportion	-0.022931321806833094	-1.84876306642653	0.06494665837451832
cg24360459	NK	disease:NK_proportion	0.0019273744278587353	0.09598639925902737	0.9235610052811907
cg24360459	Nue	(Intercept)	0.07414679034919805	19.602609673045446	1.483853809366896e-67
cg24360459	Nue	disease	0.006494143003153261	1.4085686164336695	0.15944164563812238
cg24360459	Nue	sexF	-0.0029197944967151905	-3.360275414053178	0.0008242831813259093
cg24360459	Nue	age	3.934658030747089e-05	1.1681432376219627	0.24317792732420282
cg24360459	Nue	smoking_current	-0.0005127740718354104	-0.5009274819577422	0.6165920045954638
cg24360459	Nue	smoking_ex	-0.000739417921896413	-0.7375751718895013	0.4610392288736491
cg24360459	Nue	smoking_occasional	4.765611966127303e-05	0.03306375319903366	0.973633913474377
cg24360459	Nue	Nue_proportion	0.022355298144783424	4.024079136317399	6.394083050603806e-05
cg24360459	Nue	disease:Nue_proportion	-0.00917479296938664	-1.1958837364937496	0.23217867430095493
cg24360459	Eos	(Intercept)	0.08720876733598001	40.80267162379831	2.5882949281250417e-181
cg24360459	Eos	disease	0.0024969645311548024	2.949567358231037	0.0032967413822327404
cg24360459	Eos	sexF	-0.0028848372078049953	-3.2745610690165625	0.0011145111617655594
cg24360459	Eos	age	2.7826130886175237e-05	0.8176980777504571	0.4138296999622748
cg24360459	Eos	smoking_current	-0.0002348908531609801	-0.22688708411045092	0.8205829918990307
cg24360459	Eos	smoking_ex	-0.0006234131999032987	-0.6136988903121712	0.5396293559935517
cg24360459	Eos	smoking_occasional	-5.158108375699538e-05	-0.035326739064317804	0.9718300643415279
cg24360459	Eos	Eos_proportion	-0.038331941964588924	-1.4899216456698499	0.1367306443647181
cg24360459	Eos	disease:Eos_proportion	0.012105320059579646	0.3681218836128137	0.7129023868007076
cg06535675	CD4.	(Intercept)	0.8997588378244783	267.6663233643479	0.0
cg06535675	CD4.	disease	-0.002656146318361193	-1.1306018413554453	0.258640349577036
cg06535675	CD4.	sexF	-0.0007401729269684099	-0.6034286387118011	0.5464344050380365
cg06535675	CD4.	age	8.703006645423817e-05	1.8450438422167532	0.06548657478370523
cg06535675	CD4.	smoking_current	-0.0011043214672863946	-0.766165734283735	0.44385626394318234
cg06535675	CD4.	smoking_ex	0.000665631088505609	0.4729489498423791	0.6364086183753872
cg06535675	CD4.	smoking_occasional	0.000881743843676602	0.4351190601608296	0.6636206647068826
cg06535675	CD4.	CD4._proportion	-0.026899783856338833	-1.9417638932771866	0.05259808184716046
cg06535675	CD4.	disease:CD4._proportion	0.021649783008460738	1.0415784940784263	0.2979949885246678
cg06535675	CD8.	(Intercept)	0.8952014011915023	268.4368713908857	0.0
cg06535675	CD8.	disease	0.0017955516393324293	0.8361586776792653	0.40337338714956983
cg06535675	CD8.	sexF	-0.0009434171045183681	-0.7692659799016677	0.4420152975245054
cg06535675	CD8.	age	8.945460225581678e-05	1.8902827809709537	0.05916543402424046
cg06535675	CD8.	smoking_current	-0.0011233741923945368	-0.7798076175725293	0.43578840472982094
cg06535675	CD8.	smoking_ex	0.0006631104766720054	0.46894577462352893	0.639265878490547
cg06535675	CD8.	smoking_occasional	0.0008380496416642071	0.41254197791161523	0.6800784600071611
cg06535675	CD8.	CD8._proportion	0.014773965160039811	0.9526906860909384	0.3411014885098843
cg06535675	CD8.	disease:CD8._proportion	-0.019151994823578558	-0.8328567553446786	0.40523190072234994
cg06535675	mono	(Intercept)	0.8923802423484929	231.5933654411218	0.0
cg06535675	mono	disease	0.002603441874514851	0.7229900415206196	0.469946467855363
cg06535675	mono	sexF	-0.0005402646689186526	-0.4359154253769701	0.6630430474714504
cg06535675	mono	age	8.215582360227353e-05	1.7354361537130363	0.08313824695683654
cg06535675	mono	smoking_current	-0.0010335115488317595	-0.7187108990500158	0.4725777383131471
cg06535675	mono	smoking_ex	0.0006130130840643483	0.43578862150249587	0.6631350070493076
cg06535675	mono	smoking_occasional	0.0008342479563298549	0.4118645619290128	0.6805746869774502
cg06535675	mono	mono_proportion	0.062035954020712825	1.6978991983580631	0.09000615382511339
cg06535675	mono	disease:mono_proportion	-0.0376777136354457	-0.7790957175386388	0.4362073175082968
cg06535675	Bcells	(Intercept)	0.9002409035616944	253.44971699028414	0.0
cg06535675	Bcells	disease	-0.0029697132921290594	-0.961802877610451	0.33650683481753974
cg06535675	Bcells	sexF	-0.0008732699954798759	-0.71457925698621	0.47512600645804803
cg06535675	Bcells	age	9.11038257604288e-05	1.9289934332019933	0.054167394615607115
cg06535675	Bcells	smoking_current	-0.0011764907744575472	-0.8192345965683526	0.4129533098016689
cg06535675	Bcells	smoking_ex	0.0004929148131314681	0.3502952018825131	0.7262308232786654
cg06535675	Bcells	smoking_occasional	0.000637498152110111	0.3140877470956897	0.7535553285537238
cg06535675	Bcells	Bcells_proportion	-0.05166860847934505	-1.7976880131771575	0.07269115941548011
cg06535675	Bcells	disease:Bcells_proportion	0.041532663985408835	0.9378270020249465	0.3486821891100156
cg06535675	NK	(Intercept)	0.894910970235293	279.86719961696764	0.0
cg06535675	NK	disease	0.0014983133825331603	0.619897975807385	0.5355425374887836
cg06535675	NK	sexF	-0.0006827027421708138	-0.5499500955443954	0.5825428086352866
cg06535675	NK	age	7.309680927680809e-05	1.512624143351394	0.130861939235692
cg06535675	NK	smoking_current	-0.0008872012614905729	-0.610137627224359	0.541984217712641
cg06535675	NK	smoking_ex	0.0006127753998774023	0.4352126032353292	0.6635528059291227
cg06535675	NK	smoking_occasional	0.0007184674329768091	0.354657031556521	0.7229617553869264
cg06535675	NK	NK_proportion	0.025270713121117682	1.466369170912017	0.14303209053115334
cg06535675	NK	disease:NK_proportion	-0.012191069748970523	-0.43697750451411665	0.66227301583366
cg06535675	Nue	(Intercept)	0.8972682496560402	168.16766216243894	0.0
cg06535675	Nue	disease	-0.00041645530217029186	-0.06403585406125546	0.9489613958983815
cg06535675	Nue	sexF	-0.0009058021419401071	-0.7390172611691724	0.4601637022143332
cg06535675	Nue	age	8.81712755149069e-05	1.8557303903820264	0.06394512464011635
cg06535675	Nue	smoking_current	-0.001201861489211635	-0.832342117898139	0.40552202993626674
cg06535675	Nue	smoking_ex	0.0005516697985260485	0.39011637099852164	0.6965784981146342
cg06535675	Nue	smoking_occasional	0.0007609481541343401	0.3742718734676184	0.7083243048569133
cg06535675	Nue	Nue_proportion	-0.0010538045367386427	-0.13447599326348617	0.89306788517478
cg06535675	Nue	disease:Nue_proportion	0.0009869672082878263	0.09119983664878457	0.9273619455408394
cg06535675	Eos	(Intercept)	0.896360574882241	301.7466781943606	0.0
cg06535675	Eos	disease	0.0005122566068443378	0.435376328490088	0.6634340416810967
cg06535675	Eos	sexF	-0.0009120854744352454	-0.7449011107555495	0.45660115765976506
cg06535675	Eos	age	8.706879166615737e-05	1.8409159889233166	0.06609014902842077
cg06535675	Eos	smoking_current	-0.0012497706481558986	-0.8685709264721991	0.385402935042772
cg06535675	Eos	smoking_ex	0.0005706564249160287	0.4041898047958369	0.686206308295171
cg06535675	Eos	smoking_occasional	0.0007026468900232093	0.3462434091536057	0.7292720128517851
cg06535675	Eos	Eos_proportion	0.03585420810176877	1.0027069881324457	0.31637595704730664
cg06535675	Eos	disease:Eos_proportion	-0.03431879558528003	-0.750894107166707	0.45298855455722953
cg13848568	CD4.	(Intercept)	0.0727993286045024	17.800844802284466	5.053540001220231e-58
cg13848568	CD4.	disease	0.0006443912495401393	0.22545140956232318	0.8216990952874788
cg13848568	CD4.	sexF	-0.0030965437890799266	-2.0749879317341358	0.03838109892971313
cg13848568	CD4.	age	-1.352517207664967e-05	-0.2356816672880195	0.8137540480282609
cg13848568	CD4.	smoking_current	-0.0003736477743099892	-0.2130763443792483	0.8313343280770109
cg13848568	CD4.	smoking_ex	-0.0010306271081039079	-0.6019048691192715	0.5474476703364426
cg13848568	CD4.	smoking_occasional	-0.0018592133935105093	-0.7541201380253426	0.4510506065402371
cg13848568	CD4.	CD4._proportion	0.0010688199282599545	0.06341584750832929	0.9494548944166751
cg13848568	CD4.	disease:CD4._proportion	0.015264130133979766	0.6036096075088079	0.5463141276131909
cg13848568	CD8.	(Intercept)	0.07905765104936702	19.787453696325393	1.5110249295209534e-68
cg13848568	CD8.	disease	-0.00034645290242394354	-0.13466650696499527	0.8929173075067109
cg13848568	CD8.	sexF	-0.002622844008465764	-1.7851299342771711	0.07470716241070671
cg13848568	CD8.	age	-2.4821644813642515e-05	-0.4378035067370654	0.6616743926150612
cg13848568	CD8.	smoking_current	-0.0003640163906691161	-0.21091553061593815	0.833019391432306
cg13848568	CD8.	smoking_ex	-0.0012656863560953366	-0.747114948398344	0.4552647602087404
cg13848568	CD8.	smoking_occasional	-0.0016048369501162742	-0.6594075368488711	0.5098680115819053
cg13848568	CD8.	CD8._proportion	-0.062091107241178646	-3.342018450663922	0.000879464281007064
cg13848568	CD8.	disease:CD8._proportion	0.00854034849568922	0.3099962781373047	0.7566633005008567
cg13848568	mono	(Intercept)	0.07826038202800047	16.740452310395895	1.4787748537575398e-52
cg13848568	mono	disease	-0.0010509277506215928	-0.24055054570625278	0.8099794494844224
cg13848568	mono	sexF	-0.0034775905732970704	-2.312720642464525	0.02104988669003728
cg13848568	mono	age	-5.2579896647184695e-06	-0.09154593653559982	0.9270870558341499
cg13848568	mono	smoking_current	-0.00045546887912382706	-0.26106380409104585	0.7941261228142769
cg13848568	mono	smoking_ex	-0.0010642164925457448	-0.6235699588211593	0.5331291334929025
cg13848568	mono	smoking_occasional	-0.0018483321610782864	-0.7521221024013603	0.4522503157904303
cg13848568	mono	mono_proportion	-0.07890870359313122	-1.7800918142818203	0.07552871681754343
cg13848568	mono	disease:mono_proportion	0.04447848342366111	0.7580630069387868	0.44868843787622836
cg13848568	Bcells	(Intercept)	0.07655524139121805	17.758809526314337	8.366556442855418e-58
cg13848568	Bcells	disease	0.0004115470283113309	0.10982390187689758	0.912582984409509
cg13848568	Bcells	sexF	-0.002967736663065096	-2.0009354507149535	0.04581533303660557
cg13848568	Bcells	age	-1.2508959819141107e-05	-0.21823338144108123	0.8273158787926767
cg13848568	Bcells	smoking_current	-0.00012253425175920473	-0.07030449802593283	0.9439729596660387
cg13848568	Bcells	smoking_ex	-0.000988782821885289	-0.5789873588404332	0.562798590852169
cg13848568	Bcells	smoking_occasional	-0.0017727591533629019	-0.7196604743882786	0.47199313767536466
cg13848568	Bcells	Bcells_proportion	-0.05403875100287922	-1.549168686235334	0.12182865015261957
cg13848568	Bcells	disease:Bcells_proportion	0.013958305480955661	0.2596997270614914	0.7951777636093149
cg13848568	NK	(Intercept)	0.07331484686140909	18.8883826846276	9.592749398863124e-64
cg13848568	NK	disease	0.0037610991856817664	1.2819261808911895	0.20032629202348945
cg13848568	NK	sexF	-0.003384575052100021	-2.2460863808344658	0.02503404682317014
cg13848568	NK	age	5.42930819741521e-08	0.0009255668129166848	0.9992617890550214
cg13848568	NK	smoking_current	-0.0005862063776097192	-0.33211375899803863	0.7399105919185438
cg13848568	NK	smoking_ex	-0.0009888419969230758	-0.5785724041156901	0.5630784495921536
cg13848568	NK	smoking_occasional	-0.0017151717724928103	-0.6974928811414643	0.4857441806569962
cg13848568	NK	NK_proportion	-0.00942917746779533	-0.4507443634496076	0.6523243525360822
cg13848568	NK	disease:NK_proportion	-0.030498751728287456	-0.9005959712145204	0.3681372371707454
cg13848568	Nue	(Intercept)	0.05556727684634237	8.676876218382844	3.264568261956259e-17
cg13848568	Nue	disease	0.006339334713493606	0.8121244670306812	0.4170179886460129
cg13848568	Nue	sexF	-0.003072061671144899	-2.088215284636463	0.03716763981589954
cg13848568	Nue	age	4.78850498944051e-06	0.0839676120044603	0.933108075727883
cg13848568	Nue	smoking_current	-0.000462991484795309	-0.2671434663133999	0.7894435677312218
cg13848568	Nue	smoking_ex	-0.0010571246576377025	-0.6228239020127913	0.5336190313553553
cg13848568	Nue	smoking_occasional	-0.0014487506373014542	-0.5936765088148585	0.5529353497576524
cg13848568	Nue	Nue_proportion	0.030127919881766975	3.2031549367482963	0.001425807183276793
cg13848568	Nue	disease:Nue_proportion	-0.011504722905890236	-0.8857101086382676	0.37610180825619954
cg13848568	Eos	(Intercept)	0.0736671130519718	20.575749501911712	8.397174929402852e-73
cg13848568	Eos	disease	0.0009743435872254494	0.6870868510341166	0.4922734383657331
cg13848568	Eos	sexF	-0.0030312813734898634	-2.0540527639796005	0.04037060292210219
cg13848568	Eos	age	-7.5722817381495716e-06	-0.13283743422752486	0.8943631236775502
cg13848568	Eos	smoking_current	1.624548052296844e-05	0.009367631350339122	0.9925286996138815
cg13848568	Eos	smoking_ex	-0.000883943625164364	-0.5194664140942077	0.603612637608826
cg13848568	Eos	smoking_occasional	-0.0014483870536294114	-0.592176655900896	0.5539385411152133
cg13848568	Eos	Eos_proportion	-0.11328243174803873	-2.6285650673620378	0.00877751010255951
cg13848568	Eos	disease:Eos_proportion	0.05164004827494144	0.9374660736614329	0.3488675923313824
cg20149137	CD4.	(Intercept)	0.06480629298963198	27.049889563948692	1.755788347252672e-108
cg20149137	CD4.	disease	0.000132399993320201	0.07907266215134214	0.9369992018549123
cg20149137	CD4.	sexF	-0.0016633917764510675	-1.902689738917169	0.05752334568773196
cg20149137	CD4.	age	-1.6970515134169393e-05	-0.5047927452429078	0.6138757648521019
cg20149137	CD4.	smoking_current	3.223636354871993e-05	0.03138007369737811	0.9749760798060898
cg20149137	CD4.	smoking_ex	-0.0014041132918691708	-1.3997920495490563	0.16205341647962954
cg20149137	CD4.	smoking_occasional	-0.0006297542644823386	-0.43603112638899655	0.6629591442531189
cg20149137	CD4.	CD4._proportion	-0.018702716855333333	-1.894231410614758	0.058638644981825215
cg20149137	CD4.	disease:CD4._proportion	0.002645178801010872	0.17855589543129127	0.858342150711959
cg20149137	CD8.	(Intercept)	0.06441015484997216	27.091462385968722	1.0342042374069928e-108
cg20149137	CD8.	disease	-0.00019328425410436055	-0.1262536572484743	0.8995702410024908
cg20149137	CD8.	sexF	-0.0017773793958296765	-2.032870025263763	0.04247216968602117
cg20149137	CD8.	age	-1.7553735497956233e-05	-0.520295811230752	0.603034851192895
cg20149137	CD8.	smoking_current	-0.00022920982827891024	-0.22317880961807698	0.8234665691628995
cg20149137	CD8.	smoking_ex	-0.0016350386959926163	-1.6218902506360866	0.10531251538948624
cg20149137	CD8.	smoking_occasional	-0.000819108173655608	-0.5655830057814657	0.5718727598302535
cg20149137	CD8.	CD8._proportion	-0.016476194561087284	-1.490281982338089	0.13663593170857122
cg20149137	CD8.	disease:CD8._proportion	0.011832033904843468	0.7217260693997462	0.4707228464883193
cg20149137	mono	(Intercept)	0.06332444119337771	23.020127569271903	3.5031613795633395e-86
cg20149137	mono	disease	0.003523952772529979	1.3708019113800163	0.1709105845435208
cg20149137	mono	sexF	-0.002042849386919505	-2.3088313508345393	0.021266213859131928
cg20149137	mono	age	-1.5069742694445104e-05	-0.4458988132323586	0.6558190544122396
cg20149137	mono	smoking_current	-0.00019711732219329295	-0.19201001432986484	0.8477944218466503
cg20149137	mono	smoking_ex	-0.0015289667607943664	-1.522524812231685	0.12836470931554933
cg20149137	mono	smoking_occasional	-0.000891571273274268	-0.6165602661692414	0.5377410175557316
cg20149137	mono	mono_proportion	-0.006280796664176119	-0.2407927263322562	0.8097918137454239
cg20149137	mono	disease:mono_proportion	-0.03343603636790188	-0.9684590402790269	0.33317592870513535
cg20149137	Bcells	(Intercept)	0.06285121904764866	24.78114162651342	6.424658152766233e-96
cg20149137	Bcells	disease	0.003346926298776125	1.5180715232255984	0.12948332245133606
cg20149137	Bcells	sexF	-0.0018513360458128117	-2.1215909733531504	0.0342504339999264
cg20149137	Bcells	age	-1.7349489856314545e-05	-0.5144644606759367	0.6071024438481274
cg20149137	Bcells	smoking_current	-8.114918051186943e-05	-0.07913679037601803	0.9369482146639172
cg20149137	Bcells	smoking_ex	-0.0014797619964824439	-1.4727489563736986	0.14130352910495814
cg20149137	Bcells	smoking_occasional	-0.0006582341377867459	-0.4541789497601441	0.6498518836433108
cg20149137	Bcells	Bcells_proportion	-0.0007556838580494646	-0.0368215645654033	0.9706386023104254
cg20149137	Bcells	disease:Bcells_proportion	-0.038453508664854204	-1.2160276569556514	0.22441649234650485
cg20149137	NK	(Intercept)	0.06383593154929099	27.96465031130341	1.5578347371651426e-113
cg20149137	NK	disease	0.0004228217362976721	0.2450455878630203	0.8064985937435564
cg20149137	NK	sexF	-0.0020165527615253103	-2.2754811718386567	0.023202237748461824
cg20149137	NK	age	-5.201580537477382e-06	-0.15077868708141964	0.8801971500040723
cg20149137	NK	smoking_current	-0.0003863909964289127	-0.37222426282877186	0.7098473930155684
cg20149137	NK	smoking_ex	-0.0015714432277641416	-1.5634027065418	0.11844535762365681
cg20149137	NK	smoking_occasional	-0.0007669551769052445	-0.5303267005998534	0.596066835518291
cg20149137	NK	NK_proportion	-0.01564948835904599	-1.2720318614638946	0.20381739240694965
cg20149137	NK	disease:NK_proportion	0.004047223451079016	0.20321065202910518	0.8390340819451065
cg20149137	Nue	(Intercept)	0.0545893618639807	14.437865828594413	3.527952534471138e-41
cg20149137	Nue	disease	0.0033173523594199443	0.7198155286030709	0.4718977173840514
cg20149137	Nue	sexF	-0.001881984894601208	-2.1667667866727567	0.030615789250717562
cg20149137	Nue	age	-6.955841587166482e-06	-0.20659139913944238	0.8363937732884863
cg20149137	Nue	smoking_current	-0.00027545509005285875	-0.2691987576590813	0.7878622957012476
cg20149137	Nue	smoking_ex	-0.0015707227637228886	-1.567434140873079	0.11750066695071391
cg20149137	Nue	smoking_occasional	-0.0006574963100626984	-0.4563522968058718	0.6482893397797815
cg20149137	Nue	Nue_proportion	0.014294638292500194	2.57414297387431	0.010269490565621596
cg20149137	Nue	disease:Nue_proportion	-0.0056996280646378775	-0.743211892965106	0.45762234967248583
cg20149137	Eos	(Intercept)	0.06291975798053044	29.675848920544045	6.134474002634244e-123
cg20149137	Eos	disease	0.0007676207011185606	0.9140717333458473	0.36101861320280726
cg20149137	Eos	sexF	-0.0018306824412162213	-2.0947512353360254	0.03658022545334568
cg20149137	Eos	age	-1.5168389395265531e-05	-0.44933192685398554	0.6533422429753029
cg20149137	Eos	smoking_current	-0.0001802746871389291	-0.175535950259055	0.8607132776608761
cg20149137	Eos	smoking_ex	-0.0015908354124757997	-1.5786732499119691	0.11489827308372831
cg20149137	Eos	smoking_occasional	-0.0008013687063584041	-0.5532649048871987	0.5802725605729917
cg20149137	Eos	Eos_proportion	-0.015242313097027555	-0.5972293492119426	0.5505625662962795
cg20149137	Eos	disease:Eos_proportion	0.030229714593103182	0.9266955162185412	0.35442912303665686
cg03341469	CD4.	(Intercept)	0.1894232011842197	14.925295013384947	1.5991386106229982e-43
cg03341469	CD4.	disease	0.01988199517831819	2.241505440942763	0.025330540648204298
cg03341469	CD4.	sexF	-0.0021239284067458373	-0.45862184319746535	0.6466592881378068
cg03341469	CD4.	age	-0.00044392804245667176	-2.4927119465031193	0.012925357020672233
cg03341469	CD4.	smoking_current	-0.0003288269076834942	-0.060425005495147156	0.9518357454655946
cg03341469	CD4.	smoking_ex	-0.004068506385650931	-0.765663262972244	0.44415505072433903
cg03341469	CD4.	smoking_occasional	-0.0012066490146007732	-0.1577134653049442	0.8747316450381544
cg03341469	CD4.	CD4._proportion	-0.0028745482315075503	-0.05495906945600222	0.9561879862581906
cg03341469	CD4.	disease:CD4._proportion	-0.1353718936448817	-1.725000004256116	0.08500354608948499
cg03341469	CD8.	(Intercept)	0.20623250040728727	16.672480892129602	3.2808366837701536e-52
cg03341469	CD8.	disease	0.01253427927008049	1.5736635083651545	0.11605259952995428
cg03341469	CD8.	sexF	-0.0015589373377032215	-0.3427071342420509	0.7319297611862242
cg03341469	CD8.	age	-0.0004870893849842504	-2.774945514651574	0.005680035265846249
cg03341469	CD8.	smoking_current	-0.0014897242123291816	-0.2787986156805611	0.7804881881268174
cg03341469	CD8.	smoking_ex	-0.004836775830931585	-0.9221772480325449	0.3567788142140934
cg03341469	CD8.	smoking_occasional	-0.000883313071322762	-0.11722892022409184	0.9067149183485499
cg03341469	CD8.	CD8._proportion	-0.15701354194824846	-2.729692115546793	0.0065112682287699186
cg03341469	CD8.	disease:CD8._proportion	-0.11573652783204676	-1.356901904306707	0.175284125539831
cg03341469	mono	(Intercept)	0.18340897846914198	12.570923086403551	1.3647821279592204e-32
cg03341469	mono	disease	0.023637903957343904	1.7336594966066348	0.08345342827267471
cg03341469	mono	sexF	-0.0029064771945536277	-0.6193455182216003	0.5359061161230263
cg03341469	mono	age	-0.0004545039083034932	-2.535585845593834	0.011459468759667408
cg03341469	mono	smoking_current	-0.0013663552248138287	-0.2509417535346621	0.8019385693201843
cg03341469	mono	smoking_ex	-0.004367573459432556	-0.8200055095196409	0.41251401671326127
cg03341469	mono	smoking_occasional	-0.0023494080657956787	-0.306329018372408	0.7594523918599371
cg03341469	mono	mono_proportion	0.10561138893126054	0.7633955108908389	0.4455049652065095
cg03341469	mono	disease:mono_proportion	-0.20772614787270344	-1.13440427211266	0.2570438264018097
cg03341469	Bcells	(Intercept)	0.18351259621270283	13.689462141155046	1.1695336559353173e-37
cg03341469	Bcells	disease	0.032504679723126303	2.7893619816361275	0.005436128363518192
cg03341469	Bcells	sexF	-0.0030089267043642413	-0.6523804112546676	0.5143867891153413
cg03341469	Bcells	age	-0.00046025236940816885	-2.5821270309356277	0.010037323215799239
cg03341469	Bcells	smoking_current	-0.0011005362469430453	-0.2030539986161334	0.8391564699957057
cg03341469	Bcells	smoking_ex	-0.004045228340439704	-0.7617155067010549	0.44650652302843474
cg03341469	Bcells	smoking_occasional	-0.0008476737028021136	-0.11065937457993513	0.911920673451087
cg03341469	Bcells	Bcells_proportion	0.10117981794328502	0.9327577960951833	0.35129190817759104
cg03341469	Bcells	disease:Bcells_proportion	-0.3736428029845146	-2.2355119851324354	0.025723053530342353
cg03341469	NK	(Intercept)	0.19936657191617074	16.546910705617233	1.4251936197515225e-51
cg03341469	NK	disease	0.0062432245547984514	0.6855181016255474	0.49326182558323295
cg03341469	NK	sexF	-0.004714784762134228	-1.0079660799306938	0.31384639529904657
cg03341469	NK	age	-0.0003434720699505344	-1.8863246798638833	0.05969743188539821
cg03341469	NK	smoking_current	-0.0038399630522139407	-0.7008500609226442	0.4836477847531573
cg03341469	NK	smoking_ex	-0.004868815919865079	-0.9177320697176665	0.3591000717664108
cg03341469	NK	smoking_occasional	-0.001866465805492389	-0.24451974670994672	0.8069055959274022
cg03341469	NK	NK_proportion	-0.13531055640700176	-2.083770643783484	0.03757168118305914
cg03341469	NK	disease:NK_proportion	-0.004381380683315301	-0.04167932385815037	0.9667671556458943
cg03341469	Nue	(Intercept)	0.15720656504471625	7.92249470792987	1.0146081850487909e-14
cg03341469	Nue	disease	-0.03516054015799122	-1.4537222633612172	0.14650670665257745
cg03341469	Nue	sexF	-0.0034878048916831836	-0.765146355911878	0.444462541550658
cg03341469	Nue	age	-0.0004024308580976269	-2.2774566754600367	0.023083423512501793
cg03341469	Nue	smoking_current	-0.001284039754208481	-0.23910960078481724	0.8110960850251742
cg03341469	Nue	smoking_ex	-0.00375629268115643	-0.7142421626190649	0.47533424874780517
cg03341469	Nue	smoking_occasional	-0.00020346486520507858	-0.026908695304126255	0.9785408300038696
cg03341469	Nue	Nue_proportion	0.056595313127058136	1.9419420090794468	0.052576466137606706
cg03341469	Nue	disease:Nue_proportion	0.060164707190002394	1.494872790788056	0.13543369819816722
cg03341469	Eos	(Intercept)	0.19050292739633856	16.95204282995514	1.2276870503682268e-53
cg03341469	Eos	disease	0.00849637807289363	1.908849592450799	0.056722291194436184
cg03341469	Eos	sexF	-0.0029198313705936663	-0.6303496103455306	0.5286877521168268
cg03341469	Eos	age	-0.00044133098812895293	-2.4665874119981535	0.013898006622013492
cg03341469	Eos	smoking_current	-0.0015534314435282715	-0.2853827344997493	0.775441986296842
cg03341469	Eos	smoking_ex	-0.004525417053208306	-0.8472857229358576	0.39714822087336954
cg03341469	Eos	smoking_occasional	-0.002061259669118109	-0.26849594347261124	0.7884029190610172
cg03341469	Eos	Eos_proportion	-0.03511546592392539	-0.25959300027012167	0.7952600608314471
cg03341469	Eos	disease:Eos_proportion	0.027891837251421706	0.16131858966178894	0.8718926868731356
cg07221518	CD4.	(Intercept)	0.7888690743885639	142.7699311675673	0.0
cg07221518	CD4.	disease	-0.005683523012585578	-1.4717685652300763	0.1415681083557565
cg07221518	CD4.	sexF	-0.004876350306076054	-2.418531930539028	0.01585743874712492
cg07221518	CD4.	age	0.0001542509611743559	1.9894336566966586	0.0470726548919649
cg07221518	CD4.	smoking_current	0.0033371070711550495	1.4085152654504258	0.15945742507550115
cg07221518	CD4.	smoking_ex	0.0007460135167806281	0.32247167321066683	0.7471992472061866
cg07221518	CD4.	smoking_occasional	0.003356123639158555	1.0075528370368774	0.3140446761570319
cg07221518	CD4.	CD4._proportion	-0.06329003366054285	-2.779375111705889	0.00560405982819495
cg07221518	CD4.	disease:CD4._proportion	0.021531355548525866	0.6301936687545715	0.5287896976418934
cg07221518	CD8.	(Intercept)	0.7768472620525081	142.0579550335814	0.0
cg07221518	CD8.	disease	-0.0019044293258795226	-0.5408342238656584	0.5888074209278304
cg07221518	CD8.	sexF	-0.005820287536334439	-2.894181245803344	0.003929110955056444
cg07221518	CD8.	age	0.0001708404114997928	2.201522873053033	0.02805021150274707
cg07221518	CD8.	smoking_current	0.0028136274706727603	1.19107231541941	0.23406061901803946
cg07221518	CD8.	smoking_ex	0.0005005642939986234	0.2158763711260648	0.8291519450310363
cg07221518	CD8.	smoking_occasional	0.002568542338307111	0.7710696947403812	0.44094624672546245
cg07221518	CD8.	CD8._proportion	0.049092442075412926	1.930536375798082	0.05397573230907105
cg07221518	CD8.	disease:CD8._proportion	0.023865159848761808	0.6328913332647542	0.5270275368744051
cg07221518	mono	(Intercept)	0.7768986178451658	121.87507025173633	0.0
cg07221518	mono	disease	0.003313619634572204	0.5562390147124546	0.5782391946211272
cg07221518	mono	sexF	-0.005116406766454357	-2.4953708483489816	0.012829829677465952
cg07221518	mono	age	0.0001506970848465383	1.9241968566539551	0.054766857949604814
cg07221518	mono	smoking_current	0.0030055287991228993	1.2633804534221913	0.2069061366900492
cg07221518	mono	smoking_ex	0.00045129227709547965	0.19392705697987747	0.846293678690004
cg07221518	mono	smoking_occasional	0.0029001017200666404	0.865459735652653	0.38710630702713356
cg07221518	mono	mono_proportion	0.07282983500435365	1.2049031135437709	0.22867988231079472
cg07221518	mono	disease:mono_proportion	-0.0711136728219558	-0.8888607888369873	0.37440722578224617
cg07221518	Bcells	(Intercept)	0.7901047884199764	135.0237527742344	0.0
cg07221518	Bcells	disease	-0.012244566089739357	-2.4071733163815785	0.016354724727265093
cg07221518	Bcells	sexF	-0.005351725553536169	-2.658202806637134	0.008049421444624663
cg07221518	Bcells	age	0.00016641369239191758	2.1388267289073486	0.03282229892999512
cg07221518	Bcells	smoking_current	0.00278394089046088	1.176717412748549	0.23973971420452833
cg07221518	Bcells	smoking_ex	0.00017432359701532226	0.07519879979759284	0.9400797123235258
cg07221518	Bcells	smoking_occasional	0.0023847597048911647	0.713196331649947	0.4759806370951696
cg07221518	Bcells	Bcells_proportion	-0.12042415673383496	-2.5432765252031055	0.011212758170784218
cg07221518	Bcells	disease:Bcells_proportion	0.1544086760763279	2.116396600609242	0.03469113844220738
cg07221518	NK	(Intercept)	0.7791767504773008	148.0111581896926	0.0
cg07221518	NK	disease	-0.003569689177864455	-0.897086381201742	0.37000547195772293
cg07221518	NK	sexF	-0.004529964364603748	-2.2165254465407886	0.027001493010536667
cg07221518	NK	age	0.00011875907839253727	1.4927453530189139	0.13598980592877022
cg07221518	NK	smoking_current	0.0037742772316451956	1.5766153721844518	0.11537134139616186
cg07221518	NK	smoking_ex	0.00045740350682226547	0.19732673623457378	0.8436336412283763
cg07221518	NK	smoking_occasional	0.002778766258451275	0.8331818597940767	0.40504868570860664
cg07221518	NK	NK_proportion	0.041638367750934435	1.467593642458201	0.14269907278868388
cg07221518	NK	disease:NK_proportion	0.04178683988481584	0.9097940547952097	0.3632688802013514
cg07221518	Nue	(Intercept)	0.7799641624740181	88.67917523485907	0.0
cg07221518	Nue	disease	0.013149342597692501	1.2265511435138798	0.22043614427779842
cg07221518	Nue	sexF	-0.005323892648665541	-2.634980097191595	0.00861509423917855
cg07221518	Nue	age	0.00015908261321028556	2.031127954631597	0.042649056881399146
cg07221518	Nue	smoking_current	0.0025688716630024346	1.0792366130406195	0.280883186318814
cg07221518	Nue	smoking_ex	0.00010565726913476731	0.04532534919766096	0.9638619248680523
cg07221518	Nue	smoking_occasional	0.002544830071232056	0.7593075561303989	0.44794429379314094
cg07221518	Nue	Nue_proportion	0.003590188136303597	0.2779257042179257	0.7811579065884533
cg07221518	Nue	disease:Nue_proportion	-0.023521519743225458	-1.3185102968238442	0.18779798317623148
cg07221518	Eos	(Intercept)	0.781680582314115	159.5220195665058	0.0
cg07221518	Eos	disease	-0.0016796962995397468	-0.8654452003454023	0.3871142758704319
cg07221518	Eos	sexF	-0.005368731762942516	-2.6580696244469326	0.008052568212862772
cg07221518	Eos	age	0.00015597950594633625	1.9992658916374333	0.045996063021710464
cg07221518	Eos	smoking_current	0.0026069174141995378	1.0983324241792614	0.27246665609109527
cg07221518	Eos	smoking_ex	0.0001590006092317929	0.06827174382580828	0.9455903448781191
cg07221518	Eos	smoking_occasional	0.0026790217536392285	0.8002988466327019	0.42383051699169383
cg07221518	Eos	Eos_proportion	0.03382594411456497	0.5734761987609129	0.5665209696107543
cg07221518	Eos	disease:Eos_proportion	0.04018014275880091	0.5329539651570183	0.5942478866599539
cg15684811	CD4.	(Intercept)	0.10892403885367921	32.485958664175214	3.411413598647021e-138
cg15684811	CD4.	disease	0.0033589464798400148	1.4333924606434993	0.15222727082580623
cg15684811	CD4.	sexF	-0.008204542638145735	-6.705812975752587	4.360044525720075e-11
cg15684811	CD4.	age	-0.00015651618475201614	-3.3266029385020532	0.0009287098422816241
cg15684811	CD4.	smoking_current	4.896734228785845e-05	0.034059485404318024	0.9728401879685228
cg15684811	CD4.	smoking_ex	-0.0003797140579529201	-0.2704840636907875	0.7868738692296151
cg15684811	CD4.	smoking_occasional	-0.0012482027196909252	-0.617525839501031	0.5371045477506204
cg15684811	CD4.	CD4._proportion	0.03084929590518576	2.2325295999266226	0.0259203277757295
cg15684811	CD4.	disease:CD4._proportion	-0.01459482122183306	-0.7039496129463564	0.4817166421928655
cg15684811	CD8.	(Intercept)	0.12020981202455801	37.5641539775823	6.259072970068352e-165
cg15684811	CD8.	disease	-0.00032484240145021096	-0.15764339989244053	0.874786836184565
cg15684811	CD8.	sexF	-0.007427199087764865	-6.311173578919353	5.130852460063448e-10
cg15684811	CD8.	age	-0.00017483425595723012	-3.8500192209036204	0.00012980273290462573
cg15684811	CD8.	smoking_current	0.0001642925797922534	0.11884837793646151	0.9054322565374615
cg15684811	CD8.	smoking_ex	-0.0005053521980414665	-0.3724287294172031	0.7096952508899241
cg15684811	CD8.	smoking_occasional	-0.000731077026324435	-0.37503674198881093	0.7077556669268543
cg15684811	CD8.	CD8._proportion	-0.07728963043240734	-5.193837507935666	2.7609358944222365e-07
cg15684811	CD8.	disease:CD8._proportion	-0.0101129374508051	-0.45829582079513687	0.646893342263281
cg15684811	mono	(Intercept)	0.11310509082111263	29.38810692142109	2.3126898736157418e-121
cg15684811	mono	disease	0.005116926098809397	1.4226788168842508	0.1553097479864601
cg15684811	mono	sexF	-0.00825342021604434	-6.667191327944029	5.5803589634033844e-11
cg15684811	mono	age	-0.00015784287964469055	-3.338170949221869	0.0008915228037764632
cg15684811	mono	smoking_current	0.00021663657269007232	0.1508286917452194	0.880157719035221
cg15684811	mono	smoking_ex	-0.0002028643701643081	-0.1443860416267002	0.8852404623574279
cg15684811	mono	smoking_occasional	-0.001194003732741663	-0.5901715222788892	0.555281088022213
cg15684811	mono	mono_proportion	-0.007417206314756954	-0.20324603789212844	0.83900643669882
cg15684811	mono	disease:mono_proportion	-0.05524324295366063	-1.1436647412656828	0.2531843619950312
cg15684811	Bcells	(Intercept)	0.11348469851390122	31.96805364786613	2.104810003566763e-135
cg15684811	Bcells	disease	0.0032193223143268017	1.0432342275053341	0.29722825818484194
cg15684811	Bcells	sexF	-0.007952248720565293	-6.510849248490929	1.497008404052155e-10
cg15684811	Bcells	age	-0.0001601040591559241	-3.3918941856416116	0.0007362656429615649
cg15684811	Bcells	smoking_current	0.00038347404222560156	0.2671785251344688	0.7894165873448786
cg15684811	Bcells	smoking_ex	-0.00015459891933790516	-0.10992958563690261	0.9124992015049804
cg15684811	Bcells	smoking_occasional	-0.000896130507630609	-0.4417628031391572	0.6588080121913789
cg15684811	Bcells	Bcells_proportion	-0.015193123141252863	-0.5289083620488503	0.5970498577076412
cg15684811	Bcells	disease:Bcells_proportion	-0.03928113497577772	-0.8874886145763272	0.3751446624613145
cg15684811	NK	(Intercept)	0.11639075199271359	36.7117208831272	1.5813239183877816e-160
cg15684811	NK	disease	-0.0022404340297678365	-0.9348971126878455	0.3501890399389428
cg15684811	NK	sexF	-0.008448761267730875	-6.86433976266302	1.5639580477596266e-11
cg15684811	NK	age	-0.000123294762512006	-2.573305419188343	0.010294121242569378
cg15684811	NK	smoking_current	-0.00046515179226950854	-0.3226372112342616	0.7470739200342811
cg15684811	NK	smoking_ex	-0.00036693140903406424	-0.2628446419448091	0.7927537431458704
cg15684811	NK	smoking_occasional	-0.0009453661996119175	-0.47066906679415244	0.638035220354594
cg15684811	NK	NK_proportion	-0.05747117720559249	-3.363489027212547	0.0008149098993986952
cg15684811	NK	disease:NK_proportion	0.029428006736168556	1.0638789335544587	0.2877792169714381
cg15684811	Nue	(Intercept)	0.09696258665001324	18.494172030595287	1.1695386762902173e-61
cg15684811	Nue	disease	0.0010289163569736444	0.16100723647783813	0.872137806128988
cg15684811	Nue	sexF	-0.00805535909768693	-6.6883140697021615	4.8765463469947486e-11
cg15684811	Nue	age	-0.00014163721546657745	-3.033721089756504	0.0025120619542461976
cg15684811	Nue	smoking_current	0.00011365758155095358	0.08010440086820311	0.9361789166454192
cg15684811	Nue	smoking_ex	-0.00020977463684826176	-0.15096576033614056	0.8800496356976018
cg15684811	Nue	smoking_occasional	-0.0006719912036872713	-0.33636145734743744	0.7367070360536419
cg15684811	Nue	Nue_proportion	0.026886672100028996	3.4916625233672534	0.0005125836719416746
cg15684811	Nue	disease:Nue_proportion	-0.004041642252348731	-0.38006661246810414	0.7040203145690284
cg15684811	Eos	(Intercept)	0.11307101271561829	38.23766706917759	2.2086956230674534e-168
cg15684811	Eos	disease	0.00020150128155030237	0.17204236780186835	0.8634578530966728
cg15684811	Eos	sexF	-0.007955479008597107	-6.526942262125708	1.3536362411458324e-10
cg15684811	Eos	age	-0.00015444956836624602	-3.280488393220459	0.0010917321546898145
cg15684811	Eos	smoking_current	0.00038235420558053074	0.2669446327024301	0.7895965898604635
cg15684811	Eos	smoking_ex	-0.0002249980583109325	-0.1600920507860175	0.8728583762229808
cg15684811	Eos	smoking_occasional	-0.00087764098071252	-0.43445183426004175	0.6641047693306916
cg15684811	Eos	Eos_proportion	-0.08269319390758105	-2.32318624313703	0.020477293766630697
cg15684811	Eos	disease:Eos_proportion	0.06454783656536377	1.4187592404602642	0.15644925977184862
cg22803724	CD4.	(Intercept)	0.11107247347419828	17.434365408794825	4.0408283726083435e-56
cg22803724	CD4.	disease	0.0022395449752998717	0.5029786724368775	0.6151499115208773
cg22803724	CD4.	sexF	-0.007046425605644535	-3.0310540551824565	0.0025340410841785312
cg22803724	CD4.	age	3.4013656320750204e-05	0.38047207153289225	0.7037195169651607
cg22803724	CD4.	smoking_current	-0.004399964481344462	-1.6106770454688542	0.10773634995301358
cg22803724	CD4.	smoking_ex	-0.0032416057909324548	-1.215270500347364	0.2247048481004474
cg22803724	CD4.	smoking_occasional	-0.0004017484279451198	-0.10460488014182659	0.9167216608050959
cg22803724	CD4.	CD4._proportion	0.03461812517641965	1.3185095000486844	0.18779824957288307
cg22803724	CD4.	disease:CD4._proportion	0.0029456647970565178	0.07477456057968256	0.9404171244466198
cg22803724	CD8.	(Intercept)	0.11833959270603214	18.771539198806003	3.995725787512397e-63
cg22803724	CD8.	disease	0.0012838609238755385	0.3162694048973942	0.7518997230319748
cg22803724	CD8.	sexF	-0.006390153564128247	-2.7563380150946872	0.006009461586275249
cg22803724	CD8.	age	2.3117003584256043e-05	0.25840685403994845	0.796174853847932
cg22803724	CD8.	smoking_current	-0.003987978209229191	-1.4644151279552307	0.143564766388174
cg22803724	CD8.	smoking_ex	-0.0030901572582531286	-1.1560209856075983	0.2480979501321232
cg22803724	CD8.	smoking_occasional	0.00016247583906001768	0.042309275580814744	0.9662651639935926
cg22803724	CD8.	CD8._proportion	-0.034852341449564984	-1.1888722997223735	0.2349247356792021
cg22803724	CD8.	disease:CD8._proportion	-0.014684535732539968	-0.3378041001755306	0.7356200539614753
cg22803724	mono	(Intercept)	0.1240441176387927	16.99959608597401	7.006011898480753e-54
cg22803724	mono	disease	-0.008813219171392307	-1.292424734004291	0.19667005532289683
cg22803724	mono	sexF	-0.007204008321983558	-3.0694187135923894	0.00223422946803825
cg22803724	mono	age	4.628799990874127e-05	0.5163271513260655	0.6058018102736634
cg22803724	mono	smoking_current	-0.004343846364912429	-1.5951429702050381	0.11116708882049695
cg22803724	mono	smoking_ex	-0.003153693894752464	-1.1838916040505898	0.23688939960779418
cg22803724	mono	smoking_occasional	-5.635904880104867e-05	-0.014692956393204759	0.9882816542554409
cg22803724	mono	mono_proportion	-0.13683346547009168	-1.977639031150405	0.04839207587734571
cg22803724	mono	disease:mono_proportion	0.1447773384441284	1.580858961191935	0.11439749457583896
cg22803724	Bcells	(Intercept)	0.11606032294672208	17.20712971161782	6.0157159823432126e-55
cg22803724	Bcells	disease	0.0014676585892896272	0.2503157513420125	0.8024223942087566
cg22803724	Bcells	sexF	-0.006650279787988291	-2.8657174802913103	0.004295363810034615
cg22803724	Bcells	age	3.147530492119935e-05	0.3509584225755864	0.7257334341057073
cg22803724	Bcells	smoking_current	-0.00391756103372866	-1.4365710782168783	0.15132177270359112
cg22803724	Bcells	smoking_ex	-0.002974592522929024	-1.1132209985782762	0.26602566369671954
cg22803724	Bcells	smoking_occasional	-7.949548773770757e-06	-0.0020625578172259653	0.9983549519380076
cg22803724	Bcells	Bcells_proportion	-0.017956811258378606	-0.32900944381081326	0.7422546910367058
cg22803724	Bcells	disease:Bcells_proportion	-0.007655943097321273	-0.09103810942985442	0.9274904003055939
cg22803724	NK	(Intercept)	0.1156947683918581	19.0653218734846	1.1003057429563992e-64
cg22803724	NK	disease	0.00013864086553255504	0.030225053000857812	0.975896860413098
cg22803724	NK	sexF	-0.006722731088558817	-2.8536166127558613	0.004460263346235751
cg22803724	NK	age	3.819006863976003e-05	0.41642931752801243	0.6772335603679244
cg22803724	NK	smoking_current	-0.004100409273272111	-1.4859052445061462	0.13778977491718378
cg22803724	NK	smoking_ex	-0.0030227827226004607	-1.1312675327824	0.2583603500330372
cg22803724	NK	smoking_occasional	-2.444888446483311e-05	-0.006359438713988863	0.9949278904815414
cg22803724	NK	NK_proportion	-0.012591194773135531	-0.38499138939081046	0.7003699287620895
cg22803724	NK	disease:NK_proportion	0.011593762265210349	0.2189777077627783	0.8267362587253212
cg22803724	Nue	(Intercept)	0.10673110085778066	10.569205830794127	3.3617978916858955e-24
cg22803724	Nue	disease	0.0034270918249355766	0.27842724604252084	0.7807730918380826
cg22803724	Nue	sexF	-0.006692881528790708	-2.8851311309331784	0.004042356960042705
cg22803724	Nue	age	4.025259579817535e-05	0.44762344892144323	0.6545743438601769
cg22803724	Nue	smoking_current	-0.0040895383851845424	-1.4964179910876496	0.1350308911947434
cg22803724	Nue	smoking_ex	-0.0030263332474194204	-1.13074036559405	0.258582066896116
cg22803724	Nue	smoking_occasional	9.35322796049229e-05	0.024306634067594216	0.9806154929192652
cg22803724	Nue	Nue_proportion	0.014111673488138384	0.9514684598206308	0.3417208216503862
cg22803724	Nue	disease:Nue_proportion	-0.005577607458237195	-0.2723143096233565	0.785466967060656
cg22803724	Eos	(Intercept)	0.11570910716944573	20.653584895397923	3.1771892901111784e-73
cg22803724	Eos	disease	0.000430507086045753	0.19401070719316388	0.8462282063991452
cg22803724	Eos	sexF	-0.006725256320589559	-2.912326581227886	0.0037107102826401924
cg22803724	Eos	age	3.875766405075793e-05	0.43450741934396336	0.6640644342988096
cg22803724	Eos	smoking_current	-0.0036396683423721944	-1.341235157560088	0.18031328417736459
cg22803724	Eos	smoking_ex	-0.00278574476466964	-1.0462130110810826	0.2958521862986296
cg22803724	Eos	smoking_occasional	0.00034986717052571065	0.0914146350693751	0.9271913409498646
cg22803724	Eos	Eos_proportion	-0.12528711325285743	-1.857840644548358	0.06364431585637394
cg22803724	Eos	disease:Eos_proportion	0.02587312713711498	0.3001675434723244	0.7641454800933869
cg15553397	CD4.	(Intercept)	0.5615169110439923	87.01521267743513	0.0
cg15553397	CD4.	disease	-0.0057614669461295365	-1.2774840933452518	0.20188818268484235
cg15553397	CD4.	sexF	-0.0037643491863602707	-1.5986277874240462	0.11039003372717623
cg15553397	CD4.	age	0.0002584278668513327	2.853917741957441	0.004456091030941499
cg15553397	CD4.	smoking_current	0.008636443511131912	3.12123796128263	0.0018808870966585422
cg15553397	CD4.	smoking_ex	0.0018223472978084751	0.6744916045155654	0.5002390056600103
cg15553397	CD4.	smoking_occasional	-0.000667792991604782	-0.171661246520775	0.8637573643956895
cg15553397	CD4.	CD4._proportion	0.07122344462330497	2.6781527154737703	0.007590332632477992
cg15553397	CD4.	disease:CD4._proportion	0.07353955597942677	1.842995152990641	0.06578556207121135
cg15553397	CD8.	(Intercept)	0.5569295878471748	87.89199327639344	0.0
cg15553397	CD8.	disease	-0.0027083577257164346	-0.6637804164914409	0.5070665868743811
cg15553397	CD8.	sexF	-0.003481731536699517	-1.4941550581535015	0.13562111484090617
cg15553397	CD8.	age	0.00028147777424279426	3.13037095193932	0.00182422459149621
cg15553397	CD8.	smoking_current	0.010165407091102658	3.713773506013899	0.00022175790338014613
cg15553397	CD8.	smoking_ex	0.002900852300008366	1.0796673341880263	0.2806914153984412
cg15553397	CD8.	smoking_occasional	-0.00017626104908271715	-0.04566488411325324	0.9635914000819485
cg15553397	CD8.	CD8._proportion	0.11511953859586802	3.9068928148660196	0.00010329604249996794
cg15553397	CD8.	disease:CD8._proportion	0.0504160381820088	1.153858674052959	0.2489828473005886
cg15553397	mono	(Intercept)	0.5777909540042206	76.87003685051562	0.0
cg15553397	mono	disease	-0.021904910496594827	-3.118430690825805	0.0018986267273157654
cg15553397	mono	sexF	-0.002623635314636761	-1.0851988413977358	0.27823653112995866
cg15553397	mono	age	0.0002685372455228417	2.9079370471373838	0.00376250465528312
cg15553397	mono	smoking_current	0.00981213837811731	3.497943133218343	0.0005008827236488493
cg15553397	mono	smoking_ex	0.002363129583213807	0.8611996863842312	0.38944612893550257
cg15553397	mono	smoking_occasional	0.0008003731593040481	0.20256386443746693	0.839539420538783
cg15553397	mono	mono_proportion	-0.1419884217555122	-1.9921936584511875	0.04676832153445134
cg15553397	mono	disease:mono_proportion	0.2750726806115136	2.915841544514889	0.0036697047511625703
cg15553397	Bcells	(Intercept)	0.5672128316098739	81.34324996545368	0.0
cg15553397	Bcells	disease	-0.00155012735434569	-0.2557297968530875	0.7982405142805937
cg15553397	Bcells	sexF	-0.00259834181006079	-1.08303016398947	0.2791972395269299
cg15553397	Bcells	age	0.00025256773763994325	2.7240458469220976	0.006622333279162717
cg15553397	Bcells	smoking_current	0.01009837195051853	3.5819005659964764	0.00036662032882689406
cg15553397	Bcells	smoking_ex	0.0025717761955731905	0.9309747352339152	0.352212801737541
cg15553397	Bcells	smoking_occasional	0.000539119001762709	0.13530040845081975	0.8924163141684945
cg15553397	Bcells	Bcells_proportion	0.02044271759886678	0.3623002140585671	0.7172456408601582
cg15553397	Bcells	disease:Bcells_proportion	-0.009125432356018898	-0.1049612027789515	0.9164390242305207
cg15553397	NK	(Intercept)	0.5644701397076707	90.60697999932071	0.0
cg15553397	NK	disease	-0.004048548422867427	-0.8597365887168524	0.3902517172059997
cg15553397	NK	sexF	-0.001369491621455025	-0.5662386714081253	0.5714272854850727
cg15553397	NK	age	0.00019651607265557436	2.08727271601186	0.03725301313391812
cg15553397	NK	smoking_current	0.011481531377237038	4.0527889400462325	5.674710304445249e-05
cg15553397	NK	smoking_ex	0.0027132582401642505	0.9890990488758908	0.32298329204727705
cg15553397	NK	smoking_occasional	0.0003712038325395446	0.09405079075887171	0.9250978383358534
cg15553397	NK	NK_proportion	0.06391043718905562	1.903470385498797	0.057421308158156256
cg15553397	NK	disease:NK_proportion	0.0448433561832559	0.8250188759511843	0.40966400578505013
cg15553397	Nue	(Intercept)	0.607018184843528	60.793222708488166	3.82256238332391e-270
cg15553397	Nue	disease	0.018713735732297947	1.5376184478416721	0.12462930691434192
cg15553397	Nue	sexF	-0.0021713772514762872	-0.9466507880718737	0.34416907735707325
cg15553397	Nue	age	0.00020892339965645327	2.3496767464185204	0.019088397134944764
cg15553397	Nue	smoking_current	0.010206938817955317	3.77725444969933	0.00017313812148221153
cg15553397	Nue	smoking_ex	0.0022038622918507094	0.8327846259272336	0.4052725565167482
cg15553397	Nue	smoking_occasional	-0.0009491567595466894	-0.2494613948672588	0.803082832163051
cg15553397	Nue	Nue_proportion	-0.06647430818463873	-4.532854733192313	6.9291616756466085e-06
cg15553397	Nue	disease:Nue_proportion	-0.02285797722816938	-1.128658120918042	0.2594591128487115
cg15553397	Eos	(Intercept)	0.5673993921483472	98.04689793525047	0.0
cg15553397	Eos	disease	-0.001091989802637331	-0.4764102175726028	0.633942504433297
cg15553397	Eos	sexF	-0.0025380865096701175	-1.0640321328732756	0.28770986571578094
cg15553397	Eos	age	0.0002445250739625257	2.65387272761908	0.008152297807008841
cg15553397	Eos	smoking_current	0.009786759017728202	3.4913959386824085	0.0005130859322026852
cg15553397	Eos	smoking_ex	0.002425829829662919	0.8819748797732819	0.37811692481532033
cg15553397	Eos	smoking_occasional	8.841473348503197e-05	0.022364246436309167	0.9821642745009127
cg15553397	Eos	Eos_proportion	0.1600735960911501	2.297940866049475	0.0218823137589928
cg15553397	Eos	disease:Eos_proportion	-0.07068644970367594	-0.793904141911864	0.4275414147525327
