sigma_patient_squared,sigma_patient
1.3269984703508004,1.1519541962902866
1.1869523053052458,1.089473407341935
1.2548195283870727,1.1201872738016052
0.8342405203164799,0.9133676807926148
1.486834405851356,1.2193581942363598
1.7069200868169043,1.3064915180807353
0.8433577957151872,0.9183451397569364
2.506321390063427,1.5831365670918687
2.091151315277263,1.4460813653723856
1.5618418264833898,1.249736702863203
1.373751498469833,1.1720714562132435
0.8238894487384312,0.9076835620073943
0.9662982153514763,0.9830046873496974
1.3343011220147536,1.155119527154984
1.395199484808036,1.181185626736135
1.4395358902114903,1.1998066053374978
1.3446086576189222,1.159572618518962
1.3881698021721032,1.1782061798225738
1.413508231819876,1.188910523050358
2.108695729450129,1.4521348867960335
1.3455569638295655,1.1599814497782133
2.152212669416185,1.4670421498430728
0.8368997537903176,0.9148222525662116
1.9278654445326824,1.3884759430874856
1.282589932387008,1.1325148707134083
1.298482712825664,1.1395098563968913
1.3554855815324292,1.1642532291269065
1.3255168747605308,1.151310937479763
4.021202437850111,2.00529360390196
1.7017431155653355,1.304508764081459
1.3889087675908725,1.1785197357663861
1.4464814571862856,1.2026975751144946
1.861707931638435,1.3644441841418193
1.7912468545644429,1.3383747063376694
1.614219363325061,1.270519328198143
0.8019329491484992,0.8955070905071044
1.7201917863681795,1.3115608206896772
1.4620091571651113,1.2091357066785808
1.0021715850724309,1.0010852037026772
1.6871322364570036,1.298896545709859
1.6060989596504045,1.2673195964911157
1.243105866103222,1.1149465754479997
2.542873580776362,1.5946390126848025
1.1277639035976461,1.0619622891598581
1.8247151393764718,1.350820172849248
2.5004528841942073,1.5812820381558146
3.2009182287742504,1.7891110163358366
1.2556221351130783,1.1205454632066822
2.133432241129708,1.4606273450574956
2.265625151135857,1.5051993725536352
2.34165324394724,1.530246138353971
1.3959764985647198,1.1815144935906288
1.3295523545170609,1.1530621642032406
1.816042834666323,1.3476063351982
1.020873799660926,1.0103829965220743
1.7522906220425358,1.3237411461620945
2.8725619971345764,1.6948634154806035
1.2140488438678152,1.1018388465959146
1.8182492225020352,1.3484247188857208
2.046773424612861,1.4306548936109158
1.4275784592607486,1.1948131482624171
1.4570351968344193,1.2070771296128593
1.1896834912144478,1.0907261302519748
1.0194563503449894,1.0096813112784595
1.1030096070258366,1.0502426419765276
2.268012380574986,1.5059921582050106
2.5994141445887937,1.6122698733738077
1.4947465712273889,1.2225982869394953
1.6184275745905565,1.2721743491324435
1.7302546983577871,1.3153914620210165
1.3513244975864835,1.1624648371398094
1.4275735876487017,1.1948111096105114
2.300917097759377,1.5168774168532464
1.3535739773863888,1.1634319822776014
1.5880971979115086,1.2601972853134975
1.9960139668702748,1.4128035839670972
1.1333013745116252,1.0645662846960846
1.0354849375947666,1.0175878033834558
1.7937103758686386,1.3392947307701313
1.200874698544287,1.095844285719594
1.3820737701832049,1.1756163363033048
1.3280790084464875,1.1524231030513434
1.7417869989432502,1.319767782203843
1.3467436201157814,1.160492835012686
1.0498706047212985,1.0246319362196838
0.9992638118849254,0.9996318381708965
2.097393367402997,1.448238021667363
1.5092642564637937,1.2285211664695865
1.5528958627854434,1.2461524235764434
1.869930000594084,1.367453838560587
1.843006416182564,1.3575737240321661
1.3016299695169145,1.1408899901028646
1.4128312890622716,1.1886257985851862
1.0096519962708799,1.0048144088690607
0.9850594282049299,0.9925016011095045
2.782810812273364,1.6681758936854842
2.5936656515225947,1.6104861537817066
1.2459403241359028,1.116216970008924
1.2519956721722125,1.1189261245373676
1.620073333537761,1.2728210139441292
1.163548674286879,1.0786791340741133
1.8450817178276184,1.3583378511355775
1.7648700794269025,1.3284841284060953
2.603087242218384,1.613408578822607
1.491913164097613,1.221438972727501
1.7085187796795942,1.3071032016178348
2.3179022990685016,1.5224658613803141
1.7286532870680618,1.31478260068654
1.1108867771830027,1.0539861370924206
1.507704393734718,1.227886148523029
2.7319490071164814,1.6528608553403645
1.51336714267257,1.2301898807389735
1.7267910428509687,1.3140742151229392
1.9386460307770608,1.3923526962580497
1.0993305521561718,1.0484896528608052
0.8834795062683172,0.9399359054043617
1.2050484261937284,1.0977469773102217
1.0948803725560559,1.0463653150578223
1.0140543619845053,1.0070026623522428
1.4386481787473397,1.199436608890749
0.929672424962922,0.964195221396021
1.0984407088079633,1.048065221638407
1.6665732273571112,1.2909582593395927
1.211190952749587,1.1005412090192657
1.3416284169932795,1.1582868457309181
2.215686170139413,1.4885181121301188
1.6263675123030394,1.2752911480532747
1.0889911500342442,1.0435473875364953
1.3706203389326628,1.170734956739852
1.7043206558494897,1.305496325482952
2.506897523732361,1.583318516197029
2.0808981755101064,1.4425318629098307
1.14390464400457,1.0695347792402872
1.3340386494134033,1.1550059088218567
2.059140805318464,1.4349706635741597
2.0399149549819153,1.4282559136870099
1.4539063841484166,1.2057804046128866
1.1875220422929054,1.0897348495358425
1.195744257169349,1.0935009177725226
2.151133787253912,1.4666743971495213
2.2261056820406084,1.4920139684468803
1.5077286631283093,1.2278960310744185
1.6924097982114807,1.300926515300338
1.3332241434138603,1.15465325678918
1.7830147164006915,1.3352957411752242
1.4006569192797294,1.183493523125382
2.081450569352597,1.4427233169782059
1.4139345939138102,1.1890898174292008
1.046043341672965,1.0227626027935148
1.1353988776321622,1.0655509737371376
2.3100276864398124,1.5198775234997761
1.50101529353439,1.2251592931265671
2.029397744565418,1.4245693189751836
1.4119529871991376,1.1882562801008618
1.0935920465919844,1.0457495142681084
1.319801397281034,1.1488260953168823
1.60012287476484,1.2649596336503548
1.9002879500639056,1.378509321718176
1.5090620104242158,1.2284388509096478
1.0778812882343416,1.03821061843652
1.9340584485290373,1.3907042994573064
2.4151472563550898,1.5540744050254125
1.4878139006755822,1.2197597717073563
1.2870259093773795,1.1344716432671993
1.0240723820882938,1.0119646150376473
2.2938621600494224,1.5145501510512693
1.5036558951949424,1.2262364760497635
1.232296823094217,1.1100886555109988
1.435094309737615,1.1979542185482779
1.521497931953872,1.2334901426253362
1.96565087301058,1.4020167163805786
1.681818425339636,1.2968494227702907
1.8635474054527212,1.3651180921270956
1.078118114176886,1.038324667036706
1.157313480820694,1.0757850532614281
1.0318771416563124,1.015813536854236
1.3800525827487813,1.1747563929380342
1.2953977346502694,1.1381554088305645
1.2636150597065683,1.1241063382556689
1.849838655919807,1.3600877383168364
1.089950195266688,1.0440067984772359
1.5703327720782658,1.2531291920940417
1.3491944795544648,1.1615483113303833
3.8026441677928675,1.9500369657503591
1.315055900367027,1.146758867577237
2.2752953558660973,1.5084082192384451
1.2510272229524235,1.1184932824797937
1.4054330217257103,1.1855096042317457
1.061829310366186,1.0304510227886554
1.3176739967790059,1.1478998200100068
0.8418826061160162,0.9175416100188678
1.5098440742322237,1.2287571258113719
1.6199704469118885,1.2727805965333885
1.515038659075308,1.2308690665847883
0.8351351225733972,0.9138572769165857
1.5393840497948026,1.2407191663687647
1.3227652043833138,1.150115300473528
0.8813040450575025,0.9387779530099237
1.4842322935252898,1.2182907261919422
0.7208698396292319,0.8490405406276145
1.4406568059696223,1.200273637954955
0.9768556084576356,0.9883600601287142
1.2870725144325414,1.1344921835043824
1.2842335071902768,1.1332402689590044
1.7380997751588538,1.318370120701639
2.8729460479380617,1.6949767101462079
1.4247468141996082,1.1936275860584022
1.2749224824259422,1.1291246531831383
1.754565923638369,1.3246002882524106
2.2977430040903455,1.5158307966558622
1.1084005941165151,1.052806057218762
1.90112812817623,1.3788140295834788
1.556088923761529,1.2474329335725944
1.1567697510190948,1.075532310541666
1.6732508342996537,1.2935419723764876
2.061883104945866,1.4359258702822602
1.2994283475509247,1.139924711351993
1.6553895333395954,1.286619420551235
1.0853109237821756,1.0417825703006245
1.6655272693589636,1.2905530866101416
1.654874980493302,1.2864194418980546
1.3680293395616148,1.1696278637077755
1.4735250491306506,1.213888400608001
1.8249053536592903,1.3508905779741343
1.777143232023151,1.3330953574381508
2.2438104000746493,1.497935379138449
1.130175934838418,1.063097330839664
1.3312000438045832,1.15377642713161
1.3150675577507454,1.1467639503187852
2.4592681540507417,1.5682053928139457
1.879397964210833,1.3709113626383118
1.5246377250116454,1.2347622139552399
1.4640880168004577,1.2099950482545199
2.135212557432475,1.4612366534659864
3.0290219725713228,1.7404085648408314
1.9005722042583248,1.378612419883966
1.5660142918571327,1.2514049272146617
3.1457773344877813,1.7736339347474668
1.832639092466987,1.3537500110681393
0.6655977318637228,0.8158417321170344
0.8078168623906871,0.8987863274386672
1.378151333429154,1.1739469040076531
1.6011430423977004,1.2653628105795194
1.6342289596813602,1.2783696490770422
1.8547767255191692,1.3619018780804912
1.9614444468396266,1.4005157788613545
1.6844351055814308,1.2978578911350158
1.1498246142897004,1.0722987523492231
1.6296711708112854,1.2765857475357014
1.1457238459973718,1.0703849055350938
1.4011753258980544,1.183712518265332
1.068139059717297,1.0335081323904989
1.4215945630873996,1.1923064048672218
1.3138643472018356,1.14623921901226
1.477812451589538,1.2156530967301231
2.7209598868483984,1.6495332330233297
2.3556918261275426,1.5348263179029549
1.0727181331574622,1.0357210691868068
1.3119813832239167,1.1454175584580135
1.1947289755097572,1.09303658470783
1.607204651381898,1.2677557538350588
1.5607458986700236,1.2492981624376238
1.2279980878091619,1.1081507513913267
1.2931433771128917,1.137164621817304
1.9504007656647366,1.3965674941314998
1.4839419576252442,1.2181715632969128
1.2476318488770264,1.116974417288519
1.2930718607659748,1.137133176354456
0.9155223927848928,0.9568293436056885
2.240489319754157,1.496826416039668
1.7219940848141233,1.3122477223505185
1.511968579692696,1.229621315565364
1.9829477398808215,1.4081717721502662
2.66536639630403,1.6325949884475421
1.8149893920991287,1.3472154215637262
1.3892733149060954,1.1786743888394688
1.1207227080911526,1.0586419168402281
1.3468615709494856,1.1605436531856463
1.6800008626520166,1.2961484724567693
0.99647603121621,0.9982364605724487
1.0685866750246025,1.0337246611281954
1.6776746306312587,1.2952507983519095
1.7188548579073613,1.3110510508395015
1.6703589185648342,1.2924236606333213
1.8222564432849178,1.3499097907952655
1.9715991981230105,1.4041364599365016
1.3844430609731733,1.1766235850828306
1.4898801362166987,1.2206064624672026
1.3329718130292363,1.1545439848828785
1.3436567701849216,1.159162098321422
1.4459681720769597,1.2024841670795337
1.984524345580512,1.4087314668099495
1.982741556998962,1.4080985608255419
1.15742139107185,1.0758352062801486
1.0799851939126568,1.039223360934817
1.4537034483440991,1.2056962504478892
2.2926990939935052,1.5141661381742444
2.433369600176805,1.5599261521549042
1.9775201315510553,1.4062432689798217
1.8879437593644006,1.3740246574804982
2.0313519782541634,1.4252550572631424
1.4434690958894292,1.2014445871072994
1.0696668499144126,1.0342469965701677
0.9426068215569167,0.9708794062894303
1.4079809702465793,1.1865837392475
1.6296958782044533,1.2765954246371296
1.5422877284667516,1.2418887745956768
0.9743323245333347,0.987082734391264
2.241417371627359,1.4971363904559127
1.6631317400848629,1.2896246508518914
2.112877016458938,1.4535738771933602
2.0259303069440286,1.4233517860824247
1.466492763483669,1.2109883415969243
1.719337674343512,1.3112351712578152
2.0262331024178044,1.423458149162737
0.9932449619496695,0.9966167578109799
0.9619176353493284,0.9807739981001374
1.9282734965324007,1.38862287772181
1.35393298208337,1.1635862589784094
0.9495376098639734,0.9744422044759624
0.9540468670345243,0.9767532272967028
1.229982214299255,1.1090456321988085
1.6945443391493202,1.301746649371267
0.9214495217991027,0.959921622737556
1.7061791001574838,1.3062079084730285
1.5076154399625854,1.2278499256678665
1.6000816540470177,1.2649433402516563
1.4058116624530053,1.1856692888208775
1.2894575273088518,1.1355428337622724
1.5715571962583128,1.2536176435653388
1.5210435978837784,1.2333059628023284
1.220296418785691,1.1046702760487814
1.5213665734076869,1.2334368947812802
1.670493155814289,1.2924755919607491
1.3582056592112812,1.1654208077820136
1.871673894021465,1.3680913324853223
1.243234339959131,1.115004188314614
1.4647747092723653,1.2102787733709806
1.2483785082429966,1.1173086002725463
0.9000989005042926,0.9487354217611423
1.1419682660460446,1.068629152721394
0.964264901020857,0.9819699084090393
2.010292072327689,1.4178476901020394
1.0689339495549832,1.03389261993448
1.8748848420651338,1.3692643433848461
2.7926184372410954,1.6711129337184532
1.949914933529693,1.3963935453623713
1.4211800049934413,1.1921325450609261
1.7479468672365452,1.3220994165479936
1.3718205279019093,1.171247423861376
1.4723629185130447,1.2134096251938356
1.0871684735658986,1.0426737138558249
1.4935993392595637,1.2221290190726852
1.0648413760626525,1.0319115156168441
1.4920430193807157,1.2214921282516378
1.4181787900402025,1.1908731208824064
2.533103608200089,1.5915726839199298
2.0308652150897033,1.4250842835038577
0.9259944146997493,0.962286035802115
1.3946155641753497,1.180938425226036
1.8916403824851278,1.3753691804330674
1.4366915816029389,1.1986206996389386
1.5814647255811978,1.2575630105808606
1.298977596294244,1.1397269832263532
2.4272857616749315,1.5579748912209501
2.483785088577395,1.576002883429277
0.9695389432456402,0.984651686255419
0.9658280162844619,0.9827654940444652
2.192426508840231,1.480684473086765
1.3230910610747608,1.150256954369223
1.7192139790152567,1.3111880029253078
1.6055586386172025,1.267106403826136
1.472881061695558,1.2136231135305384
1.1760123637029316,1.0844410374487548
2.263393020027488,1.504457716264398
1.7698178442993289,1.3303450094991633
1.919736091096731,1.3855454128597628
1.2308630758803585,1.1094426870642569
1.5074725122917327,1.2277917218696879
1.431237561563648,1.1963434128893125
1.9028965806403966,1.3794551752921864
1.721650716953311,1.3121168838763226
1.3746175910130085,1.1724408688769803
1.0240553515598483,1.0119562004157336
1.5343877471468395,1.2387040595504801
1.2936087639646454,1.1373692293906343
1.8680073274388656,1.3667506456698184
1.563642715253978,1.2504570025610549
1.0292938391411952,1.0145411963745954
1.091987392474697,1.0449820058138308
1.1089977940379316,1.053089641976376
1.5842882837060808,1.2586851408140485
3.0806940964066354,1.755190615405243
2.3713748403897874,1.5399268944952509
2.403295687777015,1.5502566522279513
1.8459635050901702,1.35866239555313
2.058738459630974,1.43483046372419
2.20595517524515,1.4852458299033025
2.168915171455505,1.4727237254337642
3.11493751477731,1.764918557547999
1.516897848338139,1.2316240694051652
1.6792864750181917,1.2958728622122588
1.63392267952795,1.278249850196725
2.6557016365343666,1.6296323623855677
1.0704971907163678,1.034648341571361
0.9640710365279923,0.9818711914136152
0.9737353636854477,0.98678030163023
2.0690491616209368,1.4384189798598102
1.638547319455818,1.280057545368886
1.5025893342532781,1.2258015068734733
1.8112548976411065,1.3458287029340348
1.505404692245264,1.2269493437975603
1.1490260324654533,1.071926318580458
1.6751258533183702,1.2942665310199326
0.9691032152862913,0.984430401443541
1.0313186941027173,1.0155386226543612
1.7209179025334513,1.311837605244434
1.440703992988349,1.2002932945694351
1.053244451011672,1.0262769855217801
1.4481281140495357,1.2033819485306965
1.0318942827014719,1.0158219739213519
1.6097032658709394,1.2687408190292213
2.5584572796063125,1.5995178272236645
0.7424140011283682,0.8616344939290489
0.6725975749495423,0.820120463681734
1.6156249646682632,1.2710723679902192
1.1575425672734416,1.0758915220752703
1.5006732452822344,1.2250196917936602
1.2223765535830105,1.1056113935660261
1.2990367891559127,1.1397529509309956
1.3389566735159435,1.1571329541223616
1.6549270400228713,1.2864396760139478
2.04367713071149,1.4295723593828644
1.0051086338743438,1.0025510629760181
1.4542133417112078,1.2059076837433318
1.6275857611821363,1.275768694231888
1.2619722822622115,1.123375396856372
1.7695537280392393,1.3302457397185075
1.4713819051786707,1.2130053195178785
2.2229294757731095,1.490949186180773
3.1389992631691506,1.771722117931915
2.4705347357097835,1.5717934774358187
2.221299018444747,1.4904023008720657
1.5010510631348217,1.225173890978265
1.321347980586106,1.1494990128686957
1.5691981021432113,1.2526763756626096
1.051530556756259,1.0254416398587776
1.9008899778992785,1.3787276663283718
1.4945874090299147,1.2225331934266304
1.2470747967844316,1.1167250318607673
1.5231091730726922,1.2341430926244705
2.55821167606668,1.5994410511383907
1.8887533170748994,1.3743192194955651
1.1817856722982296,1.08709966070192
1.2387805212239593,1.113005175739969
1.047202003091312,1.0233288831511167
1.9529401929321721,1.3974763657866176
1.2992824073397247,1.1398606964623899
1.7726562039129394,1.331411357887914
0.9575234197962532,0.9785312564227334
1.0553193495059296,1.0272873743534132
1.463686628668005,1.2098291733414288
2.261034371994447,1.5036736254900684
2.53823480250189,1.5931838570930505
1.793447190923025,1.3391964721141647
1.655836223330449,1.2867929994099474
1.469527504322575,1.2122406957046834
1.627225803646554,1.2756276116667253
2.052613470348293,1.4326944790667313
1.9070002428279287,1.380941795597457
1.1227055263265568,1.0595779944518275
1.2265297920719316,1.1074880550470654
1.6485221916837043,1.2839478929005275
1.1691816085501257,1.0812870148809361
1.4058459574460669,1.1856837510255704
1.5221619176865215,1.2337592624521696
1.2593802950257735,1.1222211435478184
1.387752573991823,1.1780291057490146
1.5027359240536002,1.2258612988644353
1.7421935377060904,1.3199217922688036
2.06065567203417,1.4354984054446631
2.042278865105336,1.429083225394986
1.6468075802245006,1.2832800085034055
1.8121909916086014,1.3461764340563243
1.2883823555340224,1.135069317501809
1.1031034747943271,1.0502873296361939
1.4217559184194708,1.1923740681595985
1.1768167846914912,1.0848118660355313
1.367796294023664,1.169528235667555
0.9738439800583698,0.9868353358379349
1.4711339531691976,1.2129031095554161
1.5652322846942517,1.2510924365106888
1.6650947683083328,1.2903855115074458
3.290620288863217,1.8140066948231524
1.86241121649912,1.3647018782500155
1.3481562830301796,1.1611013233263408
1.3486800085764215,1.1613268310757405
1.865462307139075,1.365819280556207
1.97109162088549,1.403955704744808
1.3049980312781477,1.1423651041931155
1.5089689087326583,1.2284009560125955
1.937601911619885,1.3919776979606695
1.474342765057139,1.2142251706570486
1.7126392829368433,1.3086784490228467
1.621513956622819,1.2733868055790507
1.6997863998454965,1.30375856654731
1.8325843333928884,1.3537297859591066
1.3411025485182217,1.158059820785706
1.631814750870537,1.2774250470655948
1.468257459490409,1.2117167406165557
2.003606773845553,1.415488175099161
1.6071924248010736,1.267750931690083
1.4839487242207943,1.2181743406511214
1.9453039408329957,1.3947415319094056
2.1020585236574516,1.449847758786229
1.2423513701421154,1.1146081688836285
1.6575972789183013,1.2874770984053663
1.5764650352786116,1.255573588157465
2.432730950335292,1.5597214335692422
1.0377493847068235,1.018699850155493
2.009501011947095,1.4175686974348352
1.7966706783065467,1.3403994472941814
2.2368812490512853,1.495620690232415
1.4904518263841848,1.220840622843205
2.3576796241490485,1.535473745835157
1.4017075757843365,1.183937319195715
1.5175459071317925,1.2318871324645746
1.4001550700917693,1.1832814838793724
1.4231268439411195,1.1929488018943308
0.8826241701377153,0.9394807981740315
1.0706120586371262,1.0347038506921322
1.4049516469216818,1.1853065624224317
1.168696659670837,1.0810627454828128
1.575106989350765,1.2550326646548946
1.61708477374911,1.2716464814362167
1.3806908849647892,1.1750280358207583
1.568638746829432,1.2524530916682797
1.387254332673968,1.1778176143503576
1.3884503233963617,1.1783252197064957
1.0495943508606782,1.0244971209626108
2.3407365218981537,1.52994657485095
1.1125610900997067,1.0547801145735098
2.0652818711889767,1.4371088585034109
1.9658728955016591,1.4020958938323937
0.9631177920982931,0.9813856490179043
1.406930681681796,1.1861410884383847
1.9248160375707117,1.3873773955094957
1.8397382648122451,1.356369516323721
0.9604315442482407,0.9800160938720551
1.8484215072606056,1.359566661572946
1.3600780641517547,1.166223848217723
1.2471083872964066,1.1167400715011557
1.13302240365255,1.0644352510381032
1.9238608928742658,1.3870331260911781
1.3499175082388553,1.1618595045180184
1.069089810142564,1.033967992803725
1.5834793162459493,1.2583637456021806
1.4953356815047179,1.2228391887344459
2.0954981318267225,1.4475835491696922
1.5171547894984974,1.2317283748856716
3.7573747925747805,1.9383949010907917
1.3246126432301306,1.1509181739941943
2.284487033952833,1.51145196217175
1.5223106164201907,1.233819523439385
1.1384122545897495,1.0669640362213477
2.1101478608115265,1.4526347995320525
1.3833166710448637,1.1761448342125487
1.4824633740526612,1.217564525621809
1.4851062382782028,1.2186493500093465
0.798404375876743,0.8935347647835215
0.8480172897278784,0.9208785423322005
1.6496963574650103,1.2844050597319407
1.670197461414997,1.2923611961889745
1.4634855735814414,1.2097460781426164
1.9333021833070636,1.3904323727916663
1.8282661004183496,1.352133906245365
1.7818303635689083,1.3348521879102975
1.301441551057239,1.1408074119049363
1.17624309316902,1.0845474139792228
1.558616236585842,1.2484455280811582
1.124643169620808,1.060491946985364
1.8524029435724458,1.361030103845042
1.8742578921787618,1.3690353874822818
2.1989757992276346,1.48289439921649
2.2553694420016837,1.501788747461401
1.946040233700935,1.3950054600971764
1.5583645640858743,1.2483447296663988
1.3990287099866405,1.182805440462057
1.2511502095893658,1.1185482598392282
1.410591274834162,1.1876831542268174
1.5225726837046092,1.2339257204972305
1.7615375572979246,1.3272292783456536
2.1556684495275285,1.4682194827502897
0.8213238140114806,0.9062691730448965
1.5023654785315537,1.2257101935333465
1.4017383521084261,1.1839503165709389
2.765366147473415,1.6629390089457325
1.2410787649018766,1.1140371470026826
1.6949656538529259,1.3019084660040143
1.4266140216736325,1.1944094865973027
0.6935453507432724,0.8327937023916983
1.1941627226350535,1.0927775265968154
1.7141911792276814,1.3092712397466315
1.8117973637874774,1.3460302239502193
1.1976193634791035,1.0943579686186342
2.1091131789307616,1.452278616151447
1.3133412304148169,1.146011007981519
1.8704974591910863,1.3676613101170503
1.6706148750455638,1.2925226787354889
1.3251448834998376,1.151149374972613
1.6490323958752704,1.284146563237729
1.8438101200530386,1.3578696992175054
1.530380510333792,1.2370854903092963
1.2673271462828641,1.1257562552714793
1.0544725616735369,1.0268751441502209
1.3791920791254897,1.1743900881417084
1.4597804657099571,1.208213750008647
1.5107283368422455,1.2291168930749612
2.214417728919705,1.4880919759610645
1.5159421818347,1.231236038229348
1.5631245013306923,1.2502497755771413
1.6955389141429882,1.302128608910421
1.57203770256601,1.253809276790537
2.1604878970648134,1.4698598222500041
1.6023486577739656,1.2658391121204802
1.1379004300751747,1.0667241583817133
1.3254071603352917,1.1512632888854277
1.638751459553743,1.2801372815263772
0.8907396999317636,0.9437900719607956
1.2284363608209523,1.1083484834748285
1.3712400129528663,1.1709995785451275
1.4668648589790796,1.2111419648328101
3.5588160148888024,1.8864824448928228
2.2841499045563913,1.511340433044915
1.5599355731606375,1.2489738080362764
1.2730636199688297,1.1283012097701701
1.6001649795524502,1.2649762762804884
2.0695489576570614,1.4385927004044825
0.9984807276133335,0.9992400750637124
1.5332987796557644,1.2382644223491865
1.4371174225310057,1.1987983243777935
1.7302183937619802,1.3153776620278985
1.7566149796496275,1.325373524576988
2.325525361840396,1.5249673314010357
1.925896982971064,1.3877669051289068
2.5803410995498335,1.606344016563648
2.291595362231215,1.5138016257856295
1.98722208039447,1.4096886466147303
1.4624630651335937,1.2093233914605281
0.833719487100617,0.9130824098079083
1.6386008209388316,1.2800784432755798
2.059518827384465,1.4351023752277972
1.8560416845206562,1.3623662079340695
1.3075982724780175,1.1435026333498395
1.359098344932045,1.1658037334526103
1.836255840009519,1.3550851781380826
2.0613693406555886,1.4357469626140913
2.6100033695202303,1.6155504849803457
1.8029728685107091,1.342748252097432
2.1295237686703343,1.4592887886468306
2.069391108034245,1.4385378368448447
1.3670437016521557,1.1692064409898517
1.2468901902349538,1.1166423734727935
1.366544063919448,1.1689927561449849
1.1291459038202851,1.0626127722836223
1.283398592010966,1.1328718338854427
1.6831237863917092,1.2973526068080756
1.2225818119390481,1.105704215393542
1.2103441408461206,1.100156416536358
1.7948604033598377,1.3397240026810886
1.5427014670444814,1.2420553397673073
1.0255888412956768,1.0127136027997634
1.3130568498405513,1.1458869271619043
1.0699396931299086,1.0343788924421788
1.3468446925590154,1.1605363814025889
1.4831862892511758,1.2178613587971234
1.1421519308122348,1.068715084020168
1.914384019976056,1.3836126697801145
1.397187624062747,1.1820269134257253
1.1517399218362185,1.073191465599787
1.2826880124855642,1.1325581717887891
1.491812371991807,1.2213977124556141
1.8761476244238902,1.3697253828501135
1.8990612899741772,1.3780643272264823
2.1600389973399152,1.4697071127744858
3.2530620953438745,1.8036247102276777
1.714773720933493,1.309493688771921
1.221808179968326,1.105354323268483
1.7836215859576228,1.3355229634707233
3.2436064923119208,1.8010015247944464
2.3138005181287866,1.521118180197971
1.1935892162434116,1.0925150874214102
1.3940974526352101,1.1807190405152321
1.8454834537520957,1.3584857208495404
1.8301650184424496,1.3528359170433233
1.5335293504693406,1.2383575212632822
1.2413461096404494,1.1141571296906239
1.3265064304316385,1.1517406090051867
1.0733922726618765,1.036046462598023
2.0694407109405897,1.4385550774789924
1.175330852066618,1.0841267693709153
2.2794569560198794,1.5097870565148845
1.0173374220415172,1.0086314599701505
1.1700671073138456,1.0816964025612017
1.6611719940886391,1.2888646143364473
1.8316022640931586,1.3533670101244373
1.1948740076407913,1.093102926370976
1.2929507346320213,1.1370799156752445
2.0354156613610477,1.4266799435616413
1.9019402371099434,1.3791084935964768
2.3562864822665275,1.5350200266662737
0.9564808213433704,0.9779983749185733
0.7279024192589908,0.8531719751954999
1.4868891033966787,1.2193806228559967
1.8239127779884243,1.3505231497417673
1.770918546091624,1.3307586355502727
2.191513698531646,1.4803762016905182
2.3368209589426403,1.528666398840061
1.124016062598531,1.0601962377779555
1.8436118607514114,1.35779669345282
1.4008720840954179,1.183584422039855
1.4448014268503668,1.201998929637779
1.2821217432760823,1.1323081485514808
2.042422063811523,1.4291333261146502
2.055545102383598,1.433717232366131
1.1556718001820676,1.0750217673061637
1.7698466222141245,1.3303558254144356
1.4763716317745899,1.2150603407957112
1.3234199487701566,1.1503999081928669
1.646712901385519,1.2832431185810111
1.9243370846308223,1.3872047738639102
2.0138956934894723,1.4191179279712707
1.4778181129008097,1.2156554252339804
1.0886425698588178,1.043380357232595
1.1941205782451068,1.0927582432748364
1.3706590270668815,1.170751479634718
1.9423005367106685,1.3936644275831498
1.4515715290813807,1.2048118230999314
1.1940415434506935,1.0927220796939603
1.9976722902874167,1.4133903531181387
1.1254551780329871,1.060874723062524
1.062085114598745,1.0305751377744106
1.4769026516754773,1.2152788370063379
1.2340068273740221,1.1108585991808417
1.1560953455899232,1.075218743135518
1.9641184021944986,1.4014700860862135
1.1470048962259274,1.0709831446973979
1.8497486157077536,1.3600546370303488
1.2117164711143726,1.100779937641658
2.3779578392450818,1.5420628519113875
1.325800434529977,1.1514340773704663
1.553736471461808,1.2464896595888022
1.4742541126982749,1.2141886643756294
2.170387859654861,1.4732236285285616
1.2670187086942846,1.1256192556518765
2.1561606401977804,1.468387087997501
1.381090371220893,1.1751980136219142
1.039613977019141,1.0196146218150959
1.5450797953114743,1.2430123874328343
1.9151014632504049,1.3838719099867607
1.0810805631739777,1.0397502407664918
1.3176134199005793,1.1478734337463252
1.913795730380731,1.3834000615804276
2.070648944132348,1.4389749629970454
1.3284852545585502,1.152599346936545
1.2981226832532038,1.139351869815995
1.9105032557534711,1.3822095556584288
1.321448737041824,1.1495428382804287
1.5362173325593358,1.2394423474124707
1.3484050652201343,1.1612084503740636
1.7410558926869422,1.3194907702166552
1.1948992126759537,1.0931144554327117
0.9865334635035264,0.9932439093714728
0.7183286421087786,0.8475427081326218
1.2238492352060741,1.1062771963690086
2.018702528973127,1.4208105183215414
1.3008956869802664,1.1405681421906655
1.7193934276987908,1.3112564309465906
1.751027531729776,1.3232639690287709
0.84064572955093,0.9168673456672617
1.5670479885650432,1.2518178735603047
1.5212685617232697,1.2333971630108729
1.7550542439738859,1.3247846028596066
2.2124908127886997,1.487444389813851
1.9367072164676211,1.3916562853189078
1.630193612505909,1.2767903557381333
1.6144463669611657,1.2706086600370572
1.6379007348134174,1.279804959676832
2.618791314861668,1.618267998466777
1.2014581306417342,1.096110455493302
2.5614923920232497,1.6004663045572842
1.3200195959039556,1.148921057298523
1.457299380986902,1.2071865559999009
1.6236048827150955,1.2742075508782293
0.923803790698878,0.9611471222965181
1.3672716620396814,1.1693039220150085
0.8953038151569486,0.9462049540965998
0.7720170401559595,0.8786450023507557
1.3286849077008513,1.1526859536321468
1.1616130573204355,1.0777815443402412
1.2832371776777927,1.1328005904296627
1.3989640715834293,1.182778115955579
1.717404998057819,1.3104979962051904
1.7468212771666314,1.3216736651559005
1.464199545864808,1.210041133955705
1.0879109414547106,1.043029693467406
1.50254816744842,1.2257847149676895
0.7199884724866104,0.8485213447442618
0.9022329615563064,0.9498594430526583
1.0059713384435702,1.0029812253694335
1.0258349189457758,1.0128350897089693
1.1417001155752071,1.0685036806559007
1.1867409416694241,1.0893764003637239
1.4618937780621595,1.2090879943420825
1.0458608976999808,1.0226734071540047
1.3716743957290318,1.171185039064721
1.3805720399317907,1.1749774635846386
1.5177985311179973,1.231989663559722
1.7269630963502658,1.3141396791628603
1.1626442221585078,1.0782598119926885
1.804217267001964,1.3432115496086103
2.3731175953531314,1.5404926469649673
1.520340076622744,1.2330207121629158
1.8640456013807836,1.3653005534975746
2.154875127376805,1.4679492931899267
1.6791911059545808,1.2958360644597684
1.3986601408545627,1.182649627258455
1.3453924482730468,1.159910534598702
2.035846927410942,1.4268310787934717
1.3668458032034707,1.1691218085398418
1.2020076004807565,1.0963610721294132
1.231814694495018,1.1098714765661013
1.3001257509664061,1.140230569212388
2.1347886616125336,1.4610915993230997
1.5144288856533812,1.2306213412960874
1.5942755348517947,1.2626462429563534
0.8132733510692929,0.9018166948273318
0.927208915565901,0.9629168788456774
1.432954253286462,1.197060672349761
2.130349641945869,1.4595717323742157
1.2148162764705148,1.1021870424163562
2.1353023227082732,1.461267368659231
1.7247674592559556,1.3133040239243752
1.0690901268438477,1.0339681459522085
1.72470186404328,1.3132790503328986
1.4420523599254533,1.2008548454852708
1.8091766762843378,1.3450563840539689
1.8375415216360809,1.3555594865722718
1.6770686225802598,1.2950168425855548
0.935616851912039,0.9672728942299784
1.494259505669774,1.2223990779077731
2.0833956691848132,1.4433972665849182
1.5084280627541427,1.228180794001495
1.5817470556582396,1.2576752584265303
1.898154698735204,1.3777353514863455
1.7136338221406322,1.309058372319826
1.6991996168474512,1.3035335119771378
1.451133712352547,1.204630114330763
1.303619331058683,1.1417615035806221
1.2618437336314308,1.1233181800502612
2.0161071448766896,1.419896878254435
3.1198895061181386,1.766320895567433
2.1439966575398035,1.464239276054226
1.8783652103533903,1.3705346439814612
1.6005901190057426,1.2651443075814484
1.3511086621945583,1.162371998197891
1.3254967618307818,1.1513022026517545
2.741082432241386,1.6556214640555327
3.563350497071617,1.8876838975505452
1.1982692791981169,1.0946548676172398
1.6275422287944952,1.2757516328794156
1.388896933283747,1.17851471492033
1.0065470725950556,1.0032681957458114
0.8439894915799502,0.9186890069985327
1.2900345812100142,1.1357968925868807
1.6710978838620214,1.2927095125595778
1.7267643930125127,1.3140640749265284
1.7498671253165274,1.322825432669227
1.8246906358184898,1.3508111029372278
1.4952573823063455,1.2228071729861358
2.129427568802896,1.4592558270580578
1.695857606502143,1.3022509767714299
1.1673195721013263,1.0804256439484052
1.7180233014113444,1.3107338789439085
1.3545170126111457,1.1638371933441316
1.501390405854792,1.2253123707262537
1.5727308080626534,1.2540856462230374
1.5298242563006674,1.236860645465231
1.2694709948179035,1.1267080344161498
1.4598481927806062,1.2082417774520984
2.908208087881679,1.7053469113003603
2.3869282231106097,1.5449686803008693
1.4707229074652752,1.21273365066913
1.1108831284302858,1.0539844061608719
0.9391800946629901,0.9691130453476468
1.5989131117040065,1.2644813607578431
1.6231215684684084,1.2740178838887657
2.1041868908458614,1.4505815698697753
2.1696544832923075,1.4729747055846911
1.3915629963895164,1.1796452841382092
1.6636540849146095,1.2898271531157226
1.2929715881239552,1.137089085394788
1.07150551098509,1.0351355036830154
1.010710509358344,1.0053409915836238
1.1451037921834604,1.0700952257549141
1.8680081462473659,1.3667509452154647
2.537486987404283,1.592949147777255
1.4317588329416118,1.1965612533178616
1.4870953179215354,1.2194651770024167
1.91793643750076,1.38489582189447
1.1411261354987023,1.0682350562955245
1.2962472433636376,1.1385285430605758
1.0583358604913935,1.0287545190624405
0.9671928527258254,0.9834596345177699
1.708722888557289,1.3071812760888557
1.130327518592256,1.06316862189977
1.638141124596369,1.279898872800648
1.5288461796274448,1.236465195477594
1.5827872068789668,1.2580887118478437
1.5037932197287318,1.2262924690826131
1.5129645161850362,1.2300262258118875
1.043421833984123,1.0214802171281259
1.374164011589335,1.1722474191011618
1.591897413866541,1.2617041705037442
1.8469719461815408,1.3590334602876932
1.2846400990455118,1.1334196482528047
1.1483763353325818,1.071623224520905
1.8935373645712925,1.376058634132751
1.1979396867145116,1.0945043109620498
1.526942417891307,1.2356951152656173
1.7277007123953223,1.3144202951854183
1.4986083881707926,1.224176616412351
1.40576000249364,1.1856475034737939
0.8777674489478622,0.9368924425716445
1.1767085973292217,1.0847620003158396
1.2000488720934275,1.0954674217398834
1.5461995060912166,1.2434627079616085
2.408490914210802,1.5519313497093878
1.8353170225619158,1.3547387285236647
1.876614170235636,1.369895678595869
1.3345036457415707,1.155207187365786
1.6381313184988964,1.2798950419854342
1.8564754236718823,1.3625253845972494
1.8066206265176417,1.3441058836704949
1.0979330274697199,1.0478229943409907
2.0858271301047924,1.4442392911511557
2.9333722781068796,1.7127090465420214
2.115326732797854,1.4544162859366825
1.585650512454378,1.2592261561984717
1.0683969707323007,1.0336328994049584
1.145157282742272,1.0701202188269652
1.11359450983019,1.0552698753542575
2.4712754348554777,1.5720290820641576
1.2011588516007283,1.0959739283398708
1.0324890343122746,1.0161146757685742
1.2108193391887376,1.100372363879036
1.3630466729149524,1.167495898457443
1.2898338849988704,1.1357085387540549
1.5204258934000883,1.2330555110781056
2.4186625765198686,1.5552049950150844
1.6421744643326446,1.2814735519442626
1.7091244203287015,1.3073348539409104
0.966224949331548,0.9829674202798118
1.7870663820406136,1.336812021953952
1.5157389967574246,1.231153522822164
1.4138828244065607,1.1890680486862646
1.32959119359606,1.153079005791043
1.1393959540407201,1.0674249172849208
1.0020903945469055,1.001044651624944
1.2461374510280623,1.1163052678492842
1.318822911036769,1.1484001528373153
1.7654836968721008,1.328715054807501
3.3662094355118355,1.8347232585629463
1.8213078457079424,1.3495583891436274
1.7292728858856476,1.3150182074350332
1.0864673574781059,1.0423374489473674
2.0876003683616493,1.4448530611663075
1.1556785810315495,1.0750249211211569
1.0844385433232167,1.041363790096053
1.2075127976505946,1.0988688719090165
1.3135747893535257,1.1461129042784248
1.2480636060171433,1.1171676713981404
1.6646572869189746,1.2902159846006307
1.3745822604288973,1.1724258016731368
1.5561759058155995,1.2474677975064525
1.3444918001786292,1.1595222292731733
1.256316412192473,1.1208552146430302
1.3055320503600396,1.1425988142651118
1.0357274372402963,1.0177069505708882
1.4103268010786696,1.1875718088093323
1.3688537420810019,1.169980231491542
1.335091763074209,1.1554617099126259
2.442903707316267,1.5629791128854753
1.6088993450302405,1.2684239610754129
2.539109602808903,1.593458378122536
1.459567248451656,1.2081255102230297
1.1342402389553012,1.0650071544150777
1.0209904665911882,1.010440728885761
1.4029621412228541,1.184467028339267
1.8907467654987506,1.3750442776502692
1.5841229517036164,1.2586194626270548
1.1297930454245373,1.0629172335720865
0.9531830031053055,0.9763109151829172
1.1320706479726532,1.063988086386616
0.9693370078091593,0.9845491393572793
1.9928839825743556,1.4116954284031509
1.649817539879427,1.2844522333973447
1.987247407868646,1.4096976299436152
1.243913047155954,1.115308498647775
1.3958443216554843,1.181458556892913
1.3535584242670748,1.1634252981034385
1.394560842191275,1.1809152561429948
2.92595363729092,1.7105419133394306
1.2571301625832627,1.1212181601201716
1.8131694983556519,1.3465398242739246
2.1418283097093918,1.4634986538119505
1.17024249320831,1.0817774693569422
1.6155250427317371,1.2710330612268657
1.3830474056930862,1.1760303591715164
1.6696734051882687,1.2921584288268482
1.5227155073816714,1.233983592833256
1.8446248407667445,1.3581696656775781
1.7293415209092182,1.3150443037818986
1.836441077108242,1.3551535252908586
1.2986073043244868,1.1395645239847048
1.6472429686117773,1.2834496361804686
1.6485458934822275,1.2839571229142457
1.3925042471747793,1.1800441717049321
2.108145083577679,1.4519452756828264
1.569587267542805,1.252831699608054
2.0534029960723132,1.432969991336983
1.1884096150992915,1.0901420160232755
1.4223704899879963,1.1926317495304224
1.1413210646400835,1.068326291280002
2.088316470926309,1.4451008514724184
2.2666260235110007,1.505531807538785
1.8722403043158418,1.3682983243122977
1.4378173603824178,1.1990902219526343
1.348003241013,1.1610354176393587
1.1022753024912941,1.049892995733991
2.0064384929580195,1.41648808429793
1.6662895131894864,1.2908483695575892
3.248036237631086,1.8022309057473977
1.4647124977410482,1.210253071775093
0.9364797457119961,0.967718836084116
1.150821747632017,1.0727636028650567
2.1279059002872236,1.4587343487719837
1.7992493938365766,1.3413610229302835
2.2425314553948756,1.4975084158010183
1.5798882091856206,1.2569360402127152
1.5275210198743507,1.2359292131325121
1.3770965884347721,1.173497587741352
1.609771426303238,1.2687676801933592
1.2422600165158482,1.1145671879773997
1.9008989600906832,1.378730923744979
0.7855412809075096,0.886307667183078
1.0173272211293127,1.0086264031490118
2.0666832941221482,1.4375963599432728
2.9089347702856663,1.705559957986135
1.3840782192088628,1.176468537279626
1.566032963584858,1.2514123874985648
2.0112155569120156,1.4181733169510755
1.5312452788539255,1.2374349594438996
2.014773214398146,1.4194270725888476
2.1030806926597334,1.4502002250240251
1.364274182096027,1.1680214818641081
1.8106495538023009,1.3456037878225153
1.8480509166757677,1.3594303647762793
1.3709276168018367,1.1708661822778197
1.5424817714734838,1.2419668962872898
2.188677986070439,1.4794181241523434
1.8453929120530594,1.3584523959466004
2.241824636475921,1.4972723988893675
2.1284708572947415,1.4589279822166485
1.7603257004455823,1.3267726634377053
1.358845290608538,1.1656951962706794
1.935575169374008,1.391249499325699
1.8986135786383023,1.3779018755478571
1.4999385320135146,1.2247197769341012
1.4085072783166965,1.186805493042856
1.8886317087333906,1.374274975662946
1.7628515412664567,1.3277241962344652
1.3288747955837963,1.1527683182599167
1.239049059005096,1.1131258055606725
2.011055196801486,1.4181167782666864
1.2436202370151563,1.1151772222454852
1.2369908832631262,1.1122009185678305
2.224684866520182,1.4915377522946518
1.4147425958204272,1.1894295253693794
1.689824969556511,1.2999326788555288
1.1171744161095953,1.0569647184790962
0.8776754268868627,0.936843331025451
0.7132504915166334,0.8445415866117153
1.008462132045827,1.0042221527360502
0.9846736223960832,0.992307221779668
1.6618485368315545,1.289127044488461
1.498394441438776,1.2240892293614776
2.8302962214108476,1.6823484244979836
2.4336854914408277,1.560027400862186
3.259671183274185,1.8054559488600614
1.199379874406136,1.0951620311196586
0.7922324879065036,0.8900744282960295
1.0158931755088296,1.0079152620676153
1.5087305015705517,1.2283039125438588
0.9345787262359423,0.9667361202706467
0.974525295152452,0.9871804774976316
0.6709262737306777,0.8191008934988886
0.890150528449487,0.943477889751258
0.980970508340511,0.9904395530977703
1.1386779814481698,1.0670885537049724
1.6888480847126401,1.2995568801374722
1.4439838819190742,1.2016588042864222
1.5673318554987636,1.251931250308404
1.1740542171555228,1.0835378245153802
1.8231882351621937,1.3502548778516572
2.539921369947806,1.5937130764186525
1.724253714024244,1.3131084167060403
1.2108120753463563,1.1003690632448535
1.8054497696425835,1.3436702607569253
1.8635571849764607,1.3651216740556356
0.908793664807674,0.9533067002846849
1.589068259789424,1.2605825081244877
1.0897692394908205,1.0439201308006376
1.2012557579423133,1.096018137597327
0.7055648739839258,0.8399790913968787
1.5799910534822232,1.2569769502589232
2.312973755963534,1.5208463945985913
1.0611499279538272,1.0301213171048482
1.3588212639489725,1.16568489050385
1.1873644258781946,1.089662528436302
1.1475395524164316,1.0712327256093475
1.3951195238902525,1.1811517785154677
1.321306392272657,1.1494809229703018
1.6114503002766891,1.2694291237704802
1.2675800458048196,1.125868573948496
0.8006132988541858,0.894769969799046
1.5126517794689913,1.2298990932060205
3.3000162937123143,1.8165946971496736
1.59083425602369,1.2612827819421346
1.1094856665326556,1.0533212551414006
1.5326246927756841,1.237992202227334
0.952254846459778,0.975835460751339
1.600003444330146,1.2649124255576534
1.4151149962653333,1.18958606089065
1.4874118801587402,1.2195949656171676
1.6508004867892276,1.2848348091444393
2.400375845275394,1.5493146372752675
1.0313324091318423,1.0155453752205474
2.0388690313571067,1.42788971260287
1.4072728403609993,1.1862853115338652
1.4241904084490082,1.193394489868714
1.0733039855335207,1.0360038540148009
2.028188015604766,1.4241446610526496
1.2503238436738129,1.118178806664575
1.6452803719471243,1.2826848295458726
1.527532601307604,1.2359338984377781
1.7502826628094224,1.3229824877183456
1.1367742720974834,1.0661961696130235
2.073437465871498,1.439943563432782
1.256539748396951,1.1209548378043386
1.3046053579965964,1.142193222706472
1.7090470600479326,1.307305266587698
1.2401657945486229,1.1136273140277329
1.6594226672289965,1.2881858046217542
1.9946240693384447,1.412311604901144
2.3772896464686415,1.5418461811959847
1.0403293622655037,1.0199653730718037
1.2562159685850185,1.120810407064914
1.1625257687607056,1.078204882552804
1.4926160686305152,1.2217266750916569
1.049449670353094,1.0244265080292945
1.3927488571890083,1.1801478115850608
1.7301696035950516,1.3153591158292293
2.0561444919501315,1.433926250526899
1.5493308851053538,1.2447212077832344
1.0102447935156327,1.0051093440594574
1.9508551698534184,1.3967301707392943
1.5982991373391264,1.2642385602959303
1.5035665154063795,1.2262000307479932
1.2334582086716956,1.1106116371944315
1.4761326868931932,1.2149620104732466
1.9412263159636491,1.393278979947537
1.7284647901861236,1.3147109150631267
1.5905204466489855,1.261158374927188
1.174998610760482,1.0839735286253451
1.5732148313580883,1.254278609942021
1.5494830113998623,1.2447823148646764
1.5525544860731064,1.246015443753851
1.5616179649654858,1.2496471361810444
1.848364516885707,1.359545702389481
1.5693825793952556,1.252750006743267
1.8990187148915356,1.378048879717819
1.115783957216345,1.0563067533706036
1.2802379777611945,1.1314760173159635
1.1216948217390876,1.059100949739489
1.4150203176448797,1.1895462654495115
1.3073934773350464,1.1434130825449944
1.3288632675080707,1.1527633180788113
1.479956000546344,1.2165344222611805
1.6489362848133036,1.2841091405380243
1.0898866074202767,1.0439763442819365
1.6601990806684763,1.2884871286390394
1.690279065554268,1.3001073284749487
1.184955835335607,1.0885567671626533
1.6711489213438704,1.2927292529156562
1.9358014429789865,1.391330817231828
1.1311993503560185,1.0635785586199162
1.633206199948491,1.2779695614327014
1.6498242276850859,1.2844548367634752
1.612397571615519,1.2698021781425322
1.2274637024294728,1.1079096093226526
0.9492184508783619,0.9742784257481851
1.0794805503965212,1.0389805341759397
0.9248607002756042,0.9616967818785733
1.4697706143156424,1.2123409645457182
1.227468773802954,1.107911898032941
1.4263121350523478,1.1942831050686213
1.5227753230871026,1.2340078294269865
1.689505315488475,1.2998097228011778
0.8842808205811175,0.9403620688761949
1.093950439339684,1.0459208571109402
1.3136221554793086,1.1461335679052893
1.4687298077118818,1.2119116336234592
1.5318338798218416,1.2376727676659294
1.2086865399228621,1.0994028105853024
2.1767001004515256,1.475364395819394
1.4384500668511424,1.1993540206507596
1.225078360449836,1.1068325801356933
1.2312158117913232,1.1096016455428153
2.792514330153188,1.6710817843999102
1.4309666999727968,1.1962302035865826
1.3850662089918138,1.176888358762977
1.0433994461300093,1.0214692585340046
0.9020786922419513,0.949778233190228
1.385870362273574,1.1772299530140975
1.545198292931464,1.2430600520214075
1.427188325017773,1.1946498754939763
1.5569034713157104,1.247759380375764
2.1718295932224647,1.4737128598280143
1.439661020395825,1.1998587501851312
1.9864003314844396,1.409397151793787
1.8758301677288611,1.3696094946110957
1.7125849159120872,1.3086576771303056
1.1486680787603776,1.0717593380793926
2.7461731291028726,1.6571581484888136
1.5866320989971268,1.259615853741579
1.803944537804826,1.343110024459957
1.9654547624860248,1.401946775910564
1.5872557886282854,1.259863400781325
1.381979785982568,1.1755763633139993
2.065413120807758,1.4371545222444795
1.190034322961897,1.0908869432539272
1.5670897337698566,1.25183454728245
1.5560579592741797,1.2474205222274402
3.28913819403903,1.8135981346591175
1.433871234402971,1.1974436247285176
1.9797999137657605,1.4070536286033168
1.8214577674453194,1.349613932739774
1.3300103054488146,1.1532607274371285
1.1736249998835628,1.0833397435170384
3.063942803600917,1.7504121810593403
2.046251430032108,1.4304724499381691
1.164482427942846,1.0791118699851494
1.5589250345188512,1.248569194926277
1.435752023048395,1.198228702313709
1.4687466468462906,1.2119185809477016
1.5842581539625877,1.2586731720198805
2.497956545645953,1.5804925009774495
1.2775532104447043,1.1302889942155079
0.7739857980623935,0.879764626512338
0.9183696726301718,0.9583160609267549
1.3773433861252444,1.1736027377802272
2.2968040684372872,1.5155210550953382
1.1628842571817737,1.0783711129206743
1.4837073467267636,1.218075263161831
1.4106555778682237,1.1877102247047566
1.700969149629221,1.30421208000433
1.2108539000829355,1.100388067948274
0.8651356323413214,0.9301266754272353
1.1051065222571081,1.051240468331156
1.4239676421229388,1.1933011531557902
2.0597884794580557,1.435196320876714
1.6340825568637665,1.2783123862592298
1.5670683208663962,1.2518259946439825
1.4462991981101712,1.202621801777338
1.1905465597256935,1.0911216979446854
1.3369771771500065,1.156277292499514
1.0905531425262467,1.0442955245170051
1.2567267522318855,1.1210382474438085
1.9012612160179723,1.3788622904474443
1.5483205484049167,1.244315293004517
1.7579570429128266,1.3258797241502815
1.371562626898551,1.171137321964658
1.2267213833789705,1.1075745498064546
1.281472783393824,1.1320215472303625
1.5997652767748685,1.2648182781628625
0.8901006666241507,0.9434514649011632
1.3205011621162366,1.1491306114259756
1.221657199172067,1.1052860259553032
2.2171974593199266,1.4890256744999149
0.8783371564693009,0.9371964343024897
1.5735243238200685,1.2544019785619236
1.960931051061059,1.4003324787567626
2.0560120913260658,1.4338800826171154
1.0710234061395345,1.0349026070793013
1.7576618732538591,1.325768408604557
1.167917884940394,1.0807024960369038
1.3719982023884525,1.171323269805758
0.998818593882003,0.9994091223728163
1.8745559175765507,1.3691442281865525
1.5910178868272584,1.2613555750965937
1.2663212134753863,1.1253093856692862
1.9163199152491894,1.3843120729261844
2.9626826296797084,1.7212445002612815
1.8607187739346993,1.364081659555138
1.5694155646124563,1.2527631717976293
2.119068810063952,1.4557021707972932
2.594853123232467,1.6108547803053095
1.891969536329643,1.3754888354071229
1.658821056703699,1.2879522726808237
1.1388392190757404,1.0671641012870234
1.3611999692781669,1.166704748116749
2.129386253936942,1.4592416708472047
1.4263400889913622,1.1942948082409812
2.313740071269625,1.521098310849639
2.3228126514195813,1.5240776395641993
1.405388777901727,1.1854909438294865
1.5666399348229734,1.2516548784800758
1.617084606791239,1.2716464157898764
1.5013440756579162,1.2252934651167924
1.4769443908916522,1.2152960095761247
1.4961533396631324,1.2231734707976347
1.4853543745899105,1.2187511536773659
1.4616192119812383,1.208974446372312
1.4154573197052067,1.1897299356178304
1.4108306340935421,1.1877839172566458
1.5407342964757367,1.2412631858214989
1.4896627724412335,1.2205174199663165
1.5787359576783158,1.25647759935397
1.3298431535180795,1.1531882558880313
1.1894739897107205,1.0906300883941908
1.2793368534933596,1.1310777398098504
1.1285073757774613,1.0623122779001763
3.0082199523684636,1.7344220802239758
1.3231599053042296,1.150286879567106
1.2413791368386102,1.1141719511990105
1.7531037505671994,1.3240482432929699
1.696336481937132,1.3024348282878233
0.8168193019858633,0.9037805607479413
1.0373419137046997,1.0184998349065648
1.611542431447978,1.2694654116784663
2.607089093489546,1.614648287860098
1.7874603163648335,1.3369593547916232
1.9046282008283808,1.380082678982814
1.1682158268210452,1.0808403336390835
0.687756500179638,0.8293108585926257
1.527000474261256,1.2357186064235077
1.8644008862439685,1.365430659625002
1.5167165227980663,1.2315504548324712
1.2486579668584603,1.1174336521057795
1.0824252675860913,1.040396687608189
1.3625815883064478,1.1672967010603807
1.7676542808969231,1.329531602067782
1.3527241525736733,1.1630667016872562
1.3643873195182665,1.1680699120850029
1.2695306790002716,1.126734520195539
2.8472227670801815,1.6873715557280742
1.4869399555964735,1.2194014743293013
1.5364653759916016,1.2395424058867859
1.9042901767065339,1.3799602083779567
1.0306916157949444,1.015229833976004
1.0884201794578725,1.0432737797231715
1.126544004723857,1.0613877730235342
1.4138014874603761,1.1890338462215346
1.0664300120946337,1.0326809827311791
1.3823388718310268,1.175729080966796
1.9345984837547057,1.390898444802749
1.1476133639250323,1.0712671767234505
2.1529240215673817,1.467284574159826
1.7965302571965496,1.3403470659484242
1.9392759212742587,1.3925788743458156
1.7505946859720574,1.3231004066101928
0.8895951132650151,0.9431834992539972
1.425723550192699,1.1940366619968998
1.115096883995257,1.0559814790020028
0.9648151190769766,0.9822500287996823
1.439675369729551,1.1998647297631309
1.348794417988408,1.1613760880905064
2.2758633722098667,1.5085964908516347
1.2316749694628935,1.1098085282889538
1.4748138868314986,1.214419156153055
1.1577668743306289,1.0759957594389622
1.5421094853284951,1.2418170095986345
1.4517023908142739,1.2048661298311418
1.4134848923311518,1.1889007075156242
2.2043482470283613,1.4847047676317204
2.163995347484696,1.4710524625195038
1.390832774000144,1.1793357342165733
2.0256496000929696,1.4232531749808146
1.2692030851080844,1.1265891376664718
1.1656880084986203,1.0796703239871976
1.4402246152585185,1.200093586041738
1.0562254203231216,1.0277282813677562
1.8911115377388283,1.3751769114331538
1.3298323423529907,1.1531835683675824
1.157910780140997,1.0760626283544081
1.6669728480007833,1.2911130268108921
2.1254235567208024,1.457883245229467
1.6510513594443768,1.2849324338051307
1.5511401904202873,1.245447787111241
1.5135285175280717,1.2302554683999871
1.421755908554845,1.1923740640230502
1.8541621064189715,1.361676212033893
1.17473974385071,1.0838541155758508
1.5474005547066492,1.2439455593821818
1.0108336477267617,1.0054022318091211
1.2719137986139748,1.1277915581409426
1.3045509876617614,1.1421694216103675
1.7132840147837656,1.3089247552032033
1.3875550512437087,1.177945266658731
2.117546610986357,1.4551792367218401
1.7470566283949773,1.3217626974593348
2.088221820006237,1.4450681022035734
1.242154536239015,1.1145198680324253
1.3185005311082543,1.1482597838068938
1.7324634483590962,1.3162307732153569
2.3014389857139705,1.5170494341694902
1.4135393833002614,1.1889236238296643
2.0376574493395223,1.4274653933947128
1.8706013719265515,1.3676992987958103
1.481307764356337,1.2170898752172483
1.3912971378934658,1.1795325929763305
1.4610904198667838,1.2087557320926274
1.8663025028443634,1.366126825314679
1.5068240907973165,1.2275276334149534
1.0976234314041684,1.0476752509266258
1.9946521719057875,1.412321554004536
1.7817905990381728,1.3348372930953694
1.6473346437151957,1.2834853500197014
1.421565474647231,1.192294206413514
1.5664586266021916,1.2515824489829632
1.8445813111962504,1.3581536404973666
1.4103709323763804,1.187590389139446
1.3545445771169435,1.1638490353636692
1.4539052078976933,1.2057799168578374
1.2671667736380308,1.1256850241688527
1.0744811832089298,1.0365718417982084
1.0733854343253788,1.0360431623853221
1.0955975664978743,1.0467079661958603
2.240656270182001,1.496882183133329
2.344929219299007,1.5313161722188553
1.552269546109007,1.2459010980447072
1.8793324131880658,1.3708874546030632
1.4466669042954392,1.2027746689614973
2.416319502752073,1.5544515118690814
1.112872490083659,1.0549277179426366
1.7007494398903853,1.3041278464515607
1.375330521490555,1.1727448663245366
1.3378070707879808,1.156636101281635
1.4546799183216637,1.206101122759474
1.250327230295177,1.1181803210105143
0.7663396087039026,0.8754082525906999
1.182183013081479,1.0872823980371793
1.4956814616707377,1.222980564715048
1.8179765746386491,1.34832361643585
0.9791212421185892,0.9895055543646984
2.02009792470148,1.421301489727454
1.7118794107550388,1.3083880963823535
1.1358438957268349,1.0657597739297702
1.4645612759841613,1.2101905948998948
1.4555757937951757,1.2064724587802143
1.0340283312756717,1.0168718362092992
0.8547906739506076,0.9245489029524656
1.1066638104382949,1.0519808983238692
1.098211864530347,1.0479560413158306
1.4698373258512778,1.2123684777538872
1.1562266478803176,1.075279799810411
1.9642351775149487,1.4015117471912066
1.0752566129191519,1.036945810020539
1.815663846106184,1.347465712404655
1.2659939889060643,1.125163983118045
1.49695277573142,1.2235002148473126
1.4719715162456821,1.2132483324718324
1.488940551825571,1.2202215175227697
1.0059694536743813,1.002980285785509
1.8686070315125562,1.3669700185126799
1.6090687971686957,1.2684907556496798
0.9007806294592697,0.9490946367245311
1.7335777971517077,1.3166540157352302
2.0027569652896613,1.4151879611167066
1.7380934935159869,1.3183677383476837
1.139238743842165,1.0673512748117018
1.2583114928449335,1.1217448430213235
1.6686366704704592,1.2917572026005735
1.5252626916235414,1.2350152596723416
1.1401753885638441,1.067789955264538
1.3036879293658685,1.141791543744246
1.0924304649174008,1.0451939843480735
1.5701946707819245,1.2530740883052065
1.9450104730397504,1.394636322859745
1.311082263223142,1.1450250055012519
1.2821604041552461,1.132325220135649
1.5707020257505453,1.2532765160771766
1.3426403113955219,1.1587235698800304
2.2135527916260416,1.4878013280092344
2.2259480769372164,1.4919611512828397
1.4195657431127433,1.1914553047062837
1.2775349069844444,1.1302808973810203
2.274197537891924,1.5080442758393813
1.1205235307928958,1.0585478405782593
0.7419683447171205,0.8613758440524789
1.476104988262664,1.2149506114499733
1.3066909473585773,1.1431058338397968
1.152715204984493,1.0736457539544844
1.953327322246948,1.397614869070499
1.4255957981241325,1.1939831649249215
1.7874002456187514,1.3369368891682027
1.8172121976054534,1.3480401320455757
1.368489334312724,1.1698244886788463
1.7046303870904504,1.3056149459509303
1.6275278451109736,1.275745995530056
1.7263158914748138,1.313893409479937
1.7575395765243937,1.3257222848411327
1.797241482931404,1.3406123537143033
2.4238436414865654,1.55686982162497
1.3609108921854272,1.166580855399842
1.4192758542453234,1.1913336452250995
0.8487846266771436,0.9212950812183595
2.0164076926503065,1.4200027086771019
0.9732219667025913,0.9865201299023711
0.8782075145071442,0.9371272669745259
1.617527241504545,1.2718204438931404
1.8566912075414095,1.3626045675622145
3.2637520126025295,1.8065857335323252
1.8393793693868326,1.3562372098518873
1.16525421754641,1.0794694148267518
1.533995978158563,1.2385459128181575
1.417751460986661,1.1906936889841404
2.0192899300594,1.4210172166653716
1.6497252050141942,1.2844162896094842
1.0734179290642718,1.0360588444023204
2.101663303156957,1.4497114551375239
1.7744465236821338,1.3320835272917888
1.8073733085122103,1.3443858480779283
1.9611441591376086,1.4004085686461678
1.8740397399565794,1.3689557114664372
2.2220756834222595,1.4906628335818464
1.262347735233786,1.123542493737458
1.744790207057168,1.3209050711755057
2.7755006038685295,1.6659833744274068
1.3203345589440039,1.1490581181750572
1.1138320689890946,1.0553824278379353
1.466405326352408,1.2109522395009673
1.581844086455342,1.2577138332925109
1.2433779924438286,1.1150686043664886
1.4831440386509296,1.2178440124461465
1.435057919197268,1.1979390298330161
2.2500214994280894,1.5000071664589105
1.4282535122477125,1.195095607994487
1.1909904030629914,1.0913250675499906
1.4306855266824239,1.196112673071573
1.8423236323569425,1.3573222286387792
1.4827261769548061,1.2176724423894982
0.735476133237299,0.8575990515604008
1.0023141385566068,1.001156400647075
1.5514049001600876,1.2455540534878795
1.4393811723752565,1.1997421274487516
2.361361068182456,1.5366720756825303
1.98620487507968,1.4093278096595128
1.5365703843637997,1.239584762879812
1.0765859763565344,1.0375866114963774
1.005735078005827,1.002863439360428
2.035958855500457,1.4268703008684627
1.8492021007949342,1.3598537056591544
1.562367033719998,1.249946812356429
0.8743491972828881,0.9350664133006211
1.007735451310556,1.0038602747945333
1.021225014195694,1.0105567842509862
1.2849847260047664,1.1335716677849559
2.2848150936461145,1.5115604829599492
1.68917048740149,1.299680917533796
1.544091911667194,1.2426149490760177
1.3636650044241807,1.1677606794305846
1.0640413109317226,1.0315237810790998
2.185586522925436,1.4783729309363847
1.7562110578898473,1.3252211354675292
1.0437213651994883,1.0216268228661032
0.9606575663153769,0.9801314025758877
1.8617824946577544,1.3644715074554523
1.227511164450628,1.1079310287425965
1.4104012856320491,1.1876031684161377
1.3921571799288344,1.1798971056532153
1.2777707927460726,1.1303852408564403
1.7251037351753578,1.3134320443690102
1.3625287010325882,1.1672740470997323
1.1392462531125043,1.0673547925186377
1.3240857887752586,1.1506892668202213
2.067215883717098,1.4377815841486836
2.070054471265064,1.4387683869424794
1.266908237934172,1.125570183477766
1.437637481116948,1.1990152130465017
1.5491065571011784,1.2446310927745532
2.043531734085798,1.4295215052897239
1.2632779701221828,1.123956391557156
1.4227128332953447,1.192775265209396
2.451184245474084,1.56562583188771
1.3401736010482432,1.157658672082684
1.046005422583655,1.0227440650444544
1.4918717753004453,1.2214220299718053
1.6629744206820678,1.2895636551493175
1.1665023167793371,1.080047367840567
0.9858226664472917,0.9928860289314638
1.5895780599430533,1.2607847000749388
1.2970136095836535,1.1388650532805251
1.4225647058517807,1.1927131699833706
0.9369531404681428,0.9679633983101545
1.1293879203179624,1.0627266442119359
1.4482251914084998,1.2034222830779309
1.9400455028901962,1.3928551622082592
1.210109143899135,1.1000496097445491
1.8511912260429264,1.360584883806566
1.5759394161590654,1.255364256365086
1.6973725952057035,1.3028325276894583
1.8384045303629204,1.3558777711736854
1.0190983616515947,1.0095040176500512
1.3930848565027192,1.1802901577589806
1.2294508667969497,1.1088060546357734
1.434872619626411,1.197861686350478
0.9067620458458255,0.9522405399088119
1.4022659032341696,1.184173088376091
1.477848949862653,1.2156681084336518
1.1456460468612757,1.0703485632546417
1.3897226308900712,1.1788649756821479
1.5929998715832883,1.2621409872051887
1.2320470234745424,1.1099761364437266
1.6372536057942315,1.2795521114023576
1.1293389950568111,1.0627036252205087
0.9133270872741278,0.9556814779381925
1.4964395254037428,1.2232904501400077
1.4950104631782797,1.2227062047680464
1.487039780254974,1.2194424054685706
1.7155749637808781,1.3097995891665557
2.4853784450804457,1.5765083079642954
1.3778195298052172,1.1738055758110955
1.6720488107864573,1.2930772640435904
1.8639260019116077,1.365256753109688
1.5956334400416117,1.2631838504515531
1.5143376542765141,1.2305842735369708
2.0265325965306054,1.4235633447551974
1.886316807480663,1.3734324910532236
1.7037720971799184,1.3052862127441316
1.7799018712784271,1.334129630612568
1.703012487135144,1.3049952057900995
1.9611337460774163,1.4004048507761662
1.108492528181802,1.0528497177573835
1.8514491239860176,1.360679655167232
2.621198408351467,1.6190115528777016
1.7645565745833238,1.3283661297185063
1.2201184106579361,1.104589702404443
1.8073617138209215,1.3443815358077935
2.067997833576267,1.4380534877313387
1.118789508267193,1.0577284662271282
1.3266897680495053,1.1518201977954308
1.6843441305730078,1.297822842522433
1.424255039946707,1.193421568410219
1.2835204784615895,1.1329256279480968
0.9399579710979671,0.9695142964897253
1.2040252763998278,1.0972808557519937
1.825667456822783,1.351172622880875
1.5868132883238595,1.25968777414241
1.530690971243733,1.2372109647282201
1.7289652298117588,1.3149012243555631
1.1214588820207358,1.0589895570876682
1.8676465656729897,1.3666186613949736
0.826410343318081,0.9090711431555184
1.2825980942383233,1.132518474126724
1.3295025309811084,1.1530405591223183
2.6676793802124963,1.6333032113519206
2.572081168422857,1.603770921429509
1.6825657435031027,1.2971375191178085
1.4249892759743388,1.1937291468228204
2.171652644052633,1.4736528234467685
1.4303876278322643,1.1959881386670457
1.7953400079602952,1.3399029845329458
1.7953231421516418,1.3398966908503214
1.519429261794419,1.2326513139547692
2.188017894290446,1.4791950156387244
1.7507843512426844,1.323172079225784
1.169341290032248,1.081360850980027
2.5785626088195066,1.605790337752568
2.351756173376042,1.5335436652981362
3.0781218630718143,1.7544577119645302
2.701036429138143,1.643483017599556
1.5372862924316788,1.2398734985601068
1.420375999308481,1.1917952841442532
1.4502011212001693,1.2042429660164802
1.1144566824468731,1.055678304431266
1.3967245383817153,1.1818310109240302
1.296984974323163,1.1388524813702445
1.1210717589348071,1.0588067618478865
1.2128676459096788,1.1013027040326737
2.018952722617059,1.4208985616915302
1.7476555410078312,1.3219892363434096
1.6393500641626155,1.2803710650286562
1.4171793838085627,1.190453436220234
2.1006866286477397,1.4493745646477103
1.8555277242998767,1.3621775670961098
1.7290272647396847,1.314924813340932
1.7368533894838813,1.3178973364734756
1.0945788844730797,1.0462212406910307
1.4095633250451154,1.1872503211391923
1.5289317856688764,1.2364998122397255
1.9420290011632786,1.393567006341381
1.7512523475455317,1.323348913758398
1.6938587921298962,1.3014833045913021
1.2771946147778215,1.1301303530026179
1.6294960463003334,1.2765171547223066
1.7649342932170664,1.328508296254512
1.647684648770787,1.283621692232874
2.1281482011551427,1.4588173981534298
1.8405981380128589,1.356686455306774
1.0991167498758745,1.0483876906354226
0.8759535497574139,0.9359239016914858
1.0439795065931357,1.0217531534539719
1.158089307010103,1.0761455789111913
1.2390882807349397,1.1131434232545865
1.5331543650344284,1.2382061076551143
3.040516405630491,1.7437076605986714
1.4589188010213232,1.2078571111771967
1.419126711721179,1.19127104880509
1.157721491855758,1.07597467063856
2.2633999020903826,1.504460003486428
1.2054348943961437,1.0979229911046329
1.8944933322033743,1.3764059474600414
1.092587911766882,1.0452693010735952
1.4165299190728822,1.1901806245578366
2.2396731751271846,1.4965537661999266
1.2785064208161636,1.1307105822517818
1.1603709430098503,1.0772051536313083
0.9404939639694427,0.9697906804921579
1.1490525700264522,1.0719386969535396
0.9100204193389381,0.9539499039985999
1.530064449595758,1.2369577396159328
1.546884653746323,1.2437381773292653
1.8921661967815537,1.375560321026146
3.406289069984335,1.8456134671117717
1.6701337868666082,1.2923365609881228
1.4467669497171203,1.2028162576707717
2.1426631190359604,1.463783836171161
1.962385461607072,1.4008516915102298
1.7373325015999894,1.3180790953504988
1.3881087148274498,1.1781802556601642
1.223977136391982,1.106335001883237
1.5031407414888796,1.2260264032592771
1.8145882650712697,1.3470665406991853
1.1857390554631895,1.0889164593591143
1.6461585714815017,1.2830271125278303
1.6463224666668699,1.2830909814455365
1.526421434658245,1.2354842915465356
2.2358132661070407,1.4952636109084714
3.115570739808527,1.7650979405711533
1.3760550253405608,1.1730537180114817
1.7787775833076385,1.3337082077079823
1.8452753280586467,1.3584091165987686
1.8442631986528544,1.3580365233132923
0.95185637304226,0.9756312689957513
1.0078701302404849,1.0039273530691775
1.7368246212252252,1.3178864219746804
1.8614064208818994,1.364333691177455
1.5860152860833518,1.2593709882649162
1.4402512453629936,1.200104681002034
1.417014592753232,1.1903842206419035
2.3250074882531986,1.5247975236906697
2.1260230356991947,1.4580888298382904
1.9620263257953814,1.4007235008364003
1.7656654820814763,1.3287834594400536
1.3117183260024265,1.1453027224286279
2.6383321895596756,1.6242943666588503
1.956583811269302,1.3987794005022027
1.358172582511923,1.1654066168131718
1.981470046470731,1.4076469892948058
2.07382291712932,1.4400773997009049
1.3316243906635201,1.1539603072305045
1.306364156932953,1.1429628851948574
2.594157046524333,1.6106387076325754
2.010694710661593,1.4179896722690166
2.5622495608273246,1.6007028333914215
1.9055078358841193,1.3804013314555008
1.22422696690618,1.1064479051930913
1.4156232053379998,1.1897996492426781
1.1748586436229123,1.0839089646381344
1.0974524489830169,1.0475936468798466
2.3633056689427763,1.5373046766801877
1.6735859351083462,1.2936714942783374
2.464498240417988,1.5698720458744362
2.22319643614814,1.4910387104794227
1.4092188137545283,1.187105224381785
1.0710517080679745,1.034916280704857
1.2096675274723228,1.099848865741254
1.6165904929773742,1.2714521198131585
1.2241958043809908,1.1064338228656023
1.6514204355305038,1.2850760427035062
1.4605718013552471,1.2085411872812806
2.4209566434183993,1.555942365069606
1.550445339159802,1.2451687994644751
1.6848736104917732,1.2980268142422071
1.0932952990113072,1.0456076219171833
1.7995336028572118,1.3414669592864417
1.6246527839196396,1.2746186817709992
1.7943487832090699,1.3395330467028688
1.7682302265354952,1.3297481816251884
1.1778420540545638,1.085284319454844
1.091756189037777,1.0448713743986755
1.4389741722189135,1.1995724956078784
1.6289950019195687,1.2763208851693875
1.3763893640876157,1.173196217215013
1.5128480691308355,1.2299788897094273
2.0152015807323873,1.4195779586667254
2.1148792469571522,1.4542624408809959
1.7835362372000494,1.3354910097788188
2.2868802843306844,1.5122434606671917
2.1103307889643315,1.4526977624283488
1.614101594153295,1.2704729804892723
1.7681099684806454,1.3297029624997627
2.1959077493694834,1.4818595579100886
1.2697063046357921,1.1268124531774542
1.9008772249076897,1.3787230414074068
1.8066994152055402,1.3441351923097395
1.4952164537283221,1.2227904373719654
2.6705908507446785,1.6341942512273988
2.2958046738155047,1.5151912994125543
3.1829133178222513,1.784072116766094
1.1294787835323636,1.0627693933927358
1.085545971059614,1.0418953743344934
0.9249018136037651,0.9617181570521403
2.3574580217448804,1.535401583216873
1.8050150109732912,1.3435084707486185
1.2199930159929548,1.1045329402027604
2.0174791439297053,1.420379929430751
1.1299082709929738,1.0629714347022565
1.3829312559286306,1.1759809760062578
1.238772087821318,1.1130013871605542
1.664917824822627,1.2903169474290521
0.9889389114914521,0.9944540771154051
1.1088002548572313,1.0529958475023684
2.4980241948465465,1.580513902136437
1.5904096992234422,1.2611144671374768
1.5827837903463242,1.2580873540205084
2.5584802126029245,1.599524995929393
1.9657484529964986,1.4020515158140583
1.4494615169927676,1.2039358442179415
1.167386109441619,1.0804564356981816
1.7560981576562245,1.3251785380303382
1.9270096026801338,1.3881677141758246
0.7307272324235776,0.8548258491784029
1.9352545980635725,1.3911342846984875
1.5496252954244818,1.244839465724188
1.393370544536575,1.1804111760469633
1.1938525123949837,1.092635580783906
0.8699590456418358,0.9327159512101397
1.022964885672142,1.0114172658562548
1.4233520551676564,1.1930431908223844
1.4686421430815921,1.2118754651702428
2.2067604812409556,1.4855169070868752
1.342230741406274,1.1585468231393472
1.9491361484595477,1.3961146616447904
1.3860551470498892,1.1773084332705213
1.6492960431533004,1.284249213802874
1.3281311558634257,1.1524457279470586
2.405159352753443,1.5508576184658098
1.2269364780647858,1.1076716472243866
1.565142633593408,1.251056606870132
1.7575434107271604,1.3257237309210244
1.099705090417299,1.0486682461185228
1.4826919151751319,1.2176583737547786
1.6519727784814842,1.2852909314553977
2.562512801925728,1.6007850580030187
1.3378604308155362,1.1566591679555116
1.081855334389801,1.0401227496741916
1.1865144066629871,1.089272420775899
2.5145330913761414,1.5857279373764408
1.4892023679733672,1.2203287950275399
1.7127093087281617,1.3087052031409372
1.2668499638088404,1.125544296688869
1.928959528640885,1.3888698746250079
1.3976428693631082,1.1822194675114719
1.2491862448632853,1.1176700071413233
1.464217606651342,1.210048596813922
0.9765259054547394,0.9881932530910841
2.453104548589197,1.5662389819530087
1.6392252549719004,1.2803223246401276
1.71935194682275,1.3112406136261758
3.197449514456462,1.7881413575152447
1.5922525198757163,1.2618448874072108
1.347913440136402,1.1609967442402247
3.100227417452814,1.760746267198319
2.7139279155009985,1.6474003507044055
1.2643371186054257,1.1244274625805908
1.391425996574169,1.1795872144840198
0.9641373771290372,0.9819049735738369
1.179590689808607,1.0860896324929206
3.1373062560507528,1.7712442677538163
1.1368595435152002,1.0662361574788206
0.904290688810891,0.9509420007607672
1.2537325140825146,1.1197019755642634
1.6559154103813218,1.2868237681910144
1.373028057967676,1.1717627993615756
0.9161108544801086,0.9571368002956049
0.9296204122778278,0.9641682489471575
1.1222878418042534,1.0593808766464747
0.9336177594460361,0.9662389763645617
1.1235890949629883,1.0599948561021362
1.4587902017627827,1.2078038755372424
1.295700834910714,1.1382885552050122
1.054077023508098,1.0266825329711702
1.5446093613446072,1.2428231416193565
1.7434783797879065,1.3204084140098118
2.5269563273579267,1.5896403138313795
1.0863237977395797,1.0422685823431403
1.2019485581799576,1.0963341453133517
1.705291910650937,1.3058682593014261
1.1360096534233046,1.0658375361298291
1.595683732013939,1.2632037571246924
1.233074353770243,1.110438811358034
1.9796969841954302,1.407017051849561
1.2333749288365838,1.1105741437817576
1.3860935144558846,1.1773247277008516
1.1712988802900632,1.0822656237218584
1.7895496067472936,1.3377404855753203
1.2175442136882488,1.1034238594883876
1.07287827121858,1.0357983738250316
1.136589741004221,1.066109628980163
1.7673430555534366,1.3294145536864852
1.6600578406831288,1.2884323190152942
1.5214194683967637,1.2334583367089313
1.1847398830930365,1.0884575706443667
2.653399051227102,1.628925735332063
1.5144587694875422,1.2306334830027754
2.2854263493515905,1.5117626630366259
1.4949522082343707,1.2226823824012394
1.6141058163499618,1.270474642151492
1.1747569979881745,1.0838620751683188
1.1217606445656025,1.0591320241431672
1.5919963697933477,1.2617433850800834
1.1540131475110056,1.0742500395676071
1.1308628393194156,1.0634203493066208
1.32735605079418,1.152109391852258
1.7547658588506982,1.3246757561194733
1.2398956826240497,1.1135060316963037
1.6197863390455063,1.2727082694182144
1.8078571450838457,1.344565783100197
1.9360722329541507,1.3914281271248439
1.110705215599094,1.0539000026563687
2.0056569590444355,1.4162121871543245
1.9147259623548518,1.3837362329413982
1.4944835470547537,1.2224907145065576
1.2508225085489884,1.1184017652655007
1.398570985535447,1.1826119336178909
2.106742385052378,1.4514621541922401
1.1392639224005225,1.0673630696255714
1.6330664463670443,1.27791488228561
3.596583499504216,1.8964660554579447
1.4753118421444515,1.2146241567433325
2.2039604899389436,1.4845741779846986
1.1616007245621591,1.0777758229623446
1.3139598585110501,1.146280881159173
1.1412807638225693,1.0683074294521073
1.3325750569449744,1.1543721483754597
1.420746376217629,1.191950660143963
1.930376602562034,1.3893799345614697
1.2169800161965816,1.1031681722188063
1.6470313812687944,1.2833672043763602
1.0566705980529552,1.0279448419311978
1.1949211582779518,1.0931244934946576
2.0037388685362507,1.4155348348014085
1.6765493055356946,1.294816321157443
1.7509046742615682,1.3232175460828686
1.0481965656744108,1.023814712569814
1.69172774688647,1.3006643482799358
2.1715636415955735,1.4736226252319735
0.9989441995775948,0.999471960375875
0.8663531436362527,0.9307809321404541
1.4300919866184534,1.195864535228992
1.2699616763024475,1.1269257634389442
1.280297998240471,1.131502540094573
1.5418404483139017,1.2417086809368378
1.830820631815202,1.3530782060971944
1.658670118786916,1.2878936752647385
2.2469562773994896,1.4989850824472837
1.186636851439692,1.0893286241716464
1.4869040756949399,1.219386762145194
1.359277781945437,1.1658806894127018
0.8290675202237712,0.9105314493326253
1.2246389798555992,1.1066340767641303
1.6219727301206266,1.273566931935902
1.6259581382288883,1.2751306357502703
1.7800334847279942,1.334178955285982
2.438418532113509,1.561543637595027
1.8465144708880394,1.3588651408024417
1.2226764084569657,1.1057469911589024
1.1563638516482155,1.0753435970182812
1.7156217602751636,1.3098174530350264
1.6258148523708569,1.2750744497365074
1.9702623574627363,1.4036603426266399
1.8946936801321026,1.3764787249108148
1.0663015362346835,1.032618775848417
1.594422854690876,1.262704579341849
1.3201518697911243,1.1489786202497958
1.0498083717701687,1.0246015673275972
0.9778273303680034,0.9888515208907773
1.4270744149168773,1.194602199444182
0.9612912865872003,0.9804546326002036
2.0526408454770197,1.4327040327565983
2.0105695909030006,1.4179455528697147
3.256602735851032,1.8046059780049029
1.824464671550328,1.3507274601304025
2.067945708569228,1.4380353641580683
1.7740477544675626,1.3319338401240366
1.7776254798231945,1.333276220377156
1.1321307511606218,1.064016330307304
1.26966222783944,1.1267928948300305
3.022753801332928,1.7386068564609216
1.8009833069732173,1.34200719333885
1.4544004338462946,1.2059852544066592
1.3472560349348475,1.1607135886750217
1.8606628289034304,1.3640611529192634
2.313379738412584,1.520979861277783
2.0497020130461645,1.4316780409876253
1.5126340212701106,1.229891873812536
1.9372797948300435,1.3918619884277477
1.389933819436657,1.1789545451104793
1.8391922370543297,1.3561682185681574
2.8920483718425545,1.7006023555912635
1.8595304874083138,1.3636460271669895
1.6836133309228292,1.297541263668647
1.453045638517531,1.2054234270651667
2.320743410666695,1.523398638133399
1.9906995342353637,1.4109215195167177
1.377217375206189,1.1735490510439641
1.7119978656642703,1.3084333630965965
2.5370416356714762,1.5928093532094405
2.9629757826222534,1.7213296554182331
1.1981449640258024,1.0945980833282152
2.673612520448376,1.635118503487859
1.3805511931203163,1.1749685923973952
1.3416459430783614,1.158294411226421
1.2497119358324538,1.1179051551148933
2.1392325479114174,1.4626115505873107
1.828491195181739,1.3522171405442762
1.1314327738327423,1.0636882879080423
1.1322711088465547,1.0640822848100397
1.5391510373840176,1.2406252606585189
1.6367275052101182,1.2793465149091228
1.2066981103289642,1.0984981157603158
1.3617128003162569,1.1669245049771886
1.046787238987077,1.0231262087284623
1.7407736449018731,1.3193838125814161
1.5764497769812018,1.2555675119169027
1.736817179420871,1.3178835985855772
1.3104748209660901,1.1447597219356078
2.844996728669738,1.686711809607598
1.4769755114305025,1.2153088131954375
2.2207740942025445,1.490226188939969
1.475515077387581,1.2147078156443964
1.9310581525773591,1.3896251842052083
2.0851746945824616,1.4440133983389702
1.5353305731377354,1.2390845706156361
1.808168567932399,1.3446815860761978
1.2806056257113754,1.1316384695261006
1.9740297564595755,1.4050016926892208
0.9572504854347167,0.9783917852449072
1.551388731376799,1.2455475628721686
1.7246772358953024,1.3132696737134009
1.5810506695737854,1.2573983734575869
1.239774038273825,1.1134514081332085
1.104010398372036,1.0507189911541697
2.30517196358607,1.5182792772036606
1.1341883025931643,1.0649827710311395
1.3123563379996315,1.1455812227858972
1.5275457636270748,1.2359392232739743
1.2472419828350505,1.1167998848652567
1.5118636399842331,1.229578643269406
1.4008601993774796,1.1835794013827208
0.8729540117493069,0.9343200799240626
1.1518973044698138,1.0732647876781451
0.9618832546468911,0.9807564706117881
0.9680477883775609,0.9838941957230771
0.7442882876426229,0.8627214426700097
1.637925044141747,1.279814456920122
3.784326952625628,1.9453346634000095
1.3509274813435908,1.1622940597557878
1.7302624720727866,1.3153944169232232
1.6858447181945115,1.2984008310974355
2.128176510647273,1.4588271010120675
1.0954739727735472,1.0466489252722457
1.553846962565283,1.246533979707446
1.9706248442863559,1.403789458674753
2.4088050728018726,1.5520325617724238
1.6427344100541568,1.2816920106071337
1.7287771728517698,1.3148297124919903
2.317940065618454,1.5224782644157695
1.2171980156216657,1.1032669738651955
1.2591649340134128,1.1221251864268142
1.2275907589516157,1.1079669484924248
1.0950213909387476,1.046432697758794
1.8011645804314005,1.3420747298237161
1.3593368740004381,1.165906031376645
1.7817694774472108,1.3348293813994396
1.2612541672366802,1.1230557275739617
1.4018272973034942,1.1839878788667957
1.097201818215642,1.0474740179191282
1.063281466692625,1.0311554037547517
1.8259189025983003,1.3512656669205727
1.5906734430833815,1.2612190305745397
1.4233132184184811,1.19302691437305
1.6882114774022112,1.2993119245978662
1.3795196738743865,1.1745295542788128
1.4382650370784853,1.199276880907193
1.2692872107673578,1.126626473489487
1.693917380421875,1.3015058126731034
1.8667369661861746,1.3662858288755595
1.740689937336072,1.3193520899805602
1.409975412200317,1.1874238553272867
1.282640666126761,1.1325372691998974
1.3596570532747905,1.166043332503038
1.5807915494365414,1.257295331032666
2.873645599322656,1.695183057761803
1.7130691040639046,1.3088426582534298
1.5017558504371356,1.2254614846812346
1.1225534651106124,1.059506236466125
1.6503486273976427,1.2846589537296047
1.090269298703641,1.0441596136145284
1.0723481321560957,1.035542433778595
1.543018700577465,1.2421830382747403
1.4843421069404545,1.2183357939995256
1.654710246246611,1.2863554121029737
1.3386212961558575,1.1569880276631463
1.647927219720344,1.2837161756869562
1.7762548717905418,1.3327621212318954
1.4087210568245847,1.1868955543031512
1.7283779758776876,1.3146778981475606
1.4588897956058529,1.2078451041445062
1.4093772244276654,1.1871719439186834
1.7356854799998502,1.3174541661856212
1.9572638730292446,1.3990224705233454
1.661300212776362,1.2889143543216368
1.496294288810663,1.223231085613288
2.412014963972704,1.5530663102304112
1.8336161684509187,1.354110840533713
1.8493718163863204,1.3599161063780076
1.8271485904057183,1.3517206036772977
2.024452468063603,1.4228325509572808
1.3696248350999862,1.1703097175961525
3.391542715081402,1.8416141602087561
1.8044518033231949,1.3432988510838513
1.6014949513983552,1.2655018575246562
1.5018471553326835,1.2254987373851853
1.6232912965989053,1.274084493508537
0.9342902296213871,0.9665868970875754
1.5081801197974118,1.2280798507415598
2.056580640035153,1.434078324233078
1.990954948649305,1.4110120299449276
2.0641706725141833,1.43672219740428
1.4596582326875167,1.208163164761911
1.999348779695542,1.413983302481165
1.463895647885649,1.2099155540307964
1.6886238791336183,1.299470614955805
1.1377538205802096,1.0666554366711911
0.8907028291318785,0.943770538389432
2.16627274714593,1.4718263304975658
2.285956925019494,1.511938135314899
1.4982401391898013,1.2240262003690123
1.767489890965996,1.3294697781318672
1.9029427649761,1.3794719152545658
1.666691170771484,1.29100393909991
2.032478878826736,1.4256503354002117
2.606581091182969,1.6144909696814562
2.3480730535944194,1.5323423421658815
1.9018839658717663,1.3790880921361646
1.2781070478296594,1.1305339658009659
1.4647871145749536,1.2102838983374742
1.0433160799270473,1.0214284507135325
2.045534777457977,1.4302219329383734
0.9832596690838995,0.9915945083974091
1.0028317862493024,1.0014148921647323
1.4860075054151782,1.2190190750825756
2.734019116449489,1.6534869568428683
1.5895759726043588,1.2607838722811926
1.3088959486274965,1.144069905481084
1.3002791716094753,1.140297843376666
2.027155215149406,1.4237820111061263
1.130052289352914,1.0630391758316877
0.8361732244098538,0.9144250786203612
1.4342700974582112,1.1976101608863425
1.2819629607919625,1.1322380318607754
1.4142447871846413,1.1892202433463035
2.7358824824715535,1.654050326462757
1.1516290103132678,1.0731397906672122
1.4097632925224828,1.1873345326918117
0.9793879759926981,0.9896403265796611
1.006533093259603,1.0032612288230833
1.4565627550326161,1.2068814171378297
1.6006993517102814,1.26518747690225
1.416735594892344,1.190267026718099
1.3023869597173106,1.1412216961297705
1.6051267997394525,1.2669359888090055
1.8556764328474167,1.3622321508639474
1.3097016873205722,1.144421988307011
1.4150176987815775,1.1895451646665534
1.0901217750049867,1.044088968912605
0.9577722977476464,0.9786584172977038
1.1856843901774745,1.088891358298648
0.8663535623837997,0.9307811570846284
1.8722794750893812,1.3683126379191932
1.0761343017954443,1.0373689323454045
1.3702679232242823,1.170584436606041
1.425326709888068,1.193870474502183
1.0400533588157888,1.019830063694824
1.1775168417082629,1.0851344809323233
0.9921861738664476,0.9960854249844476
1.6656361909789563,1.2905952855093483
1.6322130916594237,1.2775809530747646
1.56469886362625,1.2508792362279622
1.0931882948422758,1.04555645225032
1.3807143069642773,1.1750380023489782
1.6279045754423849,1.2758936379817813
1.4681796010551822,1.2116846128655683
2.4370367787375886,1.5611011430197559
1.5769283434128256,1.2557580751931583
1.7375135700445314,1.3181477800476438
1.703134853248182,1.3050420886884002
1.349526821649424,1.161691362475173
0.8024391199003588,0.8957896627559165
1.2547993685120669,1.1201782753258818
1.6263197398822937,1.2752724179101083
1.7254717086253788,1.3135721177862214
1.8414834448283819,1.3570126914765321
1.3739789338106008,1.1721684750114212
1.6449302443772778,1.2825483399768127
1.6378494349559003,1.279784917459141
2.201988726405983,1.4839099455175786
1.5561465784062818,1.2474560426749641
0.886470054404675,0.9415253870208041
0.9853718762558032,0.9926589929355414
1.077076326913597,1.0378228783918753
1.066941236804971,1.032928476132288
1.126747440350781,1.0614836034300204
1.3919206036455343,1.1797968484639778
1.3946353745562174,1.1809468127550102
1.7385674207517565,1.3185474662490375
1.510387123277017,1.2289780808773674
0.8219460426630887,0.9066123993543705
1.7075157897174695,1.3067194762907108
1.1928165470433199,1.0921614107096624
1.6237125159200385,1.2742497855287394
1.9473582239616536,1.3954777762335213
1.303219162927035,1.1415862485712742
1.2354843679793297,1.1115234446377322
1.1218412830986093,1.0591700916748967
1.65620813161592,1.286937501052759
1.3944042910359997,1.1808489704598129
1.5282604225017231,1.236228305169285
1.5298769639694176,1.2368819523177697
2.67924126274589,1.6368388016985331
1.2383045808280018,1.1127913464922352
1.201532486672037,1.0961443730969187
1.8579307652631605,1.3630593403308457
1.1933525567470415,1.0924067725655318
1.304735011900553,1.142249977850975
1.2564110527615167,1.120897431864984
1.193498159050886,1.0924734134297667
1.0353549659944092,1.0175239387819872
1.5718189654873127,1.2537220447480824
1.4932521917332164,1.221986985091583
1.89600147347896,1.3769536932950797
1.4807114659176233,1.2168448816170545
1.428449044284572,1.1951774112175029
1.6383944197617075,1.279997820217561
1.1066562334121406,1.0519772970041419
1.9310034289454867,1.3896054939965827
2.579779127562302,1.606169084362634
1.5403055076993408,1.2410904510547733
1.313554987540788,1.1461042655626006
0.823147572669824,0.9072748054860909
0.973606048010915,0.9867147754092441
2.373896771914674,1.5407455247102535
0.9942995995127434,0.9971457263172436
1.487112469828182,1.2194722095350028
1.821357561911746,1.3495768084520963
1.4719457955682775,1.2132377325026935
1.4222882749055494,1.1925972811077297
1.7352690296529933,1.317296105533222
1.5774657560483993,1.2559720363321787
1.3543469182481396,1.1637641162401167
1.6082008988973933,1.26814861073038
1.1326636635198228,1.0642667257411662
1.2737816081465898,1.1286193371312534
1.463460648906163,1.2097357764843375
2.0324631989109547,1.4256448361744782
1.621716490478675,1.2734663287573311
2.2842735671657475,1.511381344057729
1.5174894266370011,1.2318642078723616
1.9385907432369955,1.392332842116782
1.5509969336113016,1.2453902736135776
2.2241269017045697,1.4913506970879016
1.282859588929144,1.132633916554305
1.0915075081912997,1.0447523669230425
1.057061265448037,1.028134847891091
1.4781589219309035,1.2157955921662587
1.129858783962598,1.062948156761466
1.3939403819181773,1.1806525237842747
1.1653049813353549,1.079492927876489
1.8843791453034124,1.3727269012091998
1.3287926015769553,1.1527326670034796
1.5955881625540649,1.2631659283538583
1.1405846746377974,1.0679815890912152
2.223393253035371,1.4911047089441343
3.058850000845445,1.7489568321846727
1.5457787382277504,1.2432935044581188
1.4658558611766537,1.2107253450624769
1.4301377680951017,1.195883676657183
1.888547640960138,1.3742443890953815
1.2181837628905305,1.1037136235865401
3.700336468182138,1.9236258649181597
4.313813995415624,2.076972314552032
1.347684999053041,1.16089835862277
1.8491697940899239,1.3598418268644055
1.3708874557241642,1.1708490319952287
1.031249186286334,1.0155043999345026
1.4514990307356186,1.204781735724616
0.9745117175050889,0.987173600490354
1.139397578347999,1.0674256781378266
1.139477319500962,1.0674630295710301
1.7492716425717858,1.3226003336502625
1.3316643363968335,1.1539776152061327
1.799598608499658,1.341491188379431
1.517770224385229,1.2319781752877073
1.1847910836463367,1.0884810901647932
0.9605459489048669,0.9800744608981845
1.9910350269478925,1.4110404058523245
0.9894736956415641,0.9947229240555201
2.4960351779302443,1.5798845457596717
3.40468703915525,1.8451794056826154
1.5773215796815068,1.2559146386922586
1.7115660673278266,1.3082683468340226
1.2468675684295774,1.1166322440398975
1.3496415643395487,1.1617407474731825
1.6877284847570733,1.299126046523998
0.9125863148679095,0.9552938369255344
1.8937289190508357,1.3761282349588049
1.8673800203953042,1.366521137924805
1.1919204583771015,1.0917510972639788
1.753317272952955,1.3241288732419345
1.734934914489461,1.317169280878301
2.7057950668567545,1.6449301100219287
1.4465898353622222,1.202742630558268
1.676045064397337,1.2946215911985004
1.7057482901935241,1.306042989412494
1.2731674042221781,1.1283472002101915
1.0554339721689299,1.0273431618349003
1.275382439188913,1.1293283132857836
1.4703969636134584,1.2125992592829085
1.083366783185646,1.0408490683983178
1.1350200392794592,1.0653731924914664
2.420775597891137,1.5558841852435987
1.4241967040039996,1.1933971275329933
1.1854304144374448,1.088774730804056
1.9881415983607054,1.410014751114578
0.9031730546780857,0.9503541732838793
1.7020868763763048,1.3046405161485308
2.009507465553163,1.4175709737269464
1.9679327841030332,1.4028302762996787
1.5516308021046903,1.2456447335033736
1.2606779431743274,1.1227991553142207
1.169127523105959,1.0812620048378465
1.5959447702124392,1.2633070767681305
1.2318486415004468,1.1098867696753785
2.0948663954202567,1.4473653289409196
1.3520695250059993,1.1627852445770024
1.9328564405345587,1.390272074284224
1.7810541393322927,1.3345614033577822
1.405118455550255,1.185376925517894
1.1545034775251473,1.0744782350169533
1.5968902597948562,1.2636812334583656
1.4884551812729983,1.220022615066212
1.0628884963657872,1.0309648375991236
0.9324534186953032,0.9656362766048628
1.0837683270548393,1.0410419429854108
1.7189049075935539,1.3110701383196681
1.3472168235722954,1.1606966974934905
1.7253722252665322,1.3135342497500901
1.828210049288799,1.3521131791713292
1.7783563482299312,1.3335502796032594
1.5136673148347977,1.2303118770599581
1.5013592157497806,1.225299643250491
1.578106069103077,1.2562269178389218
1.3027971285767943,1.1414013880212317
1.9959433800204271,1.4127786026198257
2.1461987501756297,1.4649910409881794
1.8539473175165424,1.3615973404485417
2.3467724689922385,1.5319179054349612
1.3743364355911698,1.1723209609962495
1.5388552042179893,1.2405060274815232
1.6199585939826582,1.2727759402120462
1.6366289912282237,1.2793080126491132
2.088245799747351,1.4450763992769902
1.4205385766203809,1.1918634890877313
1.7735567068451226,1.331749491024916
2.6740430012747507,1.6352501341613614
1.1437752589480676,1.0694742909243156
1.2461348513196595,1.116304103423283
1.4447302492365437,1.2019693212543088
1.2347861666443585,1.111209326204725
1.2759864916597623,1.1295957204503575
1.1440884477402753,1.069620702744798
1.4426206935000983,1.2010914592569952
1.6989170825506439,1.3034251350003359
1.3827916866238583,1.1759216328581843
1.4499210167601393,1.2041266614273347
2.230550325246605,1.4935027034614317
1.4949902089950662,1.2226979222175305
1.3789167646872353,1.1742728663676238
2.3369355582331552,1.5287038818009049
1.2678283179967655,1.1259788266200947
3.4574680892474787,1.8594268173949409
1.8469236591903337,1.359015694975718
2.5614092245739233,1.6004403220907437
1.6946705701970335,1.3017951337276668
1.5887040144829403,1.2604380248480844
2.703194147065706,1.6441393332274812
2.44181474136571,1.5626307117696459
1.7178860072020425,1.3106815048676175
1.170025309504249,1.0816770818984052
1.43078270343703,1.196153294288416
1.3688531030003082,1.1699799583754877
1.1977220892000615,1.0944049018530855
1.077743138007337,1.0381440834524547
0.9909576153809513,0.9954685406284577
0.7658328024477534,0.8751187361996962
1.9281688561437662,1.388585199454382
1.6407876686559573,1.2809323435123172
0.8741004740672095,0.9349334062205765
0.9713160973655005,0.9855537009039642
2.177646894677287,1.4756852288605748
1.5514903963862128,1.245588373575401
2.1323762891191644,1.4602658282378467
1.562375354522893,1.2499501408147817
1.1158593052864967,1.0563424185776582
1.647396760226803,1.283509548163473
0.9274813895189755,0.9630583520841173
1.672781944126745,1.293360716941235
1.3849626686871523,1.1768443689320829
0.83823863700502,0.9155537324510342
1.5468769352086322,1.243735074366174
1.958391759474565,1.399425510512998
2.2862703609835235,1.5120417854621357
1.1175522001074434,1.0571434151085857
1.2466192137300163,1.1165210314767995
1.9875281520605332,1.4097972024587555
1.6917149249035044,1.300659419257595
1.4065594988019359,1.1859846115367332
1.9590980108438476,1.3996778239451562
1.4814808496111112,1.2171609793331
2.9838269616071083,1.7273757441874389
2.3844511839561835,1.5441668251701899
1.8203204290416015,1.3491925100005564
1.6693308529958166,1.2920258716433726
2.292955353071224,1.5142507563383365
1.168822224351791,1.0811208185729249
1.6383298857039692,1.2799726113100893
1.8825301905567042,1.372053275407593
1.5038832140970688,1.2263291622142356
1.455081998675397,1.2062677972471108
1.09457061285401,1.0462172875908762
1.878109043657334,1.370441185770967
2.8118964108082305,1.6768710179403277
1.3901108356877718,1.1790296161198717
1.235151711050893,1.1113737944773094
1.3680377056883992,1.1696314401076944
1.053754130494941,1.026525270266125
2.123050571909984,1.4570691719715931
2.113965576127101,1.4539482714756742
1.4121193458152355,1.1883262791907092
1.9117425513740605,1.3826577853446096
1.5538090880124118,1.246518787669248
2.645614415075356,1.6265344801372505
1.5115045289232587,1.2294326044656774
1.5331096077760697,1.2381880340950115
1.2557918367143541,1.1206211834131792
0.9622773403842715,0.9809573591060273
1.433922442832682,1.1974650069345167
0.9816217352379059,0.9907682550616496
1.257897146900207,1.1215601396716124
2.356776379772747,1.53517959202588
1.19118363795007,1.0914135961907703
1.6215191561189446,1.2733888471786394
1.423893780883368,1.1932702044731394
1.5929437849942776,1.2621187681808228
2.143969133865782,1.4642298773982798
1.1674666032312497,1.0804936849566729
1.2105827019276245,1.1002648326324096
1.1941473348806793,1.0927704859121512
1.5696761504904302,1.2528671719262303
3.056506199546307,1.7482866468477951
2.2637229155333043,1.5045673516108558
1.36930013582119,1.1701709857201168
2.1404889077503064,1.4630409795184502
1.4673199958466954,1.2113298460149884
1.5092838449143264,1.228529138813698
1.8109982340928417,1.3457333443490362
1.9455002942008732,1.3948119207265448
1.87406593876724,1.3689652803366636
1.1616143457709425,1.0777821420727578
1.4472699333081367,1.2030253252979077
1.2231930676323237,1.1059805909835505
1.6464232703710227,1.2831302624328609
2.4868728201160333,1.5769821876343542
1.7806205924694545,1.334398963005238
1.5645148933099229,1.2508056976644786
1.1109992526262942,1.054039492915846
1.52012586161102,1.2329338431607026
2.016418220012405,1.4200064154828334
1.3863648981262071,1.1774399764430488
2.4822530190889545,1.575516746686291
1.1276553780371372,1.0619111912194623
1.8696548509356936,1.367353228297536
1.2058555216601246,1.0981145303018827
1.4266653592166343,1.1944309771672177
0.9352450038537035,0.9670806604692824
1.6516858475479483,1.2851793056021203
2.2022575467666625,1.4840005211477059
1.3614311516870412,1.166803818851756
1.5231794889637036,1.2341715800340338
1.9009236458772576,1.378739876074257
1.826250877744755,1.3513884999306287
1.5896877731262062,1.2608282092046506
1.410906428430342,1.1878158226048103
1.776182497558713,1.3327349689862247
1.3680290883631105,1.1696277563238273
1.1131771296375967,1.0550720968908223
1.7486839264402785,1.3223781329257824
1.7643873791809914,1.328302442661682
1.4599560745367905,1.2082864207367352
1.6693182914977787,1.2920210104707193
1.2742779331861906,1.1288391972226117
1.380686093892794,1.1750259971135932
1.4912681995780968,1.2211749258718412
2.5884484456515904,1.608865577247394
1.3982960784458742,1.1824956991236264
1.1269550310262386,1.0615813821965034
1.925508661444542,1.387626989303877
1.2086913520846325,1.0994049991175374
1.3897440072857674,1.1788740421630155
1.2551277939699055,1.120324860908614
1.531409827708158,1.2375014455378055
1.5193664765922865,1.2326258461480866
1.6350635336483683,1.278696028635566
0.9474716306829624,0.9733815442481752
1.1704027150647298,1.0818515217277878
1.7330235692784297,1.3164435306075342
1.5293362252591363,1.2366633435414571
1.4208674033373405,1.192001427573533
0.9623632078954961,0.9810011253283536
1.3637580004278138,1.167800496843452
1.4761784549901367,1.2149808455239681
1.7762042007154517,1.3327431112991925
1.1931346041374555,1.0923070100193697
1.9897039822839935,1.4105686733668779
1.4839674952853557,1.2181820452154741
2.4319130528309834,1.5594592180724007
2.821088013242924,1.6796094823627676
2.099147148157616,1.4488433828946508
1.7500243220042937,1.3228848483538898
1.743155609119137,1.3202861845520981
1.3859210285414367,1.177251472091429
1.390108920867851,1.1790288040874366
3.3844149731681106,1.8396779536560497
1.30343748578748,1.1416818671536655
1.2479220018948407,1.1171042932040145
1.1560424604200132,1.075194150105
1.9493792162308852,1.3962017104383182
1.3219603764374277,1.1497653571218032
1.375234561392096,1.1727039530043786
1.6946076098267353,1.301770951368456
1.7849028546971049,1.33600256537819
1.518463293612707,1.232259426262468
1.6993398694902313,1.3035873079660723
1.5933032948025752,1.2622611832749098
1.3776643233285493,1.1737394614344996
1.2830853730648628,1.1327335843281343
0.9828027848379147,0.9913641030609868
1.426742827566267,1.1944634057041124
1.1121135065236352,1.0545679240919643
2.2488777538403064,1.499625871289338
1.9113155591001163,1.382503366759053
2.2759722939835267,1.5086325907866125
1.396008775205159,1.1815281525233154
1.6025029451356698,1.2659000533753326
1.1095951588274098,1.0533732286456732
1.3572069176885053,1.1649922393254408
1.5424414978409478,1.2419506825316968
1.174409750151701,1.0837018732805166
2.029889596593877,1.4247419403505595
2.0458776998334867,1.4303418122370215
1.621556270422278,1.273403420139226
1.7602247521672738,1.3267346200982597
1.2495452883756242,1.117830617032663
1.4679695302904716,1.211597924350513
2.527160897607294,1.5897046573522058
0.9894775251658107,0.9947248489737304
1.5712358957653523,1.2534894876963876
1.792039151951263,1.3386706659784784
1.2425323998074018,1.1146893736855132
1.8848616459194552,1.3729026352656823
2.053343646143848,1.4329492824743826
2.0031978313746825,1.415343714923934
1.861562299179766,1.364390816144614
1.3704794132880707,1.1706747683656937
1.0283263509192062,1.0140642735641594
2.0919465276095224,1.4463562934524543
0.9924466797282558,0.996216181221855
1.162747225242675,1.0783075745086255
1.6926343643421409,1.3010128225125765
1.2411428398435351,1.1140659046230321
1.4072516627032539,1.1862763854613536
1.5601714971606095,1.2490682516022131
1.1328228941586238,1.0643415307872863
1.5959389991049353,1.2633047926391063
1.4770452242334298,1.2153374939634791
1.4929679975542411,1.2218706959225436
1.329616076385534,1.1530897954563357
1.537494317943016,1.23995738553509
0.8550718971283504,0.9247009771425303
1.4712183143753688,1.2129378856212583
1.305293942735451,1.142494613875904
0.8831496637471368,0.9397604289110798
1.934528181343436,1.3908731722710868
1.316256863422562,1.1472823817276032
1.0627943304442,1.030919167754776
1.3517860918927913,1.1626633613788608
3.1825061968408255,1.7839580143155906
1.6142634436897143,1.2705366754603011
1.5545186133236484,1.2468033579212274
0.9621859773642901,0.9809107897073465
1.6014339486588012,1.2654777551023175
1.107594463211572,1.052423138861728
0.9244022741444281,0.9614584099920434
0.7482978646825401,0.865042117288251
1.379070769940943,1.1743384392673788
0.9390806301647784,0.969061726705156
1.1592366613216476,1.0766785320241357
1.6365770322492545,1.2792877050332558
2.0404140662056482,1.4284306305192591
1.4547116541153051,1.2061142790446124
1.3758533558172763,1.172967755659667
1.5270319612793355,1.2357313467252238
1.5207651643630609,1.2331930766765846
1.6925497557864677,1.300980305687395
1.2473496333106433,1.1168480797810612
1.389159827884471,1.1786262460527812
1.0344379034537725,1.0170732045697461
1.015029700462777,1.0074868239648482
1.4870189812876147,1.2194338773740931
1.426160049844659,1.1942194311953975
0.798344006191572,0.8935009827591529
1.0028203353599399,1.001409174793171
0.9368510700882242,0.9679106725768779
1.12710399182425,1.0616515397362027
0.8983104912865131,0.9477924304859757
1.4773255261835778,1.2154528070573443
1.2513358647794137,1.1186312461125936
2.2256823669455565,1.4918721014033196
1.3085884765865758,1.1439355211665454
2.0760349025164393,1.4408452042174549
1.6493214682504493,1.2842591125822114
1.4657008609884068,1.2106613320778057
1.5174345972530963,1.2318419530333817
1.6805627094404443,1.296365191387228
0.970717102054183,0.9852497663304381
1.0480713057683169,1.0237535376096714
1.7883144900083625,1.3372787630140406
2.5444354589565568,1.5951286653297145
1.3809133257834532,1.1751226854177623
1.6499445769159475,1.2845016842791401
1.8170709855887344,1.3479877542428693
1.2959247226777344,1.1383868949868206
1.127786062425492,1.0619727220722255
1.2517559166370622,1.1188189829624193
0.9981474540658345,0.9990732976442892
0.8368636915102761,0.9148025423610694
1.844467183036392,1.3581116239235977
1.0436240702974586,1.021579204123429
1.8967615229544699,1.3772296551245438
1.6886826602370077,1.2994932320858803
3.0394542222040886,1.7434030578739068
1.811367635616822,1.3458705865040748
1.7385277508229764,1.3185324231216222
0.9764116487558109,0.988135440491743
1.5478764420654416,1.2441368261029178
1.5795250287978444,1.256791561396656
1.542028254250629,1.241784302626921
2.021911564767279,1.4219393674722136
1.2831025160800262,1.1327411514022196
1.1978315620672888,1.0944549155023648
1.2167022366984341,1.1030422642394235
1.1594976173689149,1.0767997108882017
2.1471903403655093,1.4653294306624396
0.9254232978868426,0.9619892400057511
2.086035456072046,1.44431141242879
2.894819760413791,1.7014169860483324
1.5789138084599315,1.256548370919294
1.2086689705310942,1.0993948201311001
2.1722190504839647,1.4738449886212472
1.3503376476644415,1.1620402951982525
1.178665140344254,1.0856634562995358
0.7439228845352068,0.8625096431549081
1.4503291592720768,1.2042961260720209
1.60336617923693,1.2662409641284436
2.101746305131372,1.449740081922057
1.5829972996381554,1.258172205875712
1.0018142175874012,1.0009066977433017
1.334788140779992,1.1553303167406246
1.7444667200869033,1.3207826165145056
2.122206952739393,1.456779651402158
1.8601784250854563,1.3638835819399895
1.5383056490212632,1.2402845032577257
1.4812972396692727,1.217085551499677
1.1085193274830711,1.0528624447111177
2.40868423546404,1.5519936325462291
1.1480316790436047,1.0714624020671957
1.8625637197205895,1.3647577512952946
1.2997787040063808,1.14007837625594
1.566432727867459,1.2515721025444195
2.7828129779054374,1.6681765427871946
1.7181157087503296,1.3107691286989978
1.4571010576768724,1.2071044104288877
1.3429001177003717,1.158835673294696
1.223083626230675,1.1059311127871732
1.7386448181762229,1.3185768154249577
1.7525708052905913,1.3238469720064292
1.2779820399263924,1.1304786773426523
0.8629976522254764,0.9289766693655317
1.2933290350699223,1.137246250848919
0.9701210257053403,0.9849472197561351
1.7598382504100005,1.3265889530709958
0.7673425390243632,0.875980901061412
2.174808049229893,1.4747230415335257
2.0031275890663305,1.4153189001304018
1.3706983283089313,1.1707682641363881
0.8577578268165202,0.9261521618052404
1.0268420634314193,1.0133321584906991
1.194828926252854,1.0930823053424907
1.1465508009332632,1.0707711244394216
1.3316183554962882,1.1539576922471153
0.9197184747831857,0.9590195382697819
1.6016633125577364,1.2655683752993105
2.9262464698625728,1.7106275076306277
1.2498453790750046,1.1179648380315923
1.1904825591903598,1.0910923696875348
1.3377823968539024,1.156625434984854
1.405241291285525,1.1854287373290413
1.764398549095151,1.3283066472374332
1.2942193150947545,1.137637602707802
0.815121160474682,0.9028406063501364
1.0574526229307442,1.0283251542827998
2.0007037189442975,1.4144623427098713
1.6658860160963676,1.2906920686578838
1.8469522989618328,1.3590262318887862
2.0227884189407677,1.4222476644174065
0.9979913700117556,0.9989951801744369
1.110998096334099,1.0540389444105465
0.9801326578743768,0.9900164937385522
1.9667512348642766,1.4024090825662376
1.2616041685827974,1.1232115422229232
1.0139190287908224,1.006935464064516
1.4136210065694146,1.1889579498743488
1.366068133580511,1.1687891741372824
1.0817637059366993,1.0400787017993876
0.884004785868986,0.9402152869789908
0.6759255146688504,0.8221468936077363
1.209682992544682,1.0998558962630887
0.8776075981175582,0.936807129625708
1.4154472545999657,1.1897257056145192
1.5410460903109366,1.241388774844906
1.6933456608890713,1.3012861564195137
1.1013972458204706,1.0494747475858914
0.9612293648267882,0.9804230540061715
1.2668491193627442,1.1255439215609244
1.4206583808845932,1.191913747250443
1.6959106773687478,1.302271353201301
1.057761378225443,1.0284752686503662
1.6647329651945886,1.2902453120219382
0.929396453097049,0.9640521008208265
1.5896679514877075,1.260820348617402
2.223471089853485,1.4911308091021005
1.3682117635757154,1.1697058448925164
1.9933820030636913,1.411871808296947
1.3340827595976694,1.1550250038841885
1.3586468631706379,1.1656100819616473
1.5599401829793038,1.2489756534774021
1.5258583882532846,1.2352564058742155
1.1682308605476706,1.080847288264013
1.1214740428445815,1.0589967152189763
1.0024470732739768,1.001222789030482
2.0681628947384243,1.4381108770670028
1.8741281443711584,1.3689880000829657
1.4017560415224748,1.1839577870525937
2.3716472982399748,1.5400153564948549
1.2726748994445378,1.1281289374200707
0.9596772275466479,0.9796311691379812
2.2889797666465057,1.5129374629000716
1.4936103375092213,1.2221335186914812
1.5234289522930857,1.2342726409886455
0.9265512493876551,0.9625753214100469
1.3761034265804448,1.1730743482748418
2.238068012331888,1.4960173836997643
1.9894508106637296,1.4104789295355424
2.3816041703811175,1.5432446890824272
2.693991547082395,1.6413383402219042
2.0751589010727027,1.440541183400427
1.361298662709817,1.1667470431545206
1.9008071047544357,1.3786976117896323
0.9652245711093463,0.9824584322552005
0.9265745563936769,0.9625874279220963
0.9354786257875809,0.9672014401289841
1.8871474940877238,1.373734870376276
1.3082535743047083,1.1437891301742242
1.3100235965136433,1.1445626223643874
1.9509758421900247,1.3967733682276537
1.1228815016020135,1.05966103146337
2.1927399147917535,1.4807903007488108
1.432647760462465,1.1969326465856234
1.6854400174915636,1.298244975916165
1.637604829313218,1.279689348753524
1.9080653927949058,1.3813274024629012
1.611564598019319,1.2694741423200864
1.5158274848615105,1.231189459369073
1.4154588569908644,1.1897305816826196
1.2181442860042384,1.1036957397780596
1.2915123883669917,1.1364472659859726
1.82316676361078,1.3502469269029203
1.9931721113883547,1.4117974753442346
1.5282344679748716,1.2362178076596662
1.9746682834770732,1.4052289078570341
2.025284494016225,1.4231249045731105
2.4504768328375928,1.5653998955019746
1.3741554094211441,1.1722437500030205
2.2901204758908356,1.5133144008734059
1.3065208889304767,1.143031447043552
2.122946678676617,1.4570335200936926
1.5437668721935056,1.242484153699155
1.8712317728169767,1.367929739722394
1.0341074109301338,1.0169107192522526
1.1651311935437973,1.079412429770844
1.1586931177420516,1.0764260855915986
1.6787657006045484,1.2956719108649954
2.4272926154018477,1.5579770907820973
0.987335424162393,0.9936475351765297
1.3292544872804988,1.1529329934044297
2.726975905464062,1.6513557779788284
1.4662398475424565,1.2108839116705021
1.4525013216106004,1.2051976276157368
1.3933863908625181,1.1804178882338738
1.7822431122796363,1.335006783608097
1.267693134464163,1.1259187956794057
1.3870495190642564,1.1777306649078372
1.5589130027580531,1.2485643766975145
1.5633725280946555,1.2503489625279238
1.594051987885739,1.2625577166552582
1.8226542695733037,1.350057135669933
1.5315960066010903,1.2375766669588961
1.5728577101408192,1.2541362406616035
1.3308703051815476,1.1536335229099177
1.362217695966539,1.1671408209665786
1.3427850447095844,1.1587860219685016
1.522289833387051,1.233811101176777
2.05292915021731,1.4328046448198408
1.6518350859772626,1.285237365616664
1.6225556059997148,1.273795747362863
1.8481725072608746,1.3594750851931323
1.1805130811992592,1.0865141882181104
1.414015426253145,1.189123806108155
1.4297137014647365,1.1957063608866252
1.8356819204997756,1.354873396483884
1.071778985248483,1.0352675911321105
1.1345528177080895,1.0651538939083354
1.4019728058199608,1.184049325754616
1.0428768590428954,1.0212134248250437
1.166285025285833,1.0799467696538718
1.4407279080968813,1.2003032567217675
1.170848302624745,1.0820574396143419
0.9661176044879912,0.982912816320955
1.2047707901168554,1.0976205127988705
1.8577294013925643,1.3629854736542735
2.1518893560520227,1.466931953449792
1.1184116415573226,1.0575498293495784
1.3048936071458677,1.142319398043239
1.9191727554864104,1.385342107743214
1.1324835060817853,1.064182083142629
1.3064916960921984,1.143018677053091
1.9415982523935134,1.3934124487722626
1.7927536178119257,1.3389374958570417
1.5365940610252415,1.2395943130820024
1.2575639150145204,1.1214115725345981
1.8051360294420238,1.3435535082169314
1.7704688854498019,1.3305896758391753
1.40809812497227,1.1866331046167007
1.3572544047011428,1.1650126199750555
1.2382645632769662,1.1127733656396375
1.1755868160001481,1.0842448136837677
1.2027332501676127,1.0966919577381848
1.4419702016850162,1.200820636766797
1.5020935034847338,1.2255992426093996
1.7951761695765096,1.3398418449863811
1.1855787904968678,1.088842867679661
1.3771510273480507,1.1735207826655865
1.7503981555176498,1.3230261356139756
1.9984577884886385,1.41366820311155
1.1147748250782976,1.0558289752977503
1.5587618299806383,1.2485038365902759
1.4851412017678167,1.2186636951053464
2.4135289242720943,1.5535536438347066
1.0649771065964357,1.0319772800776361
1.2110860517946513,1.1004935491835703
1.3901526841525647,1.1790473629810487
1.168041875935203,1.0807598604385726
1.4918935369918453,1.2214309382817539
1.1629654523671704,1.078408759407661
1.6220702224968444,1.2736052066856685
2.0996935572259616,1.4490319379592576
1.965972432428235,1.4021313891459084
1.0051034044562912,1.002548454916914
1.6960574694768698,1.302327712012944
2.9304666300162285,1.7118605755189962
1.1524970596285062,1.0735441582107865
1.8259895921723015,1.3512918234683067
1.7694080161372032,1.3301909697999017
2.8644181279440954,1.6924591953557095
1.6524320626359916,1.285469588374611
2.2993653943693544,1.5163658510957554
2.45322028152231,1.566275927645672
1.8052601072233223,1.3435996826522856
1.878433720268485,1.3705596376183289
1.247159966757077,1.1167631650251888
1.7630442949947305,1.3277967822655432
1.4993993964174124,1.2244996514566318
1.7319200052440609,1.3160243178771662
1.807067008461347,1.3442719250439426
2.031030427229219,1.425142248068318
1.0604421678177882,1.0297777273847926
1.153383341988987,1.0739568622570401
1.1853915561759802,1.0887568857077232
1.524383428952387,1.2346592359644775
1.5025575109895264,1.2257885262105883
1.164719593633517,1.0792217536880533
1.5873177968364531,1.2598880096407192
1.0968130670251275,1.0472884354489587
3.492345128961567,1.8687817231987172
2.4159110796336454,1.5543201342174158
1.1193998227261992,1.0580169293192805
1.2303981598131182,1.1092331404232016
2.1484310952633416,1.4657527401520836
1.1534924352477505,1.0740076513916232
0.943004864100534,0.9710843753765859
1.11961213879727,1.0581172613643868
2.1564918630935512,1.4684998682647374
1.4654709343448598,1.210566369244107
1.4244003704786614,1.1934824550359597
2.1352102749741397,1.461235872463491
1.9483547417266358,1.3958347831053057
1.0979200607559472,1.0478168068684273
1.2157593202717945,1.1026147651250615
1.9808176362097791,1.4074152323354252
1.6870396305310875,1.2988608972985087
2.0027194491311477,1.4151747062222204
1.4195627961218278,1.1914540679866044
1.3642970838509285,1.1680312854760906
0.8557291281966822,0.9250562837993601
1.393235465526144,1.1803539577288433
1.347804654494227,1.1609498931884301
1.3717859572434417,1.1712326657173806
1.2937223198186416,1.1374191486952563
1.4835998089961826,1.2180311198800229
1.4371422515378607,1.198808680122838
1.5468091826842951,1.243707836545342
1.3188989732682896,1.1484332689661554
1.8094903955325123,1.3451729983658283
1.340734287563143,1.1579008107619335
0.8284931731655703,0.9102160035758382
2.2685648790048623,1.506175580403846
1.3690843740797534,1.1700787896888625
2.0147433629991305,1.4194165572512991
1.7454520059306025,1.3211555570524625
1.7146513053567694,1.3094469463696379
1.4847689814442318,1.2185109689470308
2.55149158918154,1.5973389086795389
2.786843422890177,1.6693841447941744
1.5229014417291942,1.2340589296014977
1.1866648726519728,1.089341485784863
1.3563545120380158,1.164626340092828
1.2815611741229247,1.1320605876555039
1.1247913347066207,1.0605618014555402
1.9036485986150888,1.3797277262616305
1.966579421339464,1.4023478246638614
1.1584417011787749,1.076309296242848
1.495402853137079,1.2228666538658575
1.5073193812723353,1.2277293599455603
1.5978019982679459,1.2640419289991713
2.0007080475924894,1.4144638728481154
1.1574698385011717,1.0758577222389454
1.6876374399670635,1.2990910052675537
1.2698505460595881,1.1268764555440796
1.7304929037869754,1.3154820043569488
1.606988126223792,1.2676703539263636
2.8321887696622694,1.6829108026459005
1.3440448361389785,1.1593294769559594
1.2103652753719325,1.100166021731235
1.276297502672205,1.1297333768072026
0.893100410730804,0.9450398990152765
0.8146875537644193,0.9026004397098526
1.5306927119430103,1.2372116682051661
1.242046984730286,1.1144716168347608
1.6468379311542825,1.283291833977869
2.1851860994939565,1.4782374976619814
2.2504752431623825,1.5001584060233046
1.4514396186215237,1.2047570786766615
2.189055793066488,1.4795458063427736
1.5246759903736564,1.2347777088908174
1.3039589849983297,1.141910235087824
1.057497803807473,1.0283471222342546
1.481636609395974,1.217224962525816
1.6673885109360722,1.2912739875549544
1.7844293345391826,1.335825338335511
1.9090998426363068,1.3817017922244679
0.9045456356635947,0.9510760409470921
1.1032060267298052,1.0503361493968515
1.4181296302037842,1.1908524804541427
1.2834082815033714,1.132876110394853
1.638346839607086,1.279979234053071
1.552767914187704,1.2461010850599978
1.9085525758647006,1.381503737188105
1.6235907514223435,1.274202005736274
1.3539338219736707,1.163586619884257
1.1317819720131717,1.0638524202224535
1.6938648310647464,1.3014856246093334
1.5091017508507059,1.2284550259780396
1.0927382061530209,1.045341191263896
2.3487834852106015,1.5325741369377865
2.226136805427487,1.4920243984022135
1.2615806156768437,1.1232010575479545
1.629001538005134,1.276323445684962
1.187765997637146,1.089846777137569
1.7386995914369934,1.3185975851020635
1.64200661403689,1.2814080591431014
1.4249261884469988,1.1937027219735235
2.0596995411122982,1.4351653358105811
1.8384731380656802,1.355903071043679
1.1966912605939972,1.0939338465346051
2.207218268781497,1.4856709826813934
1.4578196608548821,1.2074020295058652
2.2805901860044067,1.5101623045237247
1.7827675076596239,1.3352031709292873
1.1953422040473596,1.09331706473802
1.7920050488386152,1.338657928239554
1.1204412714709915,1.058508985068616
1.4668312501717293,1.211128089911108
1.5853692241202433,1.2591144602935205
1.548591125038419,1.2444240133645843
2.279431083393017,1.509778488187263
1.263316967759843,1.123973739799931
0.8884767219855139,0.9425904317281785
1.2913364351998857,1.1363698496527816
1.3580237923137237,1.1653427788911397
1.629545736523017,1.2765366177760107
2.063072816881205,1.4363400770295331
1.8663737500563176,1.3661529014192801
1.8177539620574743,1.3482410622946752
1.8123399412269408,1.3462317561352284
2.0906316551346733,1.4459016754726697
1.9232470371106523,1.386811824693838
1.5193738957577088,1.2326288556405407
1.227630904579441,1.1079850651427756
1.4521136009388638,1.2050367633142418
3.685086058401863,1.9196577972133113
3.0647443424693575,1.7506411232658043
1.9814453841747863,1.4076382291536367
0.9984003496438204,0.9991998547056642
1.0112829017707894,1.0056256270455668
1.5190694877117947,1.232505370256777
1.0159000111795957,1.0079186530566817
1.4147107014966587,1.189416117890059
1.9633749322184901,1.4012048145144558
1.0842165810925404,1.0412572117841683
1.7490265016184936,1.3225076565443747
1.585244310531952,1.2590648555701776
1.232267045957774,1.1100752433766703
1.0676501309337574,1.0332715668853747
1.6671785411683258,1.2911926816584447
1.123553657939721,1.0599781403122053
0.9831709843863331,0.9915497891615594
1.6637997316464563,1.289883611666749
1.3964704898410425,1.1817235251280405
1.9625755003568106,1.4009195195859077
1.474740540714134,1.2143889577537068
1.1386307219242378,1.0670664093317894
1.2048107255322624,1.097638704461656
1.1431358289321607,1.0691753031809894
1.1933208348728435,1.0923922532098274
1.648509341117312,1.2839428885730517
1.3526284457430227,1.1630255567884236
1.2786533547270493,1.1307755545319547
1.4785599202208257,1.215960492870071
1.5301345167357343,1.236986061657824
1.2489672438007324,1.1175720306990204
1.029992668388007,1.014885544476818
1.3290546159846228,1.1528463106523015
1.1595343950590615,1.0768167880652035
1.0888623011241747,1.0434856496972897
1.4366321046865695,1.1985958888159802
2.1834032017743774,1.477634326135657
1.4017067415405655,1.1839369668781212
2.169556869027383,1.4729415701335145
1.9112284530247277,1.3824718633754278
1.5045953982708624,1.2266195001999856
2.2082562406301167,1.486020269252784
1.0466625993225163,1.0230652957277537
1.5115788848319949,1.229462844022541
2.1301305689604924,1.4594966834359344
1.5707265735263347,1.2532863094785385
1.5718060749298184,1.2537169038223177
1.1576621896093773,1.0759471128310059
1.8485918603432354,1.3596293099015022
1.5879737123198874,1.2601482898134995
1.447633854941739,1.20317656848101
1.8799322257454043,1.3711062051297866
2.702099195117465,1.6438063131395575
1.339262302913998,1.1572650098028532
1.3035039218810007,1.1417109624948867
1.217275534103624,1.1033021046402587
1.6748333593121791,1.2941535300389129
2.1721836738275515,1.473832987087598
1.4640670254566945,1.2099863740789376
1.790837835665975,1.3382218932845087
1.0998985709926667,1.0487604926734544
1.394775236854335,1.1810060274420005
1.257766252335077,1.1215017843655342
1.1946366263087818,1.0929943395593509
2.114784731499546,1.4542299445065578
1.0115575554886287,1.0057621764058482
1.4027215684930068,1.1843654708294256
1.7266114407191326,1.3140058754507655
2.72379798747863,1.6503932826689007
1.5634778265513363,1.2503910694464098
1.7273490299251857,1.3142865098315457
1.9939095161581804,1.4120586093212208
1.3531953307281142,1.1632692425780518
1.1134034962364217,1.055179366854954
1.3159878138690446,1.1471651205772622
1.3792379608284218,1.1744096222478857
1.1546654469583337,1.0745536035760774
1.033040810998252,1.016386152502213
1.3121513122330333,1.145491733812616
1.2365327019083212,1.1119949199112023
1.1843285077442538,1.088268582540291
1.3554364063245203,1.1642321101586746
1.2156377955181528,1.1025596562173643
1.8391012873533907,1.3561346862879773
1.848312782977731,1.3595266760816909
1.3429061201307193,1.1588382631457763
1.1638477408782795,1.078817751466057
1.3390595314091633,1.157177398417876
2.850142511306136,1.6882365092919107
2.6601917390246475,1.6310094233402355
1.4054430842252346,1.1855138481794443
1.4751107219004878,1.21454136277876
1.2424841904414652,1.114667748901647
1.5527565087429787,1.246096508599145
1.462616093734722,1.2093866601441914
2.5714556669587783,1.6035758999681862
1.9103725695229672,1.3821622804587625
1.3342258446033786,1.1550869424434589
1.2471580996158662,1.1167623290637387
1.5204851563927524,1.2330795417947507
2.272895114634398,1.5076123887241037
1.1747261931166277,1.083847864377943
0.8347192931344856,0.9136297352508211
1.4665008407822695,1.2109916765949589
1.3832265374929746,1.1761065162190774
1.0778577685414181,1.0381992913412232
0.9922874178997241,0.9961362446471487
1.565505147131547,1.2512014814295687
1.337448891229761,1.1564812541627127
1.0779286446040064,1.0382334249117615
1.8904420771019055,1.3749334809734999
0.7359978594099812,0.8579031760111284
1.5445240934062177,1.2427888370138418
1.1187968217287654,1.0577319233760345
0.8204391696790688,0.9057809722438802
1.855675573926237,1.3622318356015017
2.072860627718872,1.4397432506245242
1.8128591518401134,1.3464245808214115
1.3025741094535739,1.1413036885306092
1.5787614808715782,1.2564877559576846
2.4733139083604168,1.5726773058578853
1.8405596015542791,1.3566722528135817
1.8494041351780603,1.3599279889678204
1.0207349752676376,1.0103142952901525
1.4440614126991431,1.2016910637510554
1.2137442533386822,1.1017006187429879
1.1352855096741714,1.065497775536942
2.682167925622825,1.6377325561955545
1.9976015594235856,1.4133653311948704
2.2712677969665656,1.5070725918039136
1.921690490602292,1.386250515095411
1.9946882497889544,1.4123343264924755
1.2061302004450727,1.0982395915487078
1.69480311618677,1.3018460416603685
1.3357806563353427,1.155759774492668
2.419139003260917,1.5553581591584997
2.0551039988955386,1.4335633920045316
1.2790933811929788,1.1309701062331305
1.756466384934978,1.3253174657171685
1.707652388421561,1.3067717430452654
1.4141034971537247,1.189160837378075
1.936448728762231,1.3915634116928453
1.5369929247368508,1.2397551874208275
1.3553432852644036,1.1641921169911793
1.6976959454717582,1.302956616880147
1.4517605251359191,1.2048902543949467
1.0426540405255793,1.021104324016689
1.0638692355913193,1.0314403693822145
1.228574738175154,1.1084109067377288
1.6547591467062128,1.2863744193298516
1.8695369498812222,1.3673101147439897
2.1597710495712157,1.4696159530881583
1.3905669070661812,1.1792230098951517
1.54825952985729,1.2442907738375666
1.159892802917838,1.0769831952810767
1.5803048419584493,1.2571017627696055
1.8762457008306324,1.3697611838676962
1.9587705363084493,1.3995608369443786
1.2494755670296556,1.117799430591041
2.2734321737893355,1.5077904939975366
2.26096376728165,1.5036501479006512
2.3203987914511233,1.5232855252549087
1.2487646648117015,1.1174813934968677
1.9614700711144308,1.4005249269878886
2.5607299312024736,1.6002280872433385
2.1477919307073288,1.4655346910623879
1.2989664011659305,1.1397220718955698
1.0699417319069742,1.0343798779495732
1.0863399885305978,1.0422763494057599
1.8992656745162844,1.3781384816179703
1.9021805766321866,1.3791956266723682
1.4887692611805932,1.2201513271642142
1.252072300951395,1.118960366121783
1.2012841043055813,1.0960310690421058
1.7479541113677626,1.3221021561769584
1.5526165690795068,1.24604035611994
1.7587589825252505,1.326182107602591
1.7361682588914331,1.3176373776162518
1.5714897846778406,1.253590756458359
1.3212219509086618,1.1494441921679632
1.2959029797865003,1.1383773450778525
1.391106276413068,1.179451684645483
1.0641816883290898,1.0315918225388807
0.9898387766604297,0.9949064160313923
1.2901673438588392,1.1358553357971424
2.0946116336621374,1.447277317469647
1.5101454553592242,1.2288797562655283
1.5768516954924856,1.255727556236816
1.1317232119134193,1.0638248032046533
1.4687548710603697,1.2119219739984788
1.8491865360730504,1.359847982707277
1.323648010438159,1.1504990267002224
1.290246629118382,1.1358902363865895
1.4042265508892864,1.1850006543834846
1.6449028866571052,1.282537674556621
1.927340275863709,1.3882868132571557
1.6412483609191826,1.2811121578219382
1.5392082151089348,1.2406483043590293
1.5115663629564828,1.2294577515947764
1.7680161857205157,1.3296676974795303
1.265507293660086,1.1249476848547606
1.4329593660200401,1.1970628078843817
1.3930343002715166,1.1802687406991328
1.5992841562170717,1.264628070310426
1.4452945787472338,1.2022040503788172
1.2765324781615923,1.1298373680143494
1.333667416848908,1.1548451917243747
2.085904591021293,1.4442661081051833
2.2049660878650235,1.4849128216380325
1.6087876469519846,1.2683799300493463
2.003406647495508,1.4154174816977172
1.3981821206409182,1.1824475128482101
1.4539754518932841,1.2058090445395093
1.255075604774168,1.1203015686743316
1.3109226579790192,1.144955308288939
1.561962034584573,1.2497847953086056
2.855961445305058,1.6899590069895358
1.8246658998826066,1.3508019469495174
1.40907244606667,1.187043573786013
2.387008356996719,1.5449946139054074
1.2862552535244816,1.1341319383230866
0.919270454824316,0.958785927527264
0.9985786292382796,0.9992890619026507
1.672059375075503,1.2930813489782857
1.685175850750161,1.2981432319856545
1.8006224130967932,1.3418727261170462
1.8070808633137803,1.3442770783264066
1.689124380971534,1.299663179816807
1.5396854741219146,1.2408406320401966
2.299621413503457,1.5164502674019538
1.6959216776797148,1.302275576703992
1.8465502727530054,1.3588783141815919
1.2960861107190662,1.1384577773106328
1.0440767989374382,1.0218007628385477
1.4544234817491208,1.2059948100009057
1.9971247678096933,1.4131966486691416
1.617558500371782,1.2718327328590746
1.7043568333831842,1.305510181263702
1.634371719502624,1.2784254845326826
1.8481625389072365,1.3594714189372414
1.184888136227481,1.0885256709088127
2.840110727287427,1.6852628065935078
1.1800057155132155,1.086280679895033
0.9170982755348788,0.9576524816105677
0.8819056661744822,0.9390983261482698
1.3350370128399633,1.1554380177404426
1.4684679973723023,1.2118036133682315
1.2539566479305388,1.1198020574773646
1.90023486637906,1.3784900675663427
1.9459757591183762,1.3949823508268397
1.6420151967972765,1.281411408095494
2.414759343970434,1.5539495950546254
2.5089997647323115,1.5839822488690685
1.3431166171424234,1.1589290820159892
2.311417596216367,1.5203346987477353
1.7912284769670985,1.3383678406802437
1.6441000870123383,1.2822246632366492
2.918962783197558,1.7084972294966
2.2317048256339276,1.4938891610939304
2.19078336928719,1.4801295109844914
1.7303782966514467,1.3154384427450214
1.5579390921308378,1.2481743035853758
1.3540259134741466,1.163626191469643
1.3152293042133358,1.14683447114801
2.517865000377507,1.5867781824746352
1.6243024040332066,1.2744812293765675
1.275220381021177,1.1292565612035101
1.3967579684280766,1.181845154167024
2.5875389160170807,1.6085828906267408
2.1972395599646672,1.4823088611907667
2.427966153673709,1.5581932337401896
2.018466109477692,1.420727317073087
1.5169180339030228,1.2316322640719604
1.5785948777651662,1.256421457061748
1.4358704673768472,1.198278126052899
1.609567469177834,1.2686873015750706
1.849757063277283,1.3600577426261296
1.8550836716018662,1.3620145636526308
1.3179989611519733,1.1480413586417404
2.0928220841907605,1.4466589384477464
1.9493202360448023,1.3961805886219743
1.2702443044162568,1.127051154303236
2.157403446379235,1.4688102145543633
1.3796300283180736,1.1745765314861665
1.4159472688996333,1.1899358255383494
1.3220563916861523,1.1498071106434125
2.0814095057720348,1.442709085634396
2.4358373383277825,1.560716930877532
2.4233837601931363,1.5567221204162085
1.6550231109722842,1.2864770153299607
1.0504401798729752,1.024909839875184
2.2442853469623234,1.4980939045875339
1.963207487359413,1.401145062925111
1.5235931442421007,1.234339152843375
1.3272985226417222,1.1520844251363362
1.1253434201984762,1.0608220492610796
1.2643133298815967,1.1244168843812319
1.3627878585663136,1.1673850515431117
1.5132437259540479,1.230139718062159
1.1841690537475127,1.088195319668079
1.4080284592735435,1.1866037498986524
1.4011092931007811,1.1836846256924947
1.4793098808501255,1.2162688357637572
1.3690606109387033,1.170068635140137
1.2594325638416353,1.1222444314148479
1.6970213038539546,1.302697702406032
1.5965264922013045,1.263537293553817
0.7913245886101884,0.8895642689599152
0.9870888999337403,0.9935234772936874
1.5633668768369888,1.2503467026537034
1.2101844143045204,1.1000838214902173
1.4109404146589,1.187830128704816
1.2561447338183875,1.1207786283733232
1.2831319490755086,1.1327541432612414
1.894588212997368,1.3764404138927946
1.877769924471673,1.3703174539031724
1.7934496881002193,1.339197404455452
2.0258784679562676,1.4233335757847727
2.2347411774384427,1.4949050730526146
2.0239171482418667,1.4226444208732787
0.9773375742324268,0.9886038510103159
2.329414316519329,1.5262418931870954
2.071314091652171,1.439206062956994
0.9423654247243696,0.9707550796799209
1.012307817919514,1.0061350892994012
1.1055549961326345,1.051453753682317
1.7905119238926752,1.3381001172904348
1.2689468095209815,1.1264753923282043
1.8920121568324624,1.3755043281765647
1.1952438550648556,1.0932720864747512
1.5022477701929773,1.2256621762104667
2.185898555503304,1.4784784596007154
2.171372015571568,1.4735576051079808
1.397239942426606,1.1820490440022384
1.4903309447745756,1.2207911143084944
1.5882752580632888,1.260267931061998
1.5407213870626693,1.2412579856994552
1.9424573587495315,1.3937206889292888
1.6604723819139389,1.2885931793680807
1.7806788075647377,1.3344207760540667
1.5093270585104117,1.2285467262218446
1.3230565281116324,1.150241943293511
1.7716431051775665,1.3310308430602074
1.9746702477310656,1.4052296067657646
1.5213326365986501,1.2334231376938938
1.6856388808208653,1.2983215629499747
2.2944905207192137,1.5147575782016123
1.5735097233037108,1.254396158836478
1.4162517493133608,1.1900637585076528
1.488086294611633,1.2198714254427117
1.3591825225938798,1.165839835738117
2.1340672692246687,1.4608447108521387
1.681707707905442,1.2968067349861514
1.616841340865711,1.271550762205627
1.855550202044282,1.3621858177371697
0.904548686443681,0.9510776448028211
1.1256649919937505,1.060973605700797
1.5601569304525644,1.2490624205589425
1.7989768713312018,1.341259434759436
1.2461938311340275,1.1163305205601195
0.9731167526664544,0.9864668026175307
1.7340739270769054,1.3168424078366041
2.407129107842568,1.5514925419874142
1.270414472970998,1.1271266446016606
1.5625737725079345,1.2500295086548696
1.3471303043724419,1.160659426521166
2.3320551753761523,1.5271067989424159
1.5359819760622477,1.2393473992639221
1.4897576884682737,1.2205563028669648
1.409007764138728,1.1870163285055215
2.0734403996235162,1.4399445821362418
2.7256492175576423,1.6509540325392595
1.5848889796424799,1.258923738612661
1.258389357446802,1.1217795493976532
0.9971213032319054,0.9985596142604133
1.1004590929698315,1.0490276893246582
1.835717728819462,1.3548866110562396
1.4620279983365119,1.209143497826669
1.590689613305673,1.2612254411110144
1.352930117780409,1.1631552423388758
1.4587349719702565,1.2077810115953374
1.3377472980864902,1.1566102619666185
1.4848567928373961,1.2185470006681713
1.6575797990464094,1.2874703099669558
1.4652640757783197,1.2104809274740018
1.51431918961399,1.2305767711175073
0.9814114730694531,0.9906621387079719
1.148487298834573,1.0716749968318626
1.222350130582568,1.1055994440042776
1.2149454999097467,1.1022456622322208
0.9820286768156687,0.9909736004635384
1.3425277286822612,1.1586749883734702
1.075766574563362,1.0371916768675702
1.2312876394205863,1.1096340114743177
1.2537091856608824,1.1196915582699025
1.2202312453480482,1.104640776609323
1.8346162316935222,1.3544800595407531
1.1960606097020934,1.0936455594488066
1.2735093948939527,1.128498734998827
1.2398752148342835,1.1134968409628667
1.2815855559402922,1.1320713563818723
1.2689235520338775,1.1264650691583284
1.5378483810975416,1.24010014962403
1.8709872978446638,1.367840377326486
0.9647815223371154,0.982232926722127
0.9361674384423923,0.9675574600210534
0.9187939247675584,0.9585373882992558
1.777964123248921,1.333403211053926
2.171180806835699,1.4734927237131845
1.1655515055312258,1.0796071070214506
1.0795698315828497,1.039023499052283
0.8079594729394377,0.8988656590055255
1.034993428546892,1.0173462677706604
1.6144157466765356,1.2705966105245738
1.2427906441958434,1.114805204596679
1.5039213588488627,1.2263447145272257
2.061268842709331,1.4357119636993108
1.937731916860693,1.3920243952103328
0.9171049333823802,0.9576559577334546
2.475688293908947,1.5734320112127334
1.2256954219007399,1.1071112960767493
0.9317804874192026,0.9652877744067841
1.9766401840912997,1.4059303624615622
2.128066342767158,1.4587893414633786
1.5988550147186351,1.2644583878952422
1.1455288749546926,1.0702938264582733
1.1487814266098089,1.0718122161133492
0.9508681793433266,0.9751246993812261
1.295125435250848,1.1380357794247278
2.7476766686416827,1.6576117363971825
2.5756045935786447,1.604869026923582
2.2695997528682432,1.5065190848005356
1.2188091565730983,1.1039969006175236
1.6748802254666453,1.2941716367880443
1.6909275735482951,1.3003567101177642
1.2814784580053578,1.132024053633737
1.7231867705829622,1.31270208752137
1.5555218306274974,1.2472056088021322
0.8368331508640893,0.9147858497288255
1.9516034031252945,1.3969979968222197
1.3015938065223804,1.1408741414031525
1.736685778774732,1.317833744739727
1.491180808962585,1.2211391439809736
2.3893007185486224,1.5457363030441584
1.0147804152454036,1.007363100001883
1.3637374984243242,1.1677917187685158
1.462598561345157,1.2093794116592018
1.8078602704401219,1.3445669453173843
1.6493037347679078,1.2842522083951842
1.2674945131228832,1.125830588109456
0.9593897821378486,0.9794844471138113
1.2973245432152256,1.139001555405095
2.6461950343985854,1.6267129539038487
1.9875897738731014,1.4098190571392846
1.7625641147634923,1.32761595153248
1.6474576358694826,1.2835332624710132
1.883965206126045,1.3725761203394313
2.409824683080737,1.5523610028214239
2.057231472765756,1.4343052230141797
1.2144296093008229,1.1020116194037262
1.352160102504022,1.1628241924315224
1.2009833302033952,1.0958938498793553
1.3710909953814716,1.1709359484538304
0.7918117976865459,0.8898380738575675
1.5331905452662813,1.238220717508103
1.7881962134555098,1.3372345394340925
1.4153754680753026,1.1896955358726462
1.6316832515494206,1.2773735755641027
3.149415890139599,1.7746593729895321
1.6857341790518654,1.298358262981318
1.5602298525179719,1.2490916109389143
1.4196662297148512,1.1914974736502177
1.6367658025621903,1.2793614823661803
1.4855538538451225,1.2188329884956028
1.4816724595356763,1.217239688613412
1.6057108191662914,1.267166452825473
1.0465250495078269,1.0229980691613385
1.4294837452387656,1.1956101978649922
1.5077864866160953,1.2279195766075623
1.7044777349609204,1.305556484783757
1.768820602316363,1.3299701509118027
1.4503629667785505,1.2043101622001495
1.7356356950373562,1.3174352716689182
1.6697706718433596,1.2921960655579166
1.1360166261317886,1.065840807124492
0.956343069150139,0.9779279468090372
1.6405188953716354,1.2808274260694277
1.1890308982191582,1.0904269339204522
1.4945807063541479,1.2225304521173073
1.8290613413230488,1.352427943116767
1.9486916589253864,1.3959554645207657
1.4655576237146133,1.2106021740087094
2.117803751493303,1.4552675875911285
1.2248310889599647,1.1067208721985706
1.0535500566244183,1.0264258651380616
1.296024369047207,1.1384306606233017
1.0021323048605244,1.0010655846948913
1.6076799802438595,1.2679432086035476
0.9667523187778903,0.9832356374633144
0.7395959997144188,0.8599976742494242
0.7128301822507803,0.8442927112386914
1.2517879521281297,1.1188332995259525
1.0159682160039811,1.0079524869774275
2.405828778348129,1.5510734277744975
1.3871132849878576,1.177757736118875
1.155913618243886,1.0751342326630131
1.3160439208392825,1.147189574934885
2.1295732089931447,1.4593057284178477
1.059818402111168,1.0294748185901237
2.2144049353679893,1.488087677312056
1.5474423507803443,1.2439623590689328
1.6471573825516461,1.2834162935507893
1.4507866687334667,1.2044860599996443
2.2389742425064014,1.4963202339427217
1.9248892146156156,1.3874037676954807
1.23722534361887,1.112306317350967
1.3362793120584808,1.1559754807341205
1.254900346004325,1.1202233464824436
1.8921496967873046,1.3755543234592027
1.8744266506058513,1.3690970201581227
2.3907196974988607,1.5461952326594661
1.3314283725281764,1.153875371315367
1.388661280444514,1.1784147319363052
1.915508255238955,1.3840188782090204
2.575320642252908,1.6047805589091948
2.4211448808273097,1.5560028537336652
2.21783314866784,1.4892391173575317
1.344686555491391,1.1596062070769504
1.4886953601749893,1.2201210432473448
1.7609172271278675,1.3269955640950226
1.2305770499648556,1.1093137743509973
1.5276707695908456,1.2359897934816637
1.7536852586281209,1.3242678198265339
2.1840994101809086,1.4778698894628406
1.9108857020412169,1.3823478947215917
2.8982730941428616,1.7024315240686956
1.3648804715678498,1.1682809899882176
1.2811369606074636,1.1318732087152976
1.9497408787505097,1.3963312210039958
3.413859437193195,1.8476632369545039
1.8897714096630576,1.3746895684710267
1.6320324461500169,1.2775102528551452
2.599983726558324,1.612446503471766
1.923288892573563,1.3868269151460693
1.4467910763078995,1.2028262868377542
1.524192271451243,1.2345818204765706
2.0653931578184612,1.4371475769100615
1.6070785911317371,1.2677060349827705
1.7108295724685991,1.3079868395624625
1.429079126823807,1.1954409758845508
1.375393351801586,1.1727716537338315
1.53102073974589,1.2373442284772214
2.2860321051596504,1.5119629972852016
1.532154871428767,1.237802436347888
1.2953016989728725,1.1381132188727414
1.37856462162555,1.1741229158931998
1.0880302825220012,1.0430869007527614
1.2607171797739343,1.1228166278488818
1.009655523369524,1.004816163967083
1.0178128929704102,1.00886713345733
1.545083571485953,1.2430139063928258
1.3139363373833424,1.1462706213557696
1.394809531286548,1.181020546513289
1.840114648817796,1.356508256081693
1.6518460006489537,1.2852416117792613
1.5193935246933918,1.2326368178394607
1.5106330921238902,1.2290781472810792
2.8564242000346924,1.6900959144482577
2.055699500284824,1.433771076666294
1.1802310188640304,1.0863843789672376
1.3653963923177947,1.1685017724923632
1.3005817071821164,1.140430492043297
1.249981421216244,1.118025680034338
1.3570471581354522,1.1649236705189967
1.194091267811366,1.0927448319765076
1.4368719776049246,1.1986959487730509
1.9277796171879633,1.3884450357100793
1.7379109836195021,1.3182985184014666
1.5863750052095822,1.2595137971493533
1.2351008827604812,1.1113509269175426
1.0953067321696726,1.0465690288603386
1.38555868084316,1.1770975664077978
1.8835357775498431,1.3724196798173083
1.6734429335153203,1.2936162234276904
1.4410543876570476,1.200439247799341
1.1717964395934504,1.082495468624904
1.5459939919451406,1.2433800673748718
1.429218268290015,1.1954991711791418
2.2638667590640082,1.5046151531418286
2.6398515408442247,1.6247619951378185
1.3299893798692004,1.153251655047241
1.2119466846263032,1.1008845010382802
1.2511154965095677,1.11853274270786
1.2553767914220297,1.120435982741553
2.724773429411498,1.6506887742428908
1.4802133903884254,1.216640205807956
2.095100631039568,1.4474462446113736
1.7461358291557412,1.3214143291018685
1.2726985834186877,1.1281394343868525
1.4235491860015588,1.1931258047672755
2.0768481557594356,1.4411273905381978
1.0008500573810526,1.0004249384042025
1.5268245517440464,1.2356474221006761
1.3737991604489546,1.1720917884060764
1.7714272487264497,1.3309497543958786
2.0866356582561423,1.4445191789159957
1.7115571912399985,1.308264954525649
2.400742535136587,1.5494329721341893
1.484858483873591,1.2185476945419866
2.0905643955168522,1.4458784165748004
1.7710069347229314,1.3307918450016634
1.832158162401673,1.353572370581519
1.0582039814552668,1.0286904206102372
1.1307910010838773,1.0633865717996807
1.5270533022694923,1.2357399816585577
1.957115112007462,1.3989693034543187
1.5281796046786476,1.236195617480764
1.4262674120876955,1.1942643811517177
1.3436048010950368,1.1591396814426795
2.1685733965086325,1.4726076858785684
1.139361491053283,1.067408774112937
1.1485092159627726,1.0716852224243705
1.1158283457860128,1.0563277643733562
1.071687858696332,1.0352235790863402
1.8501865536076625,1.3602156276148507
1.200080387732339,1.095481806207816
1.2401443325445574,1.1136176779059128
1.3697339599732752,1.170356338887125
1.0512677221342597,1.0253134750573893
1.483109304629354,1.2178297519067902
1.6997804438032489,1.303756282363866
1.1406743670360993,1.068023579812777
0.9446532364209054,0.9719327324567814
1.8496488800886424,1.360017970502097
1.664121364194832,1.290008280669094
2.1373463283930985,1.4619665961960617
1.3147011328577383,1.146604174446325
1.185034430088235,1.088592867002276
2.9897266687310684,1.7290826089956108
1.992086644014999,1.4114129955526833
1.3043022909161652,1.1420605460815838
1.4930441463481665,1.2219018562667652
1.5844021354845619,1.2587303664743144
1.340052501283191,1.15760636715733
1.2235372617439704,1.1061361858939298
1.242757699704199,1.1147904286027033
1.3575078759845933,1.1651213996767003
1.6876439551833124,1.299093512870922
1.4005580063343481,1.183451733842301
2.344733002599277,1.5312521028881159
2.1284885145311403,1.4589340336461893
1.3525673471414148,1.1629992893984995
0.7908862858553997,0.8893178767209168
1.5530513730115438,1.246214818164005
1.835017617225609,1.3546282210354281
2.137637420796561,1.4620661478868051
1.1322640646683615,1.0640789748267567
1.3140524131361013,1.1463212521523367
2.3917996690287917,1.546544428404432
2.252025331051645,1.5006749584942254
1.6726792015392695,1.2933209970998187
1.5566844605361778,1.2476716156650265
1.3424321828534653,1.158633756997208
1.0949581457470743,1.0464024778960885
2.6197016847779686,1.6185492531208214
2.449520491874588,1.5650944035024175
0.970274312668883,0.985025031493557
1.4993920115204495,1.2244966359775962
2.071744420245976,1.4393555572706753
1.9709249757428255,1.4038963550571764
1.1378677094015517,1.0667088212823366
0.9101258716067416,0.9540051737840533
2.007338330859528,1.4168056785810565
1.372394946496215,1.1714926147851787
2.06534072698674,1.4371293355111572
1.6759059517526798,1.2945678629383164
1.8084163649383311,1.3447737225787584
1.872385381732635,1.3683513370960818
1.0896640938354434,1.0438697686184055
2.1637331337918373,1.470963335298279
3.052045754940233,1.7470105194131582
2.0552915334626634,1.4336287990489949
2.1782616209157006,1.4758934991779389
1.719346207540655,1.3112384251312401
2.3414789171946633,1.5301891769303113
0.8710973294748893,0.9333259502847273
1.6908104683188956,1.3003116812206585
1.5045481804868683,1.2266002529295632
1.8885614480100545,1.3742494125922173
2.108025902021616,1.4519042330751764
1.6897823181858618,1.2999162735291308
1.2788394946809902,1.1308578578587984
1.3389774681538988,1.1571419395017617
1.179773084555448,1.086173597798919
1.4966405967741039,1.223372632019412
1.4508061742788538,1.2044941570131644
0.9158551748614512,0.9570032261499702
1.005195685612571,1.0025944771504434
2.3166828850363563,1.5220653353375986
1.2338687460785853,1.1107964467347675
0.98113618777714,0.9905231889143938
1.2848002623222716,1.1334903009387736
1.2715566701301058,1.1276332161346196
2.4361413404318673,1.5608143196523625
1.9345457434264455,1.3908794855868878
1.8530896226649711,1.3612823449472087
0.9884514307897195,0.9942089472488767
1.3627784302690027,1.1673810133238431
1.8514872171071832,1.3606936529238252
1.4964967423565423,1.2233138364117944
1.5165421016350031,1.2314796391475593
2.025457505025672,1.4231856888774816
1.687122339272159,1.298892735860879
1.6373476204930948,1.2795888482216053
2.935790360933839,1.7134148245342804
1.2018032719274725,1.0962678832874164
1.921484106514459,1.3861760734172477
1.6663427496089593,1.2908689901027754
1.3345530509148773,1.1552285708529189
1.471193870289873,1.2129278091831652
1.7078588109123833,1.3068507225052077
1.612339486199426,1.2697793060998537
1.3374990062768162,1.1565029209979611
1.3014225996230553,1.140799105725042
2.528843809072461,1.5902338850220936
2.522894711852949,1.5883622734920861
1.379669798317717,1.1745934608696393
1.2624132580433884,1.123571652385102
1.7520630065990463,1.3236551690674752
1.05682902871216,1.0280219008912992
1.059728297379147,1.0294310551849246
0.9477281611575734,0.9735133081563772
1.1932142068433973,1.0923434472927447
1.1039135852819106,1.0506729202191853
1.687080477270276,1.2988766212655751
1.2709982266036706,1.1273855714012269
1.262958698485346,1.123814352322191
1.386934408031857,1.17768179404789
1.7131102929786546,1.3088583930199076
1.7306782854048257,1.3155524639499656
1.547403409967139,1.2439467070446142
1.2499659853445508,1.1180187768300454
1.804925594723379,1.3434751931924085
1.7491378994088913,1.322549771996839
1.1244489072230464,1.0604003523306875
1.3286032018868088,1.1526505115978603
1.6103553693042187,1.2689977814418032
1.1305959890341606,1.0632948739809482
1.786221791837744,1.3364960874756588
1.9467274485082766,1.395251750942559
1.4474016173759738,1.2030800544336082
1.8408341221381581,1.356773423287086
1.3130888554554514,1.1459008925101033
1.2553038199185242,1.1204034183804172
1.9741038292996425,1.4050280528514876
1.256628489183782,1.120994419782624
2.413364455868414,1.553500709967142
2.809363707013819,1.6761156603927483
2.66972116701586,1.6339281401015957
2.6947100953035,1.641557216579276
0.8516921514765083,0.9228716874390006
2.50272077989857,1.5819989822685
1.1762219554006774,1.0845376689634516
0.9683608233731781,0.9840532624676258
1.990868627537742,1.4109814412449733
1.2981983895372329,1.139385092730826
0.9858936954813395,0.9929217972636816
1.989276196902383,1.4104170294286662
2.1593330109890956,1.4694669138803689
1.6350935125199153,1.278707751020504
1.9266492908864163,1.3880379284754492
1.4193109827436134,1.1913483884840796
1.398527691617313,1.1825936291124324
1.0099316552995945,1.004953558777516
1.2406063647675454,1.1138251051074155
1.357760800893994,1.1652299347742463
2.804292923185665,1.6746023179207847
1.2911644736423578,1.1362941844620862
1.4011447905666399,1.1836996200753973
2.1002984394462545,1.4492406423524888
2.92664838238473,1.7107449787694045
1.6854559500033612,1.298251112074764
1.362919484780147,1.1674414267020623
1.032381938572244,1.0160619757535678
1.5199962828025004,1.232881293070221
1.9928118711825242,1.411669887467507
1.4718102149747743,1.213181855689729
0.9411053749467888,0.9701058575984318
1.3364020735057778,1.1560285781527107
1.1524580736152783,1.0735260004374734
1.5148000673107482,1.230772142726162
1.6376901522726357,1.2797226856911756
1.2074537890348407,1.0988420218734087
1.1483362745670775,1.0716045327298114
1.4894686147708238,1.2204378782923873
1.3929439257944078,1.1802304545275926
1.7931997392251997,1.339104080803729
2.500142138594181,1.5811837776154234
1.0198587296483959,1.0098805521686196
0.8743456411655282,0.9350645117667167
1.1060600918622467,1.0516939154821838
1.0948662174654977,1.0463585511025835
1.0236939402131058,1.011777614010661
1.7313772048490024,1.3158180743738863
3.161980695983409,1.7781959104618954
1.5904525068635336,1.2611314391702133
1.4144406042100508,1.1893025705051052
1.8226591056569796,1.3500589267350442
2.055544226947144,1.43371692706306
1.2170686214756623,1.103208330949174
1.497482212188838,1.2237165571278499
1.6449863865912921,1.2825702267678336
1.3173037085916846,1.147738519259367
1.5146576588043277,1.2307142880475255
1.2431200431803393,1.1149529331681851
1.9548043149400065,1.3981431668252027
1.4391905747649458,1.1996626920784632
1.2425628302188556,1.1147030233290192
1.9401381556804445,1.3928884218344426
2.0943451508530404,1.4471852510487524
1.9797046044600646,1.4070197597973046
1.7043363499608224,1.3055023362525333
1.3482346427619167,1.1611350665456266
2.1724879840818474,1.4739362211716787
1.7439258456243867,1.3205778453481591
1.6049000689853368,1.2668465056925156
1.4061945470083341,1.185830741298409
1.5510640861296934,1.2454172337532885
1.0342451726306954,1.0169784523925252
1.4336662203141401,1.1973580167661384
2.0804788872474735,1.442386524911916
1.3092552153306196,1.144226907274348
1.178165641597163,1.0854333888346916
1.256465352197971,1.1209216530150405
1.3746041438911378,1.1724351341934178
1.0501346278221388,1.0247607661411218
1.131110331971493,1.063536709273118
0.9628364153767118,0.9812422816902622
2.1304929520598606,1.4596208247554776
1.5708856352559635,1.2533497657302064
2.210907335610392,1.4869120134057672
1.1350343270244942,1.0653798979821678
1.2152596660577006,1.102388164875558
1.4705316998604216,1.2126548148011542
1.8865737679123886,1.3735260346685783
2.070084180826601,1.4387787115559505
1.1316067172776236,1.063770049060239
1.8460572050862076,1.3586968775581283
1.9250414702128644,1.3874586372980149
2.2897854910898072,1.5132037176434001
1.728295748537607,1.3146466249671838
1.1207330630563623,1.0586468075124784
0.9410904317283653,0.970098155718464
1.1609491672205559,1.0774735111456597
1.4937307500059536,1.222182780931704
2.3226525881638063,1.5240251271431866
1.1949809331266916,1.0931518344341244
2.094739920985154,1.4473216370196205
1.545937630795506,1.2433574026785323
1.4497056235726828,1.204037218516389
1.809441828668689,1.345154945970422
1.1061635546894673,1.0517431029911568
1.5384722059418916,1.240351646083437
1.4535484474788418,1.205631970162886
1.3686720071490144,1.1699025631004552
1.8623982597430548,1.3646971311404794
2.295331366523672,1.5150351040565602
0.9411447456067633,0.9701261493263458
0.999062571408515,0.9995311758061951
1.2725629476977656,1.1280793179992998
0.9726853471455376,0.9862481164217946
1.0834699666383416,1.0408986341802653
1.4539700768285206,1.2058068157165645
1.5744451965116373,1.2547689813314788
0.834350990581369,0.9134281529388991
1.7287787490493416,1.3148303118841387
1.5789571072181217,1.2565656000456649
1.2345237518344137,1.1110912437034204
1.5592743511325011,1.2487090738568776
1.6360864124562693,1.2790959355952427
1.2424821918367492,1.1146668523988452
0.9639971330180211,0.981833556677516
1.825149413280344,1.35098090781489
0.9538618043137334,0.9766584890911117
1.5055724671893056,1.2270177126632302
1.3662223065056716,1.1688551263974811
1.6042878791399993,1.2666048630650362
1.442321056905435,1.2009667176510075
1.504181796938148,1.2264508946297639
1.7271768731062516,1.3142210137972423
1.2766538755340489,1.129891090120658
1.5892099158902808,1.2606386936352068
1.1962156913222075,1.0937164583758479
1.8218386211769213,1.3497550226529706
1.4716311523194983,1.2131080546758801
0.799406715435647,0.8940954733336072
1.3552149967451563,1.1641370180288728
1.9602059858405108,1.4000735644388516
1.5400699433837362,1.2409955452715116
1.3344692931109032,1.1551923186685857
1.1091091250357679,1.0531424998715833
1.4845902427920332,1.2184376236771552
1.2833880018586292,1.1328671598464797
1.962359211638908,1.4008423221900843
1.5417644879119916,1.2416780935137703
1.9460212601987017,1.394998659568783
1.549700257935012,1.2448695746683716
1.709693989485886,1.307552671782627
1.1577677850096812,1.075996182618545
1.5177354315817777,1.2319640545006894
1.1170384600185899,1.0569004021281239
1.6892266043562394,1.2997025060975451
2.0530990409034504,1.4328639296539816
1.2634452704310917,1.1240308138263344
1.5300946803037465,1.2369699593376335
1.5387824389857225,1.2404766982840598
1.1332051032099582,1.064521067527533
