sigma_patient_squared,sigma_patient
3.3842835659761765,1.839642238582322
1.5231360919718093,1.2341539984830943
2.6748085809657844,1.635484203826434
2.5182163956950445,1.5868889046480363
1.817991870689636,1.34832928867159
1.3357650939632186,1.155753041944177
1.461662860103278,1.2089924979516118
1.2690628748498105,1.1265269081783225
1.5650326740712617,1.2510126594368507
1.4648063984456205,1.2102918649836578
2.0150895122955337,1.4195384856690338
1.7240087316852417,1.3130151300290647
1.6657044434234078,1.2906217274722318
1.3721640166901454,1.171394048426978
1.4517033149664351,1.204866513339314
1.1939310171040756,1.092671504663719
1.9020390634846358,1.3791443229352887
1.731745845156507,1.3159581471902924
1.4674764249365384,1.2113944134494505
1.3592968516160642,1.1658888676096295
1.829578228107267,1.352619025486211
1.2811918531526245,1.1318974569953872
1.3277237135088598,1.1522689414840876
1.5172092238813863,1.2317504714354228
3.225577278219478,1.7959892199619345
1.0783323191436045,1.038427811233696
1.3202210827883458,1.1490087392132167
1.9991757287772902,1.4139221084548081
1.5012268457906293,1.2252456267176102
1.8146997325199135,1.3471079142072893
1.3404104918391884,1.1577609821717039
2.0415621228289855,1.428832433432621
2.1082935532486675,1.4519964026293823
1.1935441862281162,1.0924944788089852
0.9618839747847271,0.9807568377455887
1.4492601352181789,1.203852206551194
1.3750068180843138,1.1726068471931732
1.1173639993896494,1.057054397554662
1.3516948885333433,1.162624138977573
1.283233635214989,1.132799026842356
2.62285617728668,1.619523441413146
1.9950595179018793,1.4124657581342916
1.6946345369053653,1.3017812938068227
1.4592895498457836,1.208010575221005
2.21714063822182,1.4890065944185136
2.117443609424325,1.4551438449254166
1.4084031292977501,1.1867616143513195
1.409257110703194,1.187121354665644
1.9145357625363328,1.3836675043291047
2.355637339837375,1.5348085678146883
1.3934256264813587,1.1804345074934732
1.544871200392898,1.2429284775854554
1.5197702589209505,1.2327896247620478
1.1913698953156169,1.0914989213533914
0.8657277157902195,0.9304449020711648
0.9123159487891366,0.95515231706212
2.252278001149077,1.5007591416176937
0.9433832709482515,0.9712791930996213
0.800368746898126,0.894633303034336
1.5558178982032238,1.2473242955235113
1.0166940832626523,1.0083124928625313
1.1204910626454212,1.0585325042932887
1.1429309245310664,1.0690794753109174
2.2842902297975725,1.5113868564327178
2.494827185930697,1.5795021956080646
1.521754313644845,1.2335940635577187
1.1919840028989428,1.091780198986473
1.1781137508333688,1.085409485324948
1.2066316593129733,1.098467869039861
1.6290446030812342,1.276340316326815
1.5093791101197984,1.2285679102596643
2.2152694772967623,1.4883781365287392
1.926818543808474,1.38809889554328
2.0462818618792653,1.4304830868903222
1.7393931839687984,1.318860562746797
1.3086601088125804,1.1439668302938597
1.8011210967793532,1.3420585295654408
1.4612555302761507,1.2088240278370341
2.138238631102609,1.4622717364096898
2.0092809488631636,1.4174910754086474
1.2902869173134959,1.1359079704419262
1.525638780565392,1.235167511135794
1.4594352919204305,1.2080708968932372
1.6154214549626633,1.2709923111343606
1.7497112464270053,1.3227665124378547
1.721500271743225,1.3120595534285877
1.8178875264353862,1.3482905942100858
0.9704851439124544,0.9851320438968851
2.1384276002346847,1.462336349898574
0.8709141002415546,0.933227785828066
1.3767337697903255,1.1733429889807692
1.4237552771654818,1.193212167707605
1.4380628328476106,1.199192575380456
1.827516744401097,1.3518567765858545
0.9744474177371688,0.9871410323439953
1.4408957715455828,1.200373180117576
1.3186819493790773,1.1483387781395686
1.311296124784939,1.1451183889820908
1.243764932160026,1.115242095762183
0.8652604499489323,0.9301937701086437
0.9362865004439523,0.9676189851609736
1.478899211027282,1.2161000004223674
1.1601458457961662,1.0771006665099443
1.0510828199747764,1.02522330249306
2.088540384085243,1.445178322590414
1.3275612447738885,1.1521984398418046
0.9604593999142187,0.9800303056100963
0.962347117781247,0.980992924429757
0.8074928005490479,0.8986060318899757
1.3595934122216717,1.166016042866337
1.37189949280046,1.1712811331189708
1.6989960172363667,1.3034554143645907
1.438199122897854,1.1992493997904914
1.3975786993007766,1.182192327542679
2.0030177028328833,1.4152800792892137
1.8858090954187257,1.3732476453352198
1.7679855967093325,1.3296561949275958
2.3414000072907664,1.5301633923508844
2.383639607279096,1.5439040149177332
2.8178556782999427,1.6786469784621014
1.388713739127547,1.1784369898842904
1.270182043922809,1.1270235329942357
1.7249181280675778,1.3133613851745367
2.370461688534485,1.5396303739971113
1.4322599802260443,1.1967706464590633
1.3041661511934832,1.1420009418531507
1.9987239035344775,1.4137623221512439
1.2200802601461236,1.1045724331822353
1.710634285394352,1.3079121856586367
0.9461174936506825,0.9726857116513445
1.0611745409387403,1.0301332636793845
2.343847633120234,1.5309629757509597
1.207011786774714,1.098640881623615
0.9737611984300576,0.9867933919671623
1.9259801242018841,1.3877968598472488
1.890457475629376,1.3749390806975326
0.7842145378786477,0.885558884478411
1.7441928954514785,1.3206789524526688
1.2261708597640508,1.1073259952534533
2.0814150841313093,1.4427110189262815
1.1694445828246387,1.0814086104820133
1.4290600043357393,1.1954329777681973
1.5871086932874985,1.259805021932957
1.6645791203571936,1.2901856921998451
0.8880558833975355,0.9423671701611509
1.9210146537421757,1.386006729327883
2.060373600879104,1.4354001535735963
1.9707065301480617,1.4038185531428418
1.1069695728838687,1.0521262152821156
1.4142512413943387,1.189222956974149
1.9900418807187805,1.4106884421156858
1.4213290562657936,1.192195057977424
1.234291817872537,1.1109868666516887
1.0971364856452825,1.0474428316835638
1.0815322442618915,1.0399674246157384
1.5570036795341575,1.247799534995168
0.8975064136435421,0.947368151060369
1.4637793718703014,1.209867501782861
1.4340704955027936,1.1975268245441493
1.5803017062327591,1.2571005155645905
2.0714736669091707,1.4392615005304528
1.2613352171967205,1.1230918115616018
1.5093631124279647,1.2285613995352307
1.6415747248718213,1.2812395267364418
1.336448309635985,1.156048575811581
1.1133951319931454,1.055175403425016
1.2348630764882444,1.1112439320366363
2.06640686394542,1.4375002135462172
2.1763362485199846,1.4752410814914234
2.4530241807307407,1.5662133254224153
1.4170771700503024,1.1904105048470894
1.171409278526575,1.0823166258200856
2.3873132340956205,1.5450932768268784
1.1529870574056638,1.0737723489667927
2.158644824561391,1.4692327332867965
2.080918145786733,1.4425387848466096
0.9868813841991355,0.9934190375662908
1.5284794599093166,1.2363168929968225
1.5781405121787566,1.256240626702845
0.9398777276451021,0.9694729122802257
2.244310402681202,1.4981022670970103
1.3501236108074663,1.1619481962667124
1.1583303871429982,1.0762575840118378
1.512211286502555,1.2297200032944715
1.5234256367276797,1.2342712978627024
1.4345518428633506,1.1977277832894044
0.9339595159543261,0.9664158090358033
3.036041932329164,1.7424241539674443
3.1649287653913816,1.7790246668867133
1.7424820766718834,1.3200310892823257
1.3226492416094844,1.1500648858257887
1.7385124154728082,1.3185266077985716
1.6471585439479028,1.2834167460135086
1.6191161419205116,1.272444946518517
1.3194385594262914,1.1486681676734545
2.057009514014189,1.4342278459206503
1.0355583926278509,1.0176238954681887
1.6889612505260378,1.2996004195621198
2.615248294145796,1.6171729326654574
2.304370086182455,1.5180151798260961
0.962491865654914,0.9810666978625429
1.0073286167621514,1.0036576192916344
3.3236058792084227,1.8230759389582274
2.1690664614095936,1.4727750885351074
2.5579398144812804,1.5993560624455332
3.188612551711842,1.785668656753498
1.9388573910067837,1.3924285945809873
1.626349697472735,1.2752841634211314
1.6568133163030518,1.2871726054818957
2.329573569372548,1.5262940638594347
2.6708638528859057,1.6342777771498656
1.1941425938641665,1.0927683166454665
1.3130112028034693,1.1458670092133159
2.347453631144198,1.532140212625528
1.147881335181557,1.0713922415164099
2.08054249785258,1.4424085752145888
1.236607166521273,1.1120284018500934
1.3575131494379717,1.1651236627233916
1.2753676852615186,1.129321781097628
1.6336712198935643,1.2781514855030152
1.302019951661061,1.1410608886738083
1.2586766164272263,1.1219075792716735
1.756530423072363,1.3253416250432803
2.329565643962073,1.5262914675651151
2.2285219888744527,1.4928234955527906
2.142112480742736,1.4635957367875652
1.2258601533277431,1.1071856905360289
1.5043154060406212,1.2265053632335332
1.4592606466752804,1.207998612033673
1.2037683673982615,1.0971637833059664
1.5424805878172654,1.2419664197623321
1.186349557964156,1.0891967489687784
1.6644960221935081,1.2901534878430194
1.4921146447977214,1.2215214467203273
2.071031399877523,1.439107848591454
1.0410266753598376,1.0203071475589287
1.8712192255068962,1.367925153474011
1.3284468476655626,1.152582685825864
1.4387521524168725,1.1994799508190508
1.7602243537214053,1.3267344699379018
1.1454159628835234,1.0702410769931807
1.5135342269744128,1.230257788828997
1.3849425029789937,1.1768358011970037
1.4190010563078996,1.1912183075775404
2.023407992099245,1.4224654625330082
2.2230424793362196,1.4909870822164153
1.5426268045025955,1.2420252833588354
1.7627696953609022,1.3276933739990202
1.4941129291388897,1.2223391219865662
1.1202527898208936,1.058419949651788
1.9059779542295388,1.3805716041660203
1.8737575416245897,1.3688526369279455
1.3566577312635975,1.1647565115781056
1.373085122350484,1.1717871489099392
1.947498175692451,1.3955279200691224
1.4329722790907553,1.1970682015201788
1.928911382263895,1.388852541583841
2.9707754956115813,1.7235937733734075
1.3564113320514128,1.1646507339333165
2.075885491573949,1.4407933549173348
1.2724608104792123,1.128034046684413
1.1487288961084878,1.0717877103738818
1.3344803884266432,1.15519712102595
1.2840979105215773,1.1331804404072536
1.8194049344144885,1.3488531923135625
1.639068171365712,1.2802609778344851
1.4350653769352275,1.1979421425658368
1.2735930079958335,1.1285357805563072
1.2765540642283506,1.1298469207057877
1.0967397307809816,1.0472534224250507
1.2907224760996396,1.1360996770088616
1.3120763884230142,1.1454590295698115
1.758334659178716,1.3260221186611918
1.7559943313910569,1.3251393630071733
1.5585300883094175,1.2484110253876395
1.0456191193004114,1.0225551913224105
1.2267260054163587,1.1075766363626305
1.1953999583785742,1.093343476853717
1.3385416665982737,1.1569536147133443
1.3364111658558404,1.1560325107261649
1.3973922017571108,1.182113447075665
1.9712219073367032,1.404002103750811
1.8120715696517509,1.346132077342989
1.5151908649348016,1.230930893647081
1.4413096325062744,1.2005455561977956
2.228761008125887,1.4929035495054217
1.3603134044507441,1.1663247422783862
1.5457514708106443,1.2432825386092432
1.8786026817678971,1.3706212758336627
1.2257754912153078,1.1071474568526578
2.3524439381404645,1.5337678892650166
2.3625710098373696,1.5370657142221895
2.0579037186322204,1.4345395493440467
1.721125511677792,1.3119167319909415
1.1394951663717638,1.0674713890178809
0.9124963325293836,0.9552467390833551
2.417467427309026,1.554820705840074
2.490305600852542,1.5780702141706313
2.616213499604583,1.6174713288354088
1.6293728442739224,1.2764688967123023
1.4737800185927972,1.2139934178539837
1.4112597824975517,1.187964554394428
1.4821505847939769,1.2174360701055218
1.0956005119339642,1.046709373194854
1.1537819387966108,1.074142420164389
1.1845038289886758,1.088349130099655
2.1541636151466985,1.467706924132573
1.0261113863140499,1.0129715624409452
1.3621493522367285,1.1671115423286365
1.3220198499987843,1.149791220178161
1.144185722370465,1.0696661733318789
1.1041696088798294,1.0507947510716968
2.253082200409319,1.5010270485268808
1.6818480449365383,1.2968608425488597
1.8880003371282004,1.3740452456626748
1.3757120984659,1.172907540459136
1.7943492237814032,1.3395332111528266
1.6778546523451139,1.2953202894825333
1.4908437778768437,1.2210011375411751
1.89264206688869,1.3757332833397213
2.113430983166806,1.4537644180426228
2.701728333955307,1.6436935036542875
1.952430829292486,1.397294109803833
1.5032137373929777,1.2260561722013301
1.0308571503160997,1.015311356341541
1.25531225596225,1.1204071831090026
2.0235281904669558,1.4225077119182714
2.0794060185596157,1.4420145694685667
1.1049335056376546,1.0511581734628022
1.5820721048419615,1.2578044779861302
1.8164584703957307,1.3477605389666707
1.2318269223151685,1.1098769852173567
0.9402851757606409,0.96968302849985
1.6545034776334684,1.2862750396526663
0.9858025145036364,0.9928758807140178
3.853406302942254,1.9630095014905695
1.688898848196394,1.2995764110649262
1.214195833651101,1.1019055466105527
1.1623581209125617,1.0781271357834203
1.4951927854098257,1.2227807593390672
1.278418141809589,1.130671544618325
1.3500342098899756,1.161909725361646
1.2131806636773805,1.1014448073677503
1.4433839859438102,1.2014091667470372
1.6694700401975646,1.292079734458197
1.1430998418858875,1.0691584737006425
1.3748809092656755,1.172553158396529
1.3363567313757503,1.1560089668232467
1.8333575215221012,1.3540153328238573
1.0342496894546593,1.0169806730979007
1.526354255362397,1.2354571038131583
1.9246347407264885,1.3873120560012764
1.898265032304821,1.3777753925458318
2.026518217755525,1.423558294470418
1.6747521478731653,1.2941221533816525
1.3110421748030403,1.1450074998894288
2.2302732457052517,1.4934099389334636
2.946317941416524,1.7164841803571986
1.526724166593363,1.235606800965972
1.4965301326258993,1.2233274838022317
1.3544102025283835,1.16379130540161
1.9342154185917868,1.3907607337683168
2.939535347726759,1.7145073192397748
2.4806508519633814,1.5750082069511198
2.4230397992626576,1.5566116404751242
2.137289170215249,1.4619470476782834
2.2644532105677357,1.504810024743235
1.8810886545164833,1.371527854079706
1.4319734546385967,1.196650932661065
1.5676637428513973,1.2520637934432084
3.5138566568004084,1.8745283825006247
0.8311220578142938,0.9116589591586833
1.429357607507096,1.1955574463433767
1.2900181108637314,1.1357896419952647
1.3004316423251032,1.1403646970706798
2.3552022465834916,1.5346668194052713
1.8103628061613586,1.3454972337992221
2.25652330985707,1.5021728628413809
1.9391887773438654,1.3925475853068237
2.2834203430778315,1.5110990513787743
2.0335767747653253,1.4260353343326824
1.110623911671235,1.0538614290651476
1.656664332744927,1.287114731772163
0.9906899358168847,0.9953340825154561
1.6131322820014438,1.270091446314573
1.6920870989815446,1.300802482693489
1.7288325533015254,1.3148507722557436
1.504246281321736,1.226477183367769
2.2840625060768405,1.511311518541707
1.4557243226836654,1.2065340122365658
1.112443178724725,1.0547242192747472
2.6352251238663604,1.623337649371307
1.9568768991183072,1.3988841621515011
2.5247940405123686,1.58896005000515
0.9287579504225821,0.9637208882361024
1.3905688502510019,1.1792238338207899
0.8143344300975355,0.9024048038976386
1.5797452075920175,1.256879153933272
1.8332546025178094,1.3539773271801154
1.4216913659704158,1.1923469989774016
1.2647387745823078,1.1246060530613855
0.8375461932493762,0.9151754986063472
0.8782220285564726,0.9371350108476754
0.6896099761429627,0.8304275863330666
1.6359688623361683,1.2790499842993504
1.4931543142784176,1.2219469359503372
1.3110784015211345,1.1450233192040826
1.2709155617949952,1.1273489086325472
1.4344056319103637,1.1976667449296419
1.6991475127085796,1.30351352609345
1.2964052177802472,1.1385979175197218
1.1203752330424188,1.0584777905286529
1.6988931943708319,1.3034159713502178
1.622103812642059,1.2736183936493926
1.7634886236749971,1.3279640897535585
1.5190771935011198,1.2325084963200537
0.9113448088441907,0.9546438125521951
2.1868610832696143,1.4788039367237342
1.1207891061795836,1.058673276407591
1.6736305262980191,1.2936887285193526
1.0063448343224128,1.0031674009468274
1.658934669395314,1.2879963778657586
2.061536785319761,1.435805274164906
2.043331594183038,1.4294515011650581
1.3653088445271793,1.1684643103352277
2.5712558200986093,1.603513585879025
1.9027493171335301,1.3794017968429395
2.7468403501507312,1.6573594511000718
1.7650222488806222,1.3285413990089365
1.971945596509885,1.40425980377916
2.8027004230631714,1.6741267643351179
1.4590929600995346,1.2079292032646345
1.42099065934504,1.1920531277359412
1.8031527224084776,1.3428152227348622
1.709396402370253,1.30743887137038
1.0287436115676012,1.0142699894838658
2.0183547356117244,1.4206881204584363
1.9983070098955824,1.4136148732577705
2.3275063367744515,1.5256167070317668
2.2532645097858204,1.5010877755100867
1.6139328798841739,1.2704065805419043
1.1788734070668336,1.085759368859801
0.9162789631849996,0.9572246148031295
1.5527427209938338,1.2460909762107395
1.7378718523709695,1.3182836767444894
1.6768085691261698,1.2949164332597567
1.184914383651866,1.088537727252421
1.0682200743541015,1.0335473256479848
2.13898676834509,1.462527527380285
2.2865631522986223,1.5121386022116565
1.3397570096955191,1.1574787296946407
1.9881004587596254,1.4100001626807088
1.0350297879109902,1.017364137323009
1.3085066615131484,1.143899760255744
1.526346356038126,1.2354539068852897
1.4592063107763558,1.2079761217740836
1.117470946918451,1.0571049838679463
1.5817303531557867,1.257668618180396
1.2922715659118584,1.1367812304537133
1.8076151134359444,1.3444757764407451
1.5011316083448343,1.2252067614671551
1.3238728741945927,1.1505967469946161
0.9922238344018334,0.9961043290749385
1.7680329283008687,1.329673993240775
1.2227067137132608,1.1057606945959242
1.6762149211144863,1.2946871904496802
2.1874393749437697,1.4789994506232143
1.7772873762789834,1.3331494200872547
1.754267781661608,1.3244877431149025
1.6699267722293027,1.292256465346296
1.0336156151706335,1.016668881775494
0.9785191466330777,0.989201266999329
1.2282274266805147,1.108254224751936
1.7502207641909266,1.3229590939220028
1.638346766490867,1.2799792054915842
1.6220242503695501,1.2735871585288343
1.5998419282634977,1.264848579183887
1.3440260044053347,1.1593213551062254
1.491298545323313,1.2211873506236923
1.5047456080143644,1.226680727823815
2.692363671058472,1.6408423663041103
2.196478586723646,1.4820521538473759
1.3162423363852764,1.1472760506457356
2.1677330917204194,1.4723223464039454
1.7319086134825012,1.3160199897731422
1.914081951146383,1.3835035060115977
1.6729916107293734,1.2934417693616413
1.4859716564015921,1.2190043709526197
1.3380349052790177,1.1567345872234553
1.3096719303277602,1.1444089873501344
1.5427681465571688,1.242082181885389
1.3949971307346192,1.1810999664442545
1.407095013054328,1.1862103578431307
2.27025872204053,1.5067377748103783
1.0601496267999129,1.0296356767322667
1.38497318840854,1.1768488383851767
1.606021639143158,1.2672890905958112
1.3781087924718785,1.1739287850938311
2.300217529789045,1.5166468045623032
1.030492059283729,1.0151315477728633
1.0428386063070658,1.0211946955928952
1.3855299713264677,1.1770853712991542
2.575002623658331,1.6046814710896151
3.1309477308002434,1.7694484255835894
0.7167715278890138,0.8466236046136523
0.8960659734807165,0.946607613259431
0.8984187889066968,0.9478495602714055
1.9723688793479088,1.4044105095547772
1.210549553473179,1.1002497686767214
2.567899830509511,1.6024667954467922
1.7137898797677202,1.3091179777879915
1.1200226639591406,1.0583112320858834
1.0577578257532099,1.0284735415912312
0.8460419082610781,0.9198053643358893
1.3832297201018926,1.1761078692457987
1.0927629333157678,1.0453530185137305
2.235950745926627,1.4953095819684388
2.181086532520158,1.4768502065274454
1.330833469746136,1.1536175578354102
2.5234900753061935,1.5885496766882028
2.5709564542038836,1.6034202363085865
3.1198180011772276,1.7663006542424275
1.7653791090724344,1.3286756974794243
1.5465985400343558,1.243623150329052
0.9092045988103816,0.9535222067735925
1.7715128526352524,1.3309819129632274
1.5172057791618534,1.2317490731321268
0.9690934316586063,0.9844254322489877
1.7572919602801687,1.325628892367758
1.5412356601668111,1.2414651264400507
1.416167186282475,1.190028229195625
0.9320720730268672,0.9654387981777339
1.8884532017950033,1.37421002826897
1.4482704123343217,1.2034410714008068
1.5075911754669027,1.2278400447399094
1.5098022958053487,1.2287401254151948
1.2587725095541678,1.1219503151005252
1.4567305571453673,1.206950934025641
1.3352046119699448,1.1555105416957236
1.0978958883048155,1.0478052721306643
1.655253776837819,1.286566662415057
1.3035581540353658,1.1417347126348423
1.0464576325437647,1.022965117950639
1.1899766606370878,1.0908605138316667
2.204942214912018,1.4849047831130513
1.6133209756863327,1.270165727645937
2.345525048044082,1.5315107077797667
2.470912293488789,1.571913576978324
1.2146446404914684,1.102109178117789
3.049427137443154,1.746260901882406
0.8623720551201296,0.9286398952877964
1.7776382670158948,1.3332810157712045
2.093914207163308,1.4470363530897585
1.370021585842926,1.1704792120507421
2.042383722493532,1.4291199118665767
0.9324515931546199,0.9656353313516547
1.5351380875135439,1.2390068956682783
1.226308079863272,1.1073879536383227
1.6254182777296808,1.2749189298656134
1.4191059229955159,1.1912623233341664
1.3605481163365398,1.1664253582362396
1.862731000103208,1.3648190356612147
2.1042798871256236,1.450613624341652
1.09324676580949,1.045584413526469
1.1361952446124772,1.0659245961194803
1.0745063007257616,1.0365839573935927
1.7492800711392464,1.3226035200086406
1.7141263182632571,1.3092464696394095
2.153417797097727,1.4674528261916044
1.0690367500606865,1.0339423340112768
3.1805060405957524,1.7833973311059295
2.8128723907251367,1.6771620049134004
0.9056562382132188,0.9516597281661229
1.420869711079947,1.192002395584819
1.348493886967655,1.1612466951374523
1.8883433510301288,1.374170058992019
1.9446226737533763,1.3944972835231255
1.5039257423867234,1.2263465017631532
2.2639390485596063,1.5046391755366488
1.294675388885629,1.1378380327997606
1.769474598240604,1.330215996836831
1.401798277014773,1.1839756234884116
1.7542992696945998,1.3244996299337346
1.4052654850559654,1.185438941934997
2.126459489157451,1.4582384884364599
1.3182840952197594,1.148165534763938
1.1323848637740725,1.064135735596767
1.1218542759217658,1.0591762251494157
1.216646061121727,1.1030168000178995
1.19067973582754,1.0911827233912477
1.2750843267871463,1.1291963189752021
1.3008478458998178,1.1405471695198834
1.0222245658403573,1.0110512182082356
2.1473338924591334,1.4653784127177298
1.206398862768085,1.0983618997252613
0.8236747728840573,0.9075652995151684
2.252245018964152,1.5007481530770417
2.38120140594803,1.543114190832302
2.497945057132072,1.5804888665005117
1.8365912475699584,1.3552089313349283
2.239150408753331,1.4963790992770953
1.9761108592288281,1.4057421026734698
1.0349996290484667,1.0173493151560415
1.6835022468712126,1.2974984573675656
1.6349642687680557,1.2786572131607656
1.2973767825947073,1.1390244872673754
0.9923210347162813,0.9961531181079951
1.3364106347044034,1.1560322809958221
2.7073131198653444,1.6453914792125746
2.9519854778304486,1.7181343014533086
1.8193569004526706,1.3488353867142835
1.8246635337101016,1.3508010711093257
3.1212860038700794,1.766716163923928
2.3023543346990483,1.517351091441611
1.3553968152554015,1.164215106952062
1.3537838010459768,1.1635221532252735
1.2318597958652022,1.1098917946652287
0.8854627561271502,0.9409903060750149
1.0436706159513198,1.0216019850956242
1.8752544483509799,1.3693993020120099
1.2595036052019228,1.122276082433339
1.7116092188217011,1.308284838566014
1.8293620175793261,1.352539100203512
2.321326254380204,1.5235899232996404
1.5313523920515577,1.2374782390214212
1.7356823163988557,1.3174529655357172
2.218667901725134,1.4895193525849653
1.5983221159178735,1.2642476481757337
1.6354347602335575,1.2788411786588503
1.1574842557907483,1.075864422588064
1.4148529753612111,1.189475924666494
1.8885585733118286,1.3742483666760636
1.9563165364646125,1.3986838586559196
1.4801722934910608,1.2166233161874964
1.6241418417870233,1.2744182366032837
1.4420889504850052,1.2008700806019796
1.6062092995269215,1.2673631285179956
1.6956880034332749,1.3021858559488637
1.4935496342149306,1.2221086834708812
1.439180944155056,1.1996586781893657
1.5694174457932903,1.2527639226100384
2.009800307375748,1.417674259967976
1.825813211303758,1.3512265580959242
1.6042751565196773,1.2665998407230585
1.7951655990129634,1.3398379002748666
1.9300331331916127,1.3892563237903985
0.8623710514667776,0.9286393548987559
0.7367710555410091,0.8583536890705422
1.1325244231922649,1.0642013076445005
1.2724265793981373,1.1280188736887948
1.3971586995725958,1.182014678239063
1.8397991733193484,1.3563919689084525
1.7534651505198666,1.3241847116319787
1.2493822330163027,1.1177576808129313
2.415040869209042,1.5540401761888403
1.1709107155182579,1.0820862791470272
1.238771802730816,1.1130012590877048
1.5036286172434623,1.226225353368402
2.8186936735781893,1.6788965642880413
1.2559760733232521,1.1207033832924982
1.9362221923115919,1.3914820129313896
0.647942971771586,0.8049490491773911
1.2114961604496377,1.10067986283462
1.837891992274098,1.3556887519906986
1.5469805361058697,1.243776722770558
1.414511832782935,1.1893325156502428
2.694436242498441,1.6414738019531232
1.8237997293223291,1.350481295435938
1.1098683771765372,1.0535029080057337
2.4903981073289887,1.5780995238986002
1.0011705152884556,1.0005850864811325
1.4074648412733148,1.1863662340412908
1.7407700189563253,1.3193824384750334
1.3436698745678792,1.159167750831552
1.4324627261954699,1.1968553489020592
2.324868664160108,1.5247520008709967
1.7442107702377663,1.3206857197069128
2.1485808221729545,1.4658038143533925
2.0069328797210173,1.4166625849936947
2.0362969511763156,1.4269887705151416
1.15672632920023,1.0755121241530614
1.9795131544424496,1.40695172427573
1.2394008931512874,1.1132838331491604
1.3906494040040602,1.179257988738707
1.1960360926886704,1.0936343505434851
1.7173371193994458,1.3104720979095457
1.8834333755173895,1.3723823721971182
1.4391070807003032,1.1996278925984938
2.377650351472724,1.5419631485456207
1.6024322265485758,1.2658721209302999
1.3888028925247924,1.1784748162454692
1.7408464065425489,1.3194113863926402
1.4216251206668538,1.1923192192810002
1.3600336234510833,1.1662047948156804
1.6201991865953096,1.272870451615289
2.218494864904258,1.4894612666680052
1.4514715345985625,1.2047703244181285
1.3106849083292247,1.1448514787208097
1.393331489291594,1.1803946328629227
1.4274395926668852,1.1947550345852849
1.3401201362063404,1.157635580053732
1.5954792168569407,1.2631228035535345
2.0059059782805426,1.4163001017724113
1.2188090486105105,1.1039968517212857
1.4494061551429653,1.2039128519718383
2.5767200942992052,1.6052165256747157
1.0074578671843724,1.0037220069244135
1.894273230122385,1.3763259897721851
1.972389535903088,1.4044178637083367
1.99791253636921,1.4134753398518172
1.4026850010686227,1.1843500331695114
1.653856220654261,1.2860234137270834
1.5868916258409065,1.2597188677799926
1.7547282927753207,1.324661576696222
1.5622480657162428,1.249899222224033
1.5412280769165376,1.241462072282733
1.3785022891435796,1.1740963713186323
1.3099669386284405,1.1445378712076069
1.5285627883747226,1.2363505928233798
1.1612939736527348,1.0776335061850735
1.5694254403470504,1.2527671133722542
1.506392138929017,1.2273516769569417
1.5250837646333142,1.2349428183658198
2.2857619574023214,1.511873657883595
1.0366891068230326,1.0181793097598442
1.3231516275029152,1.150283281415024
1.355059636680015,1.1640702885479102
1.6839127361779984,1.297656632618197
1.5743377611537632,1.254726169789155
1.681234368325471,1.2966242201676903
1.5065630615762011,1.2274213056551533
1.1380662701504978,1.0668018888952615
0.9138706168401672,0.9559658031750755
0.8587188662352581,0.926670851076723
0.8926219520024227,0.9447867230239969
2.7901071707050753,1.6703613892523603
1.5945213973152692,1.262743599197901
0.9962116838025739,0.9981040445778054
0.9576682463503015,0.9786052556318617
2.018059442968488,1.4205841907358001
1.270325078672961,1.1270869880683394
2.236639940617505,1.495540016387895
1.7090588509387385,1.3073097761964219
1.6941279143146304,1.301586691048518
1.942638416662496,1.3937856422931383
1.8719965425872067,1.368209246638542
1.6699537950109171,1.2922669209613458
1.5299879412842763,1.2369268132287683
1.3483460657065898,1.1611830457367993
0.9978581909330746,0.998928521433378
1.0278099878558256,1.0138096408378772
0.9350332932532397,0.966971195668847
2.0490094878892195,1.4314361627013688
1.0473070502230124,1.0233802080473378
1.1867822810536985,1.0893953740739395
1.5881599987905402,1.260222202149502
1.900883315675132,1.3787252502493497
1.5961624827302547,1.2633932415246865
1.360308811806213,1.1663227734234691
1.3296962531092074,1.1531245609686784
1.6009718597965081,1.2652951670643922
1.6203116216395932,1.2729146167907701
1.2353579092797462,1.1114665578773597
1.3076619745988673,1.143530486956455
1.2986617459596295,1.1395884107692695
1.3304549594674306,1.153453492546375
1.945710166598574,1.3948871519225396
1.496484980715553,1.2233090291155186
1.699559702538879,1.3036716237376953
1.899443057846088,1.3782028362494716
0.9435589445453458,0.9713696230299493
1.4440406816767883,1.2016824379497224
1.5985470966369362,1.2643366231494428
1.2654280773182962,1.1249124754034405
2.009339620855974,1.4175117709761615
1.7383961062980373,1.318482501324169
1.5947609401058873,1.2628384457664754
1.2749695084898953,1.129145477115281
1.42255808746765,1.192710395472283
1.1753117813850842,1.0841179739240026
1.8886148827798723,1.3742688538928154
1.194222469042869,1.0928048632042544
1.9436408929830986,1.3941452194743196
1.1836580082826982,1.087960481029848
1.5710500430191026,1.2534153513576825
1.2602815542437789,1.1226226232549292
1.659563724733099,1.2882405539079644
1.36932634399219,1.1701821841030524
1.3444317293971777,1.1594963257368165
1.4522768934229182,1.2051045155599236
2.092556604406286,1.4465671793616381
2.3309149099785884,1.5267334115616218
2.3186791743667863,1.5227209771874775
1.31131522550545,1.1451267290153742
2.3687247820464674,1.539066204569013
1.703948834248895,1.305353911492548
1.657376943796025,1.2873915270017995
2.30172657812103,1.5171442179704044
1.763722661663792,1.3280522059255773
1.7667116394514786,1.3291770534625846
1.4749530333593148,1.2144764441352145
1.8478551818366256,1.359358371378433
1.8941229989675756,1.3762714118107575
2.0532912889815313,1.432931013336487
2.332208679711377,1.5271570579712412
1.6866155457308354,1.2986976344518517
1.6145945776941522,1.2706669814291045
1.8382893449306168,1.355835294175003
1.8016650787533761,1.3422611812733676
2.081458292614918,1.4427259936020138
2.529464164300702,1.590428924630303
1.2646544522334286,1.124568562709019
1.671850631661298,1.293000630959358
1.7674569001753335,1.3294573705746768
1.8791431550110036,1.37081842525223
1.701616903147833,1.3044603877266006
1.437513348061966,1.198963447341897
2.3123807033036967,1.5206514075565434
1.6925673406491182,1.3009870639822358
1.7528876630810575,1.3239666397160683
1.7635054696796095,1.327970432532144
1.5884684819065746,1.260344588557659
1.9686799301325908,1.4030965505383408
1.6380174389706958,1.2798505533735944
1.484425728258687,1.2183701113613576
1.5991778404744774,1.2645860352204106
1.0505433181749653,1.0249601544328273
1.4564543591437236,1.206836508870909
1.9274187925732407,1.3883150912430653
0.9828212906127257,0.991373436507518
2.3036036958092185,1.5177627271115925
2.2498305942096004,1.4999435303402593
1.6470104415798357,1.283359046245374
1.5911802440105525,1.2614199316684958
1.9332211449284995,1.3904032310551135
2.0574468378612027,1.434380297501748
1.5717582094397617,1.253697814243832
1.7328563220347546,1.3163800066982005
0.9796208887817027,0.9897579950582378
1.4487743676126845,1.2036504341430216
1.4753344358206029,1.2146334573938768
1.172642077412967,1.0828859946517764
1.6548178008033918,1.286397217349055
1.512983499273354,1.2300339423257205
1.1715469455897851,1.0823802222831795
2.0554036454951996,1.4336678993041587
0.8984708130180227,0.9478770031064276
1.5129924799899181,1.230037592917354
2.778768938468932,1.666963988353957
2.1634348687181806,1.4708619475389866
2.1067315426056368,1.451458419179012
1.3523234589201805,1.162894431545779
1.7575343533223804,1.3257203148938996
1.4656760519323653,1.2106510859584463
1.4659227666409111,1.2107529750700228
1.8115355466531533,1.3459329651409662
1.9785631189959954,1.406614061850654
1.7184447935649527,1.3108946538776305
1.8179271573957863,1.3483052908728743
2.010960443997945,1.4180833699038802
3.1604709085671217,1.777771331911706
2.8643705791824177,1.6924451480572178
1.444996871195173,1.202080226605185
1.7958733381964156,1.3401019879831593
1.6750617373897037,1.2942417615691837
2.565688169173149,1.6017765665576298
2.0295953749512123,1.4246386822458572
1.2912580520702435,1.1363353607409405
1.4866697208737056,1.2192906629978373
1.5263424008372584,1.2354523061766725
2.023441132283442,1.4224771113390338
1.2619391698486475,1.1233606588485496
1.1433066176972115,1.0692551695910624
1.7723309428035126,1.3312892032926251
1.2580321531457481,1.121620324862985
1.3819549785274126,1.1755658120783423
1.5419077845031612,1.2417357949673358
1.538604254754489,1.2404048753348598
1.2296021061313764,1.1088742517217074
1.128132777420681,1.062135950535844
1.7740877793591274,1.331948865144277
1.8782967942237518,1.3705096841043305
1.2998393089147724,1.1401049552189362
1.170685646186545,1.0819822762811528
1.6336530391087534,1.27814437334315
1.4568893880359537,1.2070167306363047
1.779106862824102,1.3338316471069736
1.8777998195003878,1.3703283619265814
1.2148105916347938,1.1021844635245017
1.3464175821934403,1.160352352603915
2.2328824864725685,1.4942832684844491
1.2386771386695359,1.1129587317908674
1.5377586455832364,1.240063968343261
1.360840203944847,1.1665505578177258
1.695319331578685,1.3020442894075013
1.8876369975966099,1.3739130240290358
1.9051210528857108,1.3802612263212028
1.6599755689500388,1.2884003915514923
2.330906643075027,1.52673070417642
1.324089739671376,1.1506909835709047
1.0635525433489355,1.0312868385415066
0.9711576860319657,0.9854733309592735
2.1641027008455906,1.4710889506911506
1.2981664536156672,1.139371078102155
1.3187387224643567,1.1483634975321868
1.530138557175354,1.2369876948358678
1.4594164038697377,1.2080630794249685
1.6803118139137265,1.2962684189294
1.076503899945624,1.0375470591474991
1.1037276122764785,1.050584414636196
1.2968208028364854,1.1387804014982368
0.8518177943738403,0.922939756633032
1.8177413888401508,1.3482363994641855
1.3590211721889118,1.165770634468424
2.810316881065898,1.6763999764572588
2.076947032778116,1.4411616955699718
1.33344130812939,1.1547472918909099
1.7792738812168816,1.3338942541359422
1.5557271439191869,1.247287915406538
1.8220903705511902,1.349848276863437
1.4862669212799247,1.2191254739689121
1.2705374058215149,1.127181177017038
1.2526061088403286,1.1191988692097257
1.47836237708358,1.2158792608987046
1.500790158971831,1.2250674099705008
2.601719872882816,1.612984771435495
1.0082659398494578,1.0041244643217582
2.516903504875263,1.5864751825588899
1.3599287907506048,1.1661598478556037
2.1532418815875567,1.4673928858991911
1.9280429717740142,1.388539870430091
1.3321959687570653,1.154207939999143
1.4287596000456604,1.1953073245176993
1.4612072029114413,1.2088040382590726
1.6337837807119582,1.278195517404109
1.86286529757208,1.3648682345091339
2.1345388982496534,1.4610061253292723
1.5255137337999511,1.2351168907435244
1.7095499135464824,1.3074975768797747
1.5173503846876903,1.2318077709966317
1.5347655827642672,1.2388565626271135
3.7704975690395477,1.9417769102138247
2.6709332176353606,1.6342989988479344
1.0214846141938556,1.01068522013229
1.5576505317390315,1.248058705245483
1.1618099603129293,1.0778728868994383
1.1397970781726103,1.067612794121825
1.0650833339525383,1.0320287466696547
1.7169450348030295,1.3103224926723305
1.9089823685275065,1.3816592809110018
2.083159072850397,1.4433153061096515
2.6534274155518434,1.6289344417599634
1.7824635270777947,1.3350893329952849
1.725008823570714,1.3133959127280372
1.5036548435812813,1.2262360472524372
1.4789659245098352,1.2161274293879878
1.1736802431238005,1.0833652399462521
1.3695165220378147,1.1702634412976485
0.7108713386093681,0.8431318631206913
0.9756649384552031,0.9877575301941277
2.465932812781049,1.5703288868199072
1.198764097744934,1.094880860068772
1.295543891757959,1.1382196149065253
1.6452697474992812,1.2826806880511148
2.018688127996885,1.4208054504388998
1.2086254801771565,1.0993750407286662
1.3543108275451088,1.163748610115221
1.3354948368966013,1.1556361178574341
1.247433254768172,1.1168855155154318
1.2939829177339308,1.137533699603634
1.6055955659396437,1.2671209752583388
1.2355035172840494,1.111532058594825
1.2822183230416424,1.1323507950461476
1.9372767071410963,1.3918608792336598
1.447301137054679,1.203038294093201
1.2138801024828794,1.101762271310322
1.7028983522015895,1.3049514750371332
1.4246459110603051,1.1935853178806721
1.300687212538081,1.1404767479164497
1.1920997658500145,1.091833213384725
1.5060754985476872,1.2272226768389212
1.4396412756640329,1.1998505222168439
2.073119578152681,1.439833177195428
0.8602937262316285,0.9275202026002606
1.1963717053773724,1.0937877789486279
1.4891633616124866,1.2203128130165997
1.8641289926852318,1.3653310926970175
1.14688728513666,1.0709282352878087
2.4027927470187507,1.5500944316456178
2.438326587455925,1.561514197007483
1.06948169533692,1.034157480917157
1.161990308225964,1.0779565428281253
0.9875352124654916,0.993748062873831
1.7473144368526476,1.3218602183486148
1.7859390921600329,1.336390321784782
1.6279810189675816,1.2759235944865905
2.4777624637552718,1.574090996021282
2.1550630631349366,1.4680133048221793
2.187855647506304,1.4791401716897232
1.2755754220090059,1.129413751469764
1.7801366806026573,1.334217628650835
1.2446536715060537,1.1156404759177814
1.0447857702663597,1.022147626454398
1.6209146931866654,1.2731514808484752
2.0586083012699947,1.4347851063033776
2.5259782227540026,1.589332634395331
2.462644079716119,1.5692813895908277
2.440120440229848,1.5620884866837244
1.0392692655002984,1.019445567698589
0.9918037982645989,0.9958934673270022
1.949055485457499,1.3960857729586313
1.5621175668496947,1.2498470173784049
1.4286269190660068,1.1952518224483102
1.6013674158091458,1.2654514671883492
1.3889371794542813,1.1785317897512486
1.661887591401483,1.2891421920802542
2.40822083467346,1.5518443332607366
1.8717593657694207,1.3681225697171364
1.3738502780897703,1.1721135943626668
1.3729544257363362,1.1717313795133832
1.5163392759805234,1.2313972860050177
1.299056354173086,1.1397615339065825
2.246907086346914,1.4989686742380288
0.9557826287868723,0.9776413600021596
1.529396196011583,1.236687590303866
1.712117446827844,1.308479058612649
1.1827545737534277,1.0875452053838626
1.1618894988609467,1.0779097823384602
1.2388773980110002,1.1130486952559624
1.5747824817148721,1.2549033754496288
1.5720671155429975,1.2538210061819022
1.8967060983578403,1.37720953320758
2.406098904694016,1.5511605025573647
1.3880818726120712,1.1781688642177195
1.6097876016695598,1.2687740546171173
1.6834138881653735,1.2974644072826713
1.541465073825746,1.2415575193384099
1.5649379901887777,1.2509748159690417
1.321487935492427,1.1495598877363575
1.427538872173426,1.1947965819223898
1.4235973164730287,1.193145974503132
1.4131425246724567,1.1887567138285515
1.78393886012949,1.3356417409356036
1.7766863665545833,1.3329239912892945
2.4128770193923463,1.553343818796195
1.3776907321743703,1.1737507112561723
1.4739772869046495,1.2140746628212984
1.6256892706559398,1.275025203929687
2.6636591569190124,1.6320720440345189
1.8557754180728083,1.3622684823751918
1.073075043168432,1.0358933551135618
1.5927775762041674,1.2620529213167597
1.7073984960547797,1.3066745945547344
1.0387234721085448,1.01917784125664
1.7705214381840764,1.3306094236041155
1.4536183899319106,1.205660976366039
1.4300122298075464,1.195831187838629
1.6512895818635092,1.2850251288840655
1.4182582673710058,1.190906489767776
1.7941775321254274,1.3394691232445142
1.247129957144239,1.1167497289653752
1.1969533068332638,1.0940536124126934
1.5722371512403297,1.2538888113546311
1.9021561867739745,1.379186784585023
1.4255911065427944,1.1939812002468022
1.8294757435154272,1.352581141194652
1.8505640190272428,1.3603543725909226
1.4161831763116108,1.1900349475169252
1.1740830356210232,1.0835511227538013
1.7083486365600684,1.3070381159553337
2.5207366146394548,1.587682781489884
2.8021462116682243,1.6739612336216823
2.2881021288962713,1.512647390800735
1.8149335765536179,1.3471947062520762
1.7892410181596448,1.3376251411212503
1.2575499661610898,1.1214053531890642
3.598427745677318,1.8969522254599134
2.781624806373027,1.667820375931721
1.7950762883100109,1.3398045709393631
1.4373211312924719,1.1988832851001268
1.9572007323233906,1.398999904332874
1.9771577288548772,1.4061144081670158
1.5441790503208253,1.2426500111941516
1.1047585326355773,1.051074941493506
1.778024381486577,1.3334258065173994
1.5180830582506761,1.2321051327913037
1.5793103479855939,1.2567061502139607
1.7841874503367796,1.335734797905924
1.9067521299761065,1.3808519580230556
1.6756624351229807,1.294473806271483
1.849847673197042,1.3600910532743908
1.5478437914693361,1.244123704247024
1.2782922704340483,1.1306158810285871
2.4537921970090566,1.5664584887602533
2.0440009199343905,1.4296856017790731
2.442422255019271,1.5628250877879044
1.028403206109176,1.0141021674906212
2.6799405285955116,1.6370523903026168
1.4625322355518926,1.2093519899317537
1.33452784033922,1.1552176592916246
2.721294029441215,1.6496345138973103
1.0009345188760623,1.000467150323319
2.0161995948959937,1.4199294330691203
1.4747571895213791,1.2143958125427554
1.453504531036079,1.2056137569869045
1.7657424764590142,1.328812430879172
1.2894964678101526,1.1355599798382086
1.8951989668685765,1.3766622559177601
1.028490016232888,1.0141449680557943
1.2860441784425576,1.1340388787173734
1.6587828564856266,1.2879374427687187
1.7644748954736256,1.3283353851620552
1.909521480906094,1.381854363131692
1.7211901441773019,1.311941364610973
1.434935961695364,1.1978881257009621
1.7505497809612134,1.3230834368856763
1.0892115774052544,1.0436529966446004
1.0453942911232328,1.0224452509172473
1.559352747765832,1.2487404645344973
1.7777339947644473,1.3333169146022439
1.1044177493517533,1.0509128171983408
1.363948511135185,1.1678820621686015
1.497002491414263,1.2235205316684568
1.6139272812499146,1.2704043770587043
1.9470337868110759,1.3953615254875977
2.8536798882893057,1.6892838388764944
2.2628704947550773,1.5042840472314654
1.2736630603197459,1.1285668169495973
1.6599880617914502,1.288405239740762
1.9259888276956856,1.3877999955669713
1.1801067517492494,1.086327184484145
2.0358482939835763,1.426831557677211
1.8031192659011872,1.342802765078024
1.9258554338435727,1.3877519352692587
0.9635947590382009,0.9816286258245533
1.9805782221100827,1.4073301752289982
1.9063888954971608,1.3807204262620152
1.5219273508225086,1.233664196944415
1.9600147710850717,1.4000052753775865
1.2406873032556252,1.1138614380862752
1.9435215191292297,1.394102406256165
1.1956460647092302,1.0934560186442024
1.6648984088814152,1.2903094236970507
1.331942481570414,1.1540981247582087
2.2352164403103774,1.495064025488667
1.8167103942378995,1.3478539958904672
1.637384665470993,1.2796033234838806
1.5853208377241423,1.259095245691978
1.031361105200751,1.015559503525397
1.0715850707685912,1.0351739326164426
1.7047594351386668,1.3056643654242337
1.3143453318990819,1.1464490097248468
1.3603073361752962,1.1663221408235789
1.4118948017872195,1.1882317963205746
1.0845976239221686,1.0414401681912258
1.1335837934440387,1.0646989215003642
1.648787252428808,1.2840511097416676
2.150971370358902,1.466619027000162
1.4290146132577581,1.1954139924134057
1.7739437685734696,1.3318948038690854
2.103536149054093,1.4503572487680727
1.2878450685824474,1.134832616989152
2.179618565190518,1.4763531302471364
2.088274023720345,1.4450861648082944
2.02904391366305,1.4244451248338947
2.8191673223946165,1.6790376179212354
1.3219680035506096,1.1497686739299386
1.263320216859006,1.1239751851615791
3.3867255321823686,1.840305825720923
1.7075967771102873,1.3067504647446226
1.6101659836290598,1.2689231590719194
1.1805943978807087,1.0865516084755058
1.1827720189453097,1.0875532257987697
1.2195710418006047,1.1043419043940172
1.6175465416690455,1.2718280314842276
1.0779258752675918,1.0382320912337433
1.1446303961508406,1.0698740094753403
2.014641017264427,1.4193805047500219
2.4825985104698987,1.57562638670146
2.631813244971059,1.6222864250714357
1.3847542219388935,1.1767558038687949
1.3186103635069935,1.1483076083989836
0.8914799416487008,0.9441821549090519
2.6945611296440424,1.6415118426755386
2.1388161123732443,1.4624691833926773
1.4297317865205488,1.195713923361499
1.0860137290323248,1.0421198246997918
1.946556785394104,1.3951905910642115
1.7618693798010832,1.3273542781793726
1.0994871262532515,1.0485643166984329
1.5458691566094533,1.2433298663707284
1.4477546101415761,1.2032267492628212
1.4302478629238895,1.1959297065145131
1.4722330795954843,1.2133561223299136
0.9013224350604905,0.9493800266808284
1.0818878298410577,1.0401383705262766
2.374786573556735,1.5410342545046605
1.8911779128331958,1.3752010445142906
2.431985501775435,1.5594824467673354
2.0903939409143266,1.445819470374613
1.9826160271272557,1.4080539858710162
2.2733417749206977,1.5077605164351193
2.1392367781119783,1.4626129966987091
1.3888062983469371,1.1784762612572801
2.346689742450729,1.531890904226123
3.0380441545427894,1.742998610023195
1.9526774553320712,1.3973823583157443
2.548120844785093,1.5962834475070813
1.2444650771969368,1.115555949828128
2.5357704283318747,1.5924102575441652
2.21804299459248,1.4893095697646208
1.9630527525260568,1.4010898445588909
2.825859616807847,1.681029332524524
1.9235296493506868,1.386913713736614
2.5042401056313954,1.582479101167341
1.5667788727716172,1.2517103789501856
2.0988082817060354,1.4487264343919577
1.4690396515367496,1.2120394595625794
1.677937779321183,1.2953523765065562
2.2296771517011553,1.4932103507882455
1.2439707345001485,1.115334359956757
2.093992722793394,1.4470634826411017
1.9911068139125934,1.4110658432236936
1.768133743426544,1.329711902415912
1.3033041670831744,1.1416234786842703
1.2133359514317477,1.101515297865512
1.6193421534427488,1.2725337533608878
1.5653853103875073,1.2511535918453447
1.0007371351575491,1.0003684996827664
1.403174516164269,1.184556674948172
1.0616273768959346,1.0303530350787222
1.2916041506565632,1.1364876377051196
2.1462129120076296,1.4649958743995253
1.849635307884211,1.3600129807778347
1.2486314956181654,1.117421807384376
1.9198073060700578,1.3855711118777188
1.0688685450886837,1.033860989247918
2.5753177756498498,1.604779665764073
2.444320084296878,1.5634321489264822
2.6431526947166204,1.6257775661869063
1.4194141986010282,1.1913917066192077
1.6119017880261275,1.2696069423353542
1.4087098937238713,1.1868908516472234
2.0399263534050323,1.4282599040108324
1.9918263621351113,1.4113207864036834
1.6690012716537974,1.291898320942402
1.8347434915932677,1.3545270361248858
1.05105136047568,1.0252079596236463
1.8846150952655478,1.3728128405815367
2.111699047861194,1.4531686233404553
1.0898940540620425,1.0439799107559697
2.5737943715124514,1.6043049496627664
1.5956002738886725,1.2631707223842201
1.594065688899232,1.2625631425395056
1.4866215491483727,1.2192709088419902
1.0427662666457136,1.0211592758456995
1.4679462993146442,1.2115883373962644
1.0779869409029272,1.0382614992875963
1.6521004050006598,1.285340579379901
1.327599357394511,1.1522149788101659
2.025232345491982,1.4231065826184566
2.5453969989543213,1.595430035744069
1.423735666214422,1.1932039499659821
1.9664027014737062,1.4022848146769993
1.78288150397781,1.3352458590004352
1.7306353906788028,1.3155361609164542
1.8522436302498937,1.3609715758420136
1.7673135575012568,1.3294034592633106
1.9488896934030564,1.3960263942358169
1.1927442810051907,1.0921283262534631
1.472842595790533,1.2136072658774473
1.2594753257508364,1.1222634832118688
1.5063957769988336,1.2273531590372975
1.315622810780911,1.147006020376925
1.041436310251444,1.0205078687846771
2.100076351910453,1.4491640182913916
2.6883352578519606,1.6396143625413753
1.3972772686603518,1.182064832680658
1.541661195383506,1.2416364988930964
1.8327351780001064,1.3537854992575842
1.496636565365705,1.223370984356628
2.451690213110604,1.5657874099348876
2.0209046747667605,1.421585268201229
2.018587442803273,1.4207700175620517
1.8499033449433653,1.3601115193039743
2.593422787228569,1.6104107510907175
1.5863654400960945,1.2595099999984496
1.525743780402319,1.2352100146947964
1.2452492748687813,1.1159073773699955
1.2927779394812633,1.1370039311635045
2.0418815809031,1.428944218961363
1.2746601647279532,1.1290084874472615
1.4381023913092927,1.199209069057307
1.467094855206964,1.2112369112634258
2.4169660640568202,1.5546594688409485
1.895550579170852,1.3767899546302813
1.7505256727633867,1.323074326243007
1.5954777066246049,1.2631222057364857
1.5233050612533436,1.2342224520941691
1.3691521376200386,1.1701077461584632
1.458603823317517,1.2077267171498347
2.388163380935205,1.545368364156328
1.804981026042127,1.3434958228599474
1.5425367276724569,1.2419890207535882
1.4430733070373014,1.2012798620793164
1.4912109989827178,1.22115150533532
1.2869943326758237,1.134457726262122
2.942507186969184,1.715373774711851
1.0017510246783776,1.0008751294134437
1.4576613349267051,1.20733646301547
1.9381220427273598,1.3921645171197834
1.6230174480849526,1.2739770202342555
1.0394126171178777,1.0195158738920536
2.287884580316267,1.512575479212944
2.3664394983560677,1.5383236000127112
0.9357326982065,0.9673327753190729
0.9191017402425837,0.9586979400429437
0.864029529114082,0.9295318870883785
0.8728245779914395,0.9342508110734716
1.0084559498283943,1.0042190746188773
2.185362777396673,1.4782972561013137
2.056148418559019,1.433927619707152
2.1026640693076564,1.4500565745196483
2.179847334914642,1.4764306061967971
1.106646873889681,1.0519728484564994
1.314399008844684,1.1464724195743585
1.6230435608929161,1.2739872687326652
1.5354172356025122,1.2391195404812694
2.8398975649912064,1.6851995623638187
1.6695566481443609,1.2921132489624743
1.5286674805733158,1.2363929313019044
1.7885049389292,1.337349968755075
1.3407684925208254,1.1579155809128856
1.0930953502733989,1.0455120038877597
1.8657290989695892,1.365916944389222
1.978117563069202,1.4064556740506264
1.3177705124042105,1.1479418593309552
3.343490309615487,1.828521345135322
0.8404114207802551,0.9167395599516011
1.3672984296830615,1.169315367932476
2.2677278848617255,1.5058977006628722
3.5396270176609588,1.881389650673395
1.8288620009550134,1.3523542438854597
1.5127893737491058,1.229955029157207
2.047024454702251,1.4307426235009044
1.8005597203400305,1.3418493657411887
1.1919691618462158,1.0917734022434398
1.4109929901182603,1.1878522593817213
1.4296120788286981,1.1956638653186347
1.2511840866754729,1.1185634030646063
1.5870756408746398,1.2597919037978613
1.942685992640406,1.3938027093675798
1.4511638404455078,1.2046426193878033
1.3922761551627147,1.179947522207117
1.8995668705324797,1.3782477536830886
2.2227825720285606,1.4908999201920163
1.3186817429128639,1.1483386882417852
0.8518499132142643,0.9229571567598706
1.9429494274231902,1.3938972083418455
1.4795635424552656,1.2163731098866275
2.004625930443826,1.4158481311368907
1.9501281531651042,1.3964698898168568
1.4647952095296402,1.210287242570804
2.1137855868795765,1.4538863734417407
1.8815463834149704,1.3716947121772287
1.4134147843580407,1.188871222781526
1.3359429923751673,1.1558300015033212
1.2174321656275933,1.103373085419249
1.0931480857556255,1.0455372235150815
1.6329381866262747,1.277864698090637
1.771940649357545,1.3311426104507154
1.392878097631415,1.1802025663552063
1.1749802795401416,1.0839650730259447
1.1440882176056142,1.0696205951670967
1.077069298289449,1.0378194921514285
1.4860843076826908,1.2190505763432011
1.7583196244250292,1.3260164495303326
1.1265224041929323,1.0613775973671822
1.9197728169694728,1.3855586660150745
1.48524368286236,1.2187057408834834
1.6276006534186223,1.275774530792421
2.632159667665334,1.6223931914506218
2.6025072188974887,1.613228817898282
3.213531531549806,1.792632570146433
2.544215938882964,1.5950598543261516
0.8235435966891709,0.9074930284521038
2.174301494357864,1.4745512857672547
1.1350831233257466,1.0654027986286438
2.0324628331068277,1.4256447078802024
1.9869645674378982,1.4095973068355012
2.034422434772803,1.4263318108956284
1.2134018683238454,1.1015452184653363
1.2268145133356085,1.1076165913056777
2.526255408735844,1.589419834007316
2.2895354744686496,1.5131211037020962
2.3837270525578096,1.5439323341901385
1.2150700619736408,1.1023021645509188
2.1587498324481995,1.4692684684727293
1.6620951594728794,1.2892226958415212
3.3346426058771694,1.826100382201693
0.8438762123472866,0.9186273522747331
1.0792251624808031,1.0388576237775815
1.8136928600216782,1.3467341460071762
0.900552404669459,0.9489743962138594
1.7689900821183453,1.3300338650268817
1.5946597115529093,1.2627983653588206
2.411801894062405,1.5529977121884002
2.12690406295901,1.4583909156872208
1.5719443118718543,1.25377203345419
1.5174472918641178,1.2318471057173117
1.4260964888128624,1.194192818942093
1.5693888048404687,1.252752491452509
1.048987335730462,1.0242008278313692
1.672587997337874,1.2932857369266368
2.149209479990396,1.4660182399923938
1.9771885277016068,1.4061253598814036
1.311784209321683,1.145331484471497
2.1508858156571704,1.466589859387133
2.0009302205077306,1.4145424067548242
2.7689785835780865,1.664024814592044
2.2886383815215874,1.5128246367380416
0.7902577021318891,0.8889643986864092
2.9019290149239247,1.7035049207219581
2.1863536683382394,1.4786323641589343
2.8865765562722094,1.6989928064215603
1.247802921742009,1.1170509933490096
1.0230987466834747,1.0114834386600082
1.4041861580708945,1.1849836108870428
1.7622564089574562,1.3275000598709803
1.5253277599749402,1.235041602528004
1.480042931519309,1.2165701506774318
1.6978806876849444,1.303027508414517
1.078552439327134,1.03853379305978
2.0437216825017006,1.4295879415068178
1.5068910979561614,1.2275549266554884
1.7548216341628826,1.3246968083915966
1.8368063629361258,1.355288295137284
1.8278704153773633,1.3519875795943406
1.2986171633815282,1.1395688497767602
2.299392614394654,1.51637482648409
1.7887985889869773,1.337459752286766
1.1635410857792552,1.0786756165684173
1.638634817552286,1.2800917223200399
1.4054874047927066,1.1855325405878603
1.271738359222871,1.127713775398204
1.8622650924745998,1.3646483402234437
1.706181297742197,1.3062087496806156
1.9075000439860523,1.3811227476173333
1.2944384406851699,1.137733905922281
1.1511788215879917,1.072930017097104
1.5420673994195275,1.2418000641888884
1.6014724101365099,1.2654929514369133
1.5907149267855185,1.261235476342748
1.5934887464423324,1.262334641227251
1.6540370436595522,1.286093714959976
1.6476414964549622,1.2836048833090976
2.2463201306194507,1.498772874927836
2.121167473097152,1.4564228345838142
1.4696876554682272,1.2123067497412638
1.4778757924608357,1.2156791486493612
1.1243870142038752,1.0603711681311763
1.0886187104466163,1.0433689234621741
1.8185333617035992,1.3485300744527722
1.4486016154224688,1.203578670225785
1.3914201296103557,1.1795847276098295
1.8763173832496018,1.3697873496457769
1.3189587297616296,1.1484592851997975
1.450583835899189,1.2044018581433644
1.2525518837935372,1.1191746440093866
2.0239666441119786,1.4226618164946927
2.03239761739291,1.4256218353381482
1.2505343511806997,1.118272932329447
0.9990328212017997,0.9995162936149664
1.0897494052268681,1.0439106308620811
1.4569302808008027,1.207033670118942
1.511428471351876,1.2294016720957703
2.459609600803233,1.5683142544793862
1.967479867626825,1.4026688374761966
2.204408496641307,1.4847250575919122
1.5612834275867478,1.2495132762747052
1.9965073238221438,1.4129781752816084
1.4709933737655434,1.2128451565494844
1.6779210915308995,1.2953459350810113
1.905862949744906,1.380529952498281
1.8542032847959462,1.3616913324230078
2.3268164578344965,1.5253905918926132
1.9500682373542773,1.3964484370553312
1.776673613249907,1.3329192073227496
2.336703990917618,1.528628140169354
1.896612898942804,1.377175696468248
1.4865004878688544,1.2192212628841634
2.969472360641403,1.723215703457174
0.9364105222501834,0.9676830691141514
2.3268075740629923,1.5253876799236947
1.5814758630078534,1.2575674387514386
1.6196740433611816,1.2726641518331463
2.0147762433725753,1.4194281395592294
1.5804523782382407,1.2571604425204608
1.552846259627157,1.2461325208930056
1.6532864587591307,1.2858018738355963
1.6189548127695608,1.2723815515675951
1.509251915871559,1.2285161439197936
2.009498421219372,1.4175677836418872
2.081498822029278,1.4427400396569292
1.34898461699821,1.1614579703967811
1.5068167708245028,1.2275246518194667
1.5784692296860077,1.2563714537054747
1.3139652460333393,1.146283231157701
1.4782336249097547,1.2158263136277956
1.5443030533288222,1.2426999047754137
2.1150207444400464,1.4543110892928124
2.0256879962991894,1.4232666638052018
1.8209367143497812,1.3494208811004005
2.0580705831399815,1.4345977077703636
1.6683093159145879,1.2916304873742288
1.387359210410151,1.1778621355702674
1.7452614351645475,1.3210834323253575
1.7771447596926395,1.333095930416352
2.1462522248125024,1.4650092917154152
1.6677862523717228,1.2914279896191359
1.533413552227545,1.2383107656107755
1.620058184536104,1.27281506297502
2.7203008130112116,1.649333445065373
1.4960809371661155,1.2231438742707725
1.53880677240516,1.2404865063373967
2.640406672593556,1.6249328209478557
2.08521109585129,1.444026002484474
1.3470228309920647,1.1606131271841038
1.88042835628475,1.371287116647987
1.5129919668947016,1.2300373843484196
2.368505522079959,1.5389949714277689
2.611254910742551,1.6159377805913664
2.4072287642078654,1.5515246579438773
2.3863938398453786,1.5447957275463247
1.723581274902889,1.3128523431455987
1.6911687715029966,1.3004494498068722
1.5480725336270698,1.244215629875734
1.2808840242755906,1.1317614696903189
1.2705441206405539,1.1271841556021598
1.7262277920911027,1.3138598829750083
1.2450038946941067,1.1157974254738656
1.4521796643775813,1.2050641743814232
2.2251935195109085,1.4917082554946555
1.5107767895069477,1.2291366032735938
1.6406821252894337,1.2808911449804912
1.7695988712306852,1.3302627075997753
1.1741990448269577,1.0836046533800774
2.9609839706869843,1.7207509903199196
3.568567091890033,1.8890651370161997
1.5256907970693927,1.2351885674136531
1.8935630301190522,1.3760679598475696
2.4009942266585447,1.5495141905315177
2.1623020521261225,1.4704768111487247
1.9150131614389792,1.3838400057228362
2.4653898071227913,1.570155981781043
2.351673792962156,1.5335168055688715
2.300003726682854,1.5165763174607647
1.6193963797346087,1.2725550596082704
1.702827994123758,1.3049245166383219
0.9939050222045963,0.9969478533025669
1.4926902396788275,1.2217570297235156
1.761581813918828,1.3272459508014436
1.2798637372910633,1.1313106281172574
1.4293498491988625,1.1955542016984686
1.5419743011500706,1.2417625784142758
1.82958710190939,1.352622305711905
1.3624579221773498,1.1672437286948043
1.3156071007496706,1.146999172078895
1.3005235718936217,1.1404050034499242
1.430949382673104,1.1962229652841079
1.1960611521605065,1.093645807453449
2.338924410495468,1.5293542462410297
2.009826084159192,1.4176833511610383
0.9046363322948866,0.9511237208139047
1.8431555015309642,1.3576286316702975
1.3301600848329824,1.1533256629560371
1.456756182700898,1.2069615498021873
2.0663910368930165,1.4374947084747882
1.1881452319838426,1.090020748418966
2.2263196431380075,1.4920856688333977
1.4379766432390142,1.1991566383250414
1.1995705731471535,1.0952490918266737
1.7109405697138422,1.3080292694408036
1.4994338775757465,1.2245137310686829
1.3359426328984938,1.155829845997452
1.303803741819863,1.1418422578534493
1.404659922135105,1.185183497242138
1.5550172887294824,1.2470033234636877
1.862049738896015,1.3645694335196048
2.1410336668506624,1.4632271412363367
1.3371409205036673,1.1563480965970703
1.2422055418547076,1.1145427501243312
1.9623767461129336,1.4008485807227467
1.7534160221089714,1.3241661610647553
1.9082223831734373,1.3813842272059709
1.856283455814886,1.3624549371685237
1.3335742439211637,1.154804851012137
1.9665089817828028,1.402322709572516
1.597664659051687,1.2639876024121783
3.031560973216997,1.7411378386609708
1.1845011928554154,1.0883479190293035
1.5576565211149502,1.2480611047200174
1.4519241882569591,1.204958168675145
1.3374776394021124,1.1564936832521449
1.629584291400155,1.2765517190463358
2.0432916925281246,1.4294375441159102
1.3498638979191377,1.1618364333756872
1.2264667115869725,1.1074595755994765
1.3857715993629163,1.1771880051049264
1.7610418145093953,1.3270425066701501
1.9237522258795945,1.3869939530796789
1.0612306817225021,1.0301605126010713
1.1017370281802121,1.0496366172062654
1.3578030810287505,1.1652480770328482
1.470935634706185,1.2128213531704433
1.4929493559891018,1.221863067609911
1.5262523082066612,1.2354158442430068
1.74645692385845,1.3215358201193224
1.3851324199830868,1.1769164881091125
1.7483888968255514,1.322266575553338
1.410828034272194,1.1877828228561793
2.163812872328482,1.4709904392376185
1.5950860763927797,1.2629671715419921
1.7329314485238942,1.3164085416480305
2.1915415523670445,1.480385609348809
2.1797974293534965,1.4764137053527702
1.2754706560681408,1.1293673698439055
1.7792901269847308,1.3339003437231474
1.699614539113959,1.3036926551584
1.658902408978043,1.2879838543157454
1.7498421951790382,1.3228160095716404
1.8384143977746412,1.355881409922948
2.0481107456602077,1.4311221980181175
1.0522674393672755,1.0258008770552283
1.768473288767881,1.329839572568015
2.692461364290787,1.6408721352655078
2.081800113576059,1.4428444523149608
2.0000515303763517,1.414231780995022
0.8629341142920215,0.928942470927033
1.2795366258266965,1.1311660469739606
0.9494278552635139,0.9743858862193735
1.7605817920787048,1.3268691691642793
1.53230436144763,1.237862820124924
1.9557593533392066,1.398484663247762
2.344845763998851,1.5312889224437207
1.2527279990398925,1.1192533221035765
1.2863746512307694,1.1341845754685476
1.457437175391014,1.2072436271900606
1.4710694617277007,1.2128765236938592
1.2849522269389433,1.1335573328857007
1.50872435339476,1.2283014098317888
2.3686144268247533,1.5390303527951466
1.8842195510473312,1.3726687696044269
1.704092322947186,1.3054088719428814
1.3659534533709288,1.1687401136997604
0.8331592963109888,0.9127756001948063
1.1257873923949975,1.0610312871894954
1.7688459776251568,1.3299796906814618
1.1580803797428914,1.07614143110601
1.1584247228772022,1.0763014089358065
1.682866669994041,1.2972535103032257
1.398876665984607,1.18274116609874
1.5217384382558592,1.2335876289327237
1.4716624987888338,1.2131209745070084
1.9732197061669359,1.4047133893314094
2.3688181904540997,1.539096550075433
1.0051216259645712,1.0025575424705413
1.0998157065722012,1.0487209860454787
2.3821122791378744,1.543409303826394
1.8733757277140164,1.368713164879339
1.6357979471022426,1.278983169202098
1.0854573275647055,1.0418528339284323
1.4420906150323929,1.200870773660677
2.7218763118844724,1.6498109927759823
3.799308500494406,1.9491814950112794
3.8737189724869125,1.9681765602930323
2.8435357301575266,1.6862786632575075
1.7498952042888396,1.3228360458835553
1.3954246705055189,1.1812809447821966
1.7917917365317184,1.338578251926916
2.4961913119677455,1.5799339581032321
1.2810957241090382,1.1318549925273282
1.2880615577001058,1.134927996702921
1.146451167940217,1.0707245994840209
1.229114756084974,1.1086544800274674
1.6050748387191083,1.2669154820741233
1.780570737025952,1.3343802820133217
1.2156259628774477,1.1025542902176961
1.8185895307613362,1.3485509003227636
1.2408447289446887,1.1139321024841184
1.6192559925278587,1.2724998988321605
2.146127598755447,1.4649667568772498
1.7554280307630976,1.3249256699011827
1.782625828830722,1.335150114717713
1.9355615587119315,1.3912446077925806
1.216334187021891,1.1028754177249083
1.1685415692190109,1.0809910125523758
1.5685905476683804,1.2524338496177674
2.394421200294844,1.5473917410581084
1.0341031855748186,1.016908641705251
1.6325082757480105,1.2776964724644153
2.003379692708062,1.4154079598151417
1.663968292252547,1.2899489494753453
1.7452715803182275,1.321087272029455
1.349414508971565,1.1616430213157418
1.0814833403596682,1.039943912122028
1.3616355703310192,1.166891413256186
1.6426357303306938,1.281653514149083
1.3782318611959277,1.1739812013809794
1.35100793686868,1.1623286698987856
1.1675613198233177,1.0805375143063372
1.3384618008274247,1.1569190986527211
1.6944543829353298,1.3017120967922706
2.8538853390756684,1.6893446478074474
3.568131699766694,1.8889498933975708
3.3055835553996213,1.8181263859808046
1.549919723811297,1.2449577196882218
1.6592844914362228,1.288132171571001
1.8264600050707187,1.3514658726992401
1.8777363670872758,1.3703052094651307
1.379993688445866,1.1747313260681636
2.449440393727891,1.5650688143745919
1.7153790054038884,1.3097247823126386
1.7205448801265877,1.3116954220117518
0.8917428521391687,0.9443213712180661
1.1363136611188505,1.0659801410527545
1.6956446827408214,1.3021692220064263
1.662726823450568,1.2894676511842273
1.6365022903111608,1.279258492374063
2.0184899512583807,1.4207357077438367
1.4288782865102991,1.1953569703273994
1.2001749600035347,1.0955249700502196
1.0185660596247945,1.0092403378902344
2.0781737728173164,1.441587240793049
1.3767170874410608,1.1733358800620821
1.0218787597764647,1.0108801906143303
2.2207128255640316,1.4902056319729944
0.9514484631921192,0.9754221974058819
1.6196354184198725,1.2726489769059937
1.3295180332836998,1.1530472814606085
1.5954480991774114,1.2631104857364661
1.2859081151572573,1.13397888655709
1.296019489804523,1.138428517652524
1.9995254531709956,1.414045774779231
1.1468820129141573,1.0709257737649969
2.0196765275629334,1.4211532385928456
1.220713271228254,1.1048589372531925
1.3351798778620327,1.1554998389710112
1.2505239403843265,1.1182682774649053
1.4142985254815803,1.189242837052879
1.1854587012533668,1.0887877209324905
1.8748980018973729,1.3692691488152988
1.155883675389205,1.0751203074024809
1.8177667756564884,1.3482458142551337
1.2849944951727954,1.1335759767976716
1.4747136424885603,1.214377882904889
1.304344620312881,1.142079077959526
1.3457918839213812,1.1600827056384304
2.2546610484743894,1.5015528790137194
1.326957648497657,1.151936477631322
1.1076699942534063,1.052459022600598
1.1843175529192818,1.0882635493846524
1.3701612328542214,1.17053886430747
1.2290048572365158,1.10860491485313
0.7633177827989701,0.8736805954117157
0.7951920492137072,0.8917354143543404
1.3822900672751903,1.1757083257658723
1.8649026003219749,1.365614367353381
2.3297039400875774,1.5263367715178644
1.7264251428555581,1.3139349842574244
1.4283701769595376,1.1951444167796366
1.4525852627539841,1.2052324517511068
1.8508794061961271,1.36047028861204
2.2912721312561413,1.5136948606823442
1.1297791985544046,1.062910719935783
1.808570647394518,1.3448310850789098
2.3479578546380484,1.5323047525339235
2.0149306643162754,1.4194825339947919
2.085397397879923,1.4440905088947587
1.4050532867621754,1.1853494365638242
2.4019717082207714,1.5498295739276533
1.480489883131165,1.216753830128003
1.229169359750706,1.10867910585106
1.2616571536668202,1.123235128397799
1.366844418602661,1.1691212163854785
1.6931295954294083,1.3012031338070964
1.6558365732813958,1.2867931353878896
1.9663760693405803,1.4022753186662669
1.4871411885941466,1.219483984558283
1.220615477945366,1.104814680362895
1.28475094426966,1.1334685457786908
2.235406801223543,1.4951276872640487
1.62677581988042,1.275451222070221
1.4733362373863492,1.2138106266573667
1.3046356024110057,1.1422064622523398
2.5182859174070873,1.5869108095312374
2.1142470046652093,1.4540450490494472
2.949138415700586,1.7173055685289633
1.0020187707272736,1.0010088764477933
0.9932564812356112,0.9966225369896123
1.1755849203959352,1.084243939524651
1.285684674280824,1.1338803615376818
1.3295336149459682,1.1530540381725256
1.68343070044929,1.2974708861663486
1.3376548051660135,1.1565702767951516
2.674400793785375,1.635359530435242
2.3173074316797773,1.5222704857152611
1.8572379522154314,1.362805177644784
1.9590995117011232,1.3996783600888896
1.4940004295861835,1.2222931029774255
1.4765849271834954,1.2151481091552154
1.4113230531658394,1.187991183959645
1.8576627512349488,1.3629610233733571
1.789677783798588,1.3377883927582075
1.6922601566723543,1.3008690005809018
2.0825077140525656,1.443089641724507
2.448906436816987,1.5648982193155525
2.1443563065556623,1.4643620817802072
1.803099083582773,1.3427952500596556
1.741467209962463,1.3196466231391126
1.724929881004841,1.313365859539847
1.6629337035531153,1.2895478678797136
1.7482966643410789,1.3222316984330238
1.9604192263483697,1.400149715690565
1.9983412262933458,1.4136269756528226
1.8291281183203643,1.3524526307122051
0.9675049854709217,0.9836183128993287
2.2437276151033294,1.4979077458586458
3.309070318531751,1.8190850223482549
1.4625429672119115,1.209356426870057
1.9410773262466925,1.3932255116264174
1.5392591073339978,1.240668814524649
1.7580436694775334,1.32591239132815
1.7160154161861598,1.3099677157037726
1.289133281513608,1.135400053511364
1.210874978963784,1.1003976458370783
1.159172108041862,1.0766485536338504
1.9829922464959797,1.408187575039625
1.7891984701275596,1.3376092367083743
1.3922478801967086,1.1799355406956384
1.5667975446694526,1.2517178374815359
2.09742700215659,1.4482496339224775
2.0219272013618697,1.42194486579539
1.058502611118526,1.0288355607766122
0.9666547030605168,0.9831859961678242
2.1249579966363443,1.4577235666052546
1.7613207247012865,1.3271475896452838
1.499416838406146,1.2245067735239956
1.4594555648083263,1.2080792874676423
1.6078672437536858,1.268017051838691
1.0864017478370351,1.0423059761111586
1.2527578843191651,1.1192666725669826
1.8172544913675386,1.3480558190844838
1.597765895687091,1.264027648308015
2.142656607311788,1.4637816118915377
2.1454653283420058,1.464740703449592
2.5563755942563304,1.598866972032486
1.423463424440015,1.1930898643606085
1.734082053353561,1.3168454933489961
0.9375900737192723,0.9682923493032837
1.77275015613845,1.3314466403647012
1.313844143393401,1.1462304058928994
1.818096446537796,1.3483680679020087
1.7967824648155863,1.3404411455993084
1.3242872674614565,1.150776810446516
1.3382742162793195,1.1568380250835981
1.6022646622741425,1.265805933891188
1.3944578993362995,1.1808716692919259
1.562088052933454,1.249835210311125
1.5006674029484783,1.2250173072036485
1.4528454872582452,1.2053404030639001
1.3617217840209874,1.1669283542792965
1.078587519130448,1.0385506820230046
1.5452543651175756,1.2430826059106352
1.0803705792473741,1.0394087642729275
1.175839986075815,1.0843615568968752
1.2552100213808313,1.1203615583287527
1.726085958684704,1.3138059060168301
1.3113471368195078,1.1451406624600786
1.7864602160379663,1.3365852819921242
1.4340479893348184,1.197517427570396
1.241407047787737,1.1141844765512294
2.00540929058783,1.4161247440066254
2.1901763776197405,1.4799244499702477
1.1158298265230937,1.056328465262152
1.171556070283614,1.082384437380552
1.5567485696486898,1.2476973069012731
2.018333489435002,1.420680643014116
1.6470965762551388,1.2833926040986596
1.7182658376420086,1.3108263949287902
1.3479716714038146,1.161021822104914
1.7721671870145614,1.3312276991614025
1.3278183539614379,1.1523100077502746
1.9300926871513473,1.3892777573801962
2.128919285985458,1.4590816584363804
3.0213808335830334,1.738211964514982
3.1296953739125146,1.7690945067781185
2.220046244151764,1.4899819610155567
1.7864943498287738,1.3365980509595148
1.5075105459271534,1.2278072104068918
1.5015533512445136,1.2253788602895488
2.2339032015237303,1.4946247694735058
1.6735650132515318,1.2936634080206226
1.5716380567337356,1.253649894003001
1.9596944544968478,1.3998908723528587
1.3041674342586251,1.1420015036148705
1.780836412203732,1.3344798283240298
0.8713324564244256,0.9334519036481878
2.2999654225078503,1.516563688905893
1.7018146708266604,1.304536189926006
1.8467497113068858,1.3589516957224366
2.2071204971103904,1.4856380774301627
1.2714273515829133,1.127575873980511
1.9160575533585187,1.3842173071301047
1.4525995029432335,1.2052383593892262
1.7472502624565793,1.3218359438510436
1.3824958174297954,1.175795823019369
2.937350521397928,1.7138700421554511
0.6605298964608599,0.8127299037569984
2.324453957953396,1.524616003442636
2.821292138397518,1.6796702469227458
2.337300215711681,1.5288231472971885
0.879089245046658,0.937597592278616
1.072421175847987,1.0355777015019139
1.3457045075201712,1.1600450454702917
1.546593504883798,1.243621125939809
1.5084770846528683,1.2282007509576227
1.8265610907050216,1.3515032706971233
1.3004216829749107,1.140360330323232
1.7950288804155936,1.339786878729447
1.7931317507419435,1.3390786947532036
1.8330004431963096,1.3538834673620583
1.4930085267671487,1.2218872807125658
1.9604151212224437,1.4001482497301647
1.8116122488427178,1.3459614588994433
2.1922049757077002,1.480609663519626
1.3976218593888765,1.1822105816600004
1.1571852794152577,1.0757254665644287
1.275396530192566,1.1293345519342646
2.183194795188397,1.4775638041006545
1.1721252089999765,1.0826473151492948
1.5691750952042118,1.2526671925153192
2.152082208552891,1.4669976852581912
1.3152022733889481,1.146822686115403
1.184190528151266,1.0882051866037332
1.2675720830488568,1.1258650376705268
2.0716953184440885,1.439338500299387
1.7072842625802938,1.3066308823000832
1.4975168027304513,1.2237306904423257
1.3877262765986806,1.178017944090276
2.2162033830402823,1.4886918361569268
1.7269187237446948,1.314122796295953
1.6477509056975188,1.2836475005613959
2.290341561392983,1.5133874458951293
1.6170236641591815,1.271622453466115
1.6445949512777613,1.282417619684696
1.8300335754017267,1.352787335615516
1.8555149244418114,1.362172868780542
1.6377563315150743,1.279748542298476
0.8458142044311737,0.919681577738281
1.3839726888938653,1.176423685962615
1.7086327207299767,1.3071467862217987
1.2642440871848455,1.1243860934682737
3.419038295246854,1.849064167422768
1.5657840774010934,1.2513129414343533
2.263493672785477,1.5044911674002865
2.4548675043287123,1.566801679961032
0.9524586406162304,0.975939875512949
2.494904981657323,1.5795268220759415
2.9590347917920083,1.720184522599831
2.3990992731097864,1.548902602848154
0.9738011283975757,0.9868136239420165
2.370780086208155,1.5397337712111647
2.5081417781203292,1.5837113935690206
0.8597163981221793,0.9272089290565418
2.843695904289888,1.6863261559644647
0.7504376117398371,0.8662780221960137
0.7733202832733143,0.879386310601498
3.2459007372214472,1.8016383480658507
2.1254962870656913,1.457908188832785
2.1714433065945897,1.47358179501329
2.2148951435115385,1.4882523789705624
1.1271299691752041,1.0616637740712471
1.6024707725256548,1.2658873459062836
1.304344078859685,1.1420788409123448
1.1228885624737641,1.0596643631234204
1.709576644335477,1.3075077989578023
1.4290260518574602,1.195418776771329
1.1998552044586643,1.095379023196384
1.6138318284561728,1.2703668086250415
1.7423751678829273,1.3199905938615348
1.2005747461185714,1.0957074181178894
1.7072110197928514,1.306602854655098
2.098159801106414,1.448502606523859
2.7054051076632186,1.6448115720845409
3.0461970788117894,1.7453358068898344
2.7125336616758924,1.6469771284616834
1.1174849687263815,1.0571116160209297
1.4080818260243388,1.186626236868349
1.472005324675224,1.2132622654130574
1.4438708898580608,1.2016117883318476
2.0919607157865925,1.4463611982442672
2.0421018912565727,1.4290213053893117
1.3680315634938145,1.16962881440815
1.728322410353317,1.3146567652255539
2.269276286565201,1.5064117254473297
2.40368456283347,1.550382069953555
2.376121695897557,1.541467383987594
1.281015553873566,1.1318195765551884
1.7549713827108575,1.324753329005388
1.129991405250532,1.0630105386356863
1.045911308965853,1.022698053662885
1.5457265782348888,1.243272527740756
1.2036537373775535,1.0971115428148377
1.2861154536244377,1.1340703036516024
1.1179743355821286,1.0573430548228557
1.4459782512933053,1.2024883580697592
2.3655178676908637,1.5380240140163168
2.8899269910041263,1.6999785266303002
2.8932685276043033,1.7009610599905876
3.9870272745114845,1.996754184798791
2.8403729288459005,1.6853405972817188
2.030577571924767,1.4249833584729217
1.1130380582233117,1.0550061887132756
2.0173534100557933,1.4203356680925088
2.869878250832637,1.6940715010980607
3.6353321784071726,1.9066547087522618
3.3423993717689067,1.8282230093095608
2.352589593609044,1.5338153714215554
1.132478819017357,1.0641798809493426
1.6318027502509482,1.2774203498656769
1.544993146212745,1.2429775324649859
1.4674698980611225,1.2113917194950288
1.0381776163012988,1.0189100138389546
1.1750685258218525,1.0840057775777086
1.3821429328094956,1.175645751410473
2.0533930555159436,1.4329665228175932
1.1538862991555316,1.0741909975211725
1.6566666090875404,1.2871156160530182
1.6097434314908132,1.2687566478607366
1.4017323996277649,1.1839478027462886
1.2306281121425395,1.1093367893216828
2.0149423984922112,1.419486667247076
2.641714875742439,1.6253353117872136
1.1089962613471513,1.0530889142646747
1.6096143625663426,1.2687057825068595
1.490018610506273,1.2206631847099645
1.3032118464469276,1.141583044043195
1.0293632333586562,1.0145753956008672
1.880904009171251,1.3714605386854013
1.4916186076710818,1.2213183891480066
1.6608846031561817,1.288753119552454
1.758752720039704,1.3261797465048635
1.338035041534497,1.1567346461200585
2.04299347244815,1.4293332265249241
2.1523253630236345,1.467080557782576
1.3342557283869774,1.1550998781001482
1.6008821528191792,1.2652597175359608
1.267788044945879,1.1259609429042727
1.489787955782872,1.220568701787356
2.427575641826846,1.5580679195166192
1.351748846346238,1.1626473439294642
1.438606412088925,1.1994191978157283
0.8871799623166622,0.9419023103892793
1.2222123275338777,1.1055371217348957
1.3584582591051988,1.1655291755701351
1.5310526710052306,1.2373571315530656
1.6750676547343026,1.2942440475946964
1.7291633538767395,1.3149765602005001
1.862780451435975,1.3648371519840654
2.0951571806809843,1.4474657787598932
0.9421980110611305,0.97066884727034
1.5663237337766265,1.2515285589137095
1.463924685454819,1.2099275538042842
1.30269755900028,1.141357769939067
1.6090111671718588,1.26846803947591
1.2668103664774815,1.1255267062480043
1.4080747709047392,1.1866232641005903
1.7584787469785608,1.3260764483914798
1.2192249715356898,1.1041852070806282
1.5909264449199023,1.2613193271015481
1.6434127369207103,1.2819566049288527
1.1745610567663827,1.083771681105565
1.6829267918452848,1.2972766828419005
1.5068297335075413,1.2275299318173636
1.4123169982900472,1.1884094405086352
1.8160347953015628,1.3476033523635813
1.0197317430399955,1.0098176781181816
1.4845452714562801,1.2184191690285737
1.3064331444555954,1.1429930640452703
2.0119947235873075,1.4184479981963765
3.432701216691374,1.8527550341832495
2.189019139125443,1.4795334194013474
0.9738410706096069,0.9868338617060153
1.3794337931512568,1.1744929940835138
1.2659181175935441,1.12513026694403
1.2138583575165431,1.101752403000122
1.3546137837363976,1.1638787667692876
1.4340666806571258,1.1975252317413299
1.5921562077166902,1.2618067235978299
1.5517092255705238,1.245676212171736
0.8304497688763197,0.9112901672224494
3.039812282053407,1.7435057447721263
2.105572117877261,1.451058964300645
1.7966964183050071,1.3404090488746363
1.8403877965031499,1.3566089327817172
1.5102653322139716,1.2289285301489146
1.2671586091425402,1.1256813977065359
2.2801667856993766,1.5100221143080577
1.9326097565355007,1.3901833535672554
1.4389008512788446,1.1995419339393036
1.5838304151794391,1.2585032440083097
1.28140441586255,1.1319913497295595
1.4395873219544602,1.1998280384932085
1.3819739684124346,1.1755738889633585
1.6055889482878005,1.2671183639612364
1.3275702248906809,1.1522023367840741
1.3314120375946226,1.153868293001685
2.1128499547270154,1.4535645684753793
1.4873555254708677,1.2195718615443978
0.912101463225151,0.9550400322631251
1.056155624451631,1.027694324423187
1.4073525212083386,1.1863188952420587
2.2402323015581826,1.4967405592012875
1.2886631485002142,1.135193000551102
2.2954630048216433,1.5150785474098838
1.0541647338597624,1.0267252475028372
2.2309875452257657,1.4936490703059289
1.7404034574757459,1.3192435171247747
2.1188011911613436,1.4556102469965453
1.8706499666792715,1.367717063825436
2.0585973621356892,1.4347812941823883
1.8868766258096779,1.3736362785721983
1.3859002103397602,1.1772426301913128
1.5152247852231506,1.230944671877315
1.7759563058642631,1.3326501063160814
1.6972726229429334,1.302794159851407
1.1604584855901832,1.0772457869911505
1.8348731922713388,1.3545749120190211
1.1877311140363684,1.089830773118638
1.3589604745149608,1.1657446008946217
1.4434215643129729,1.20142480593376
1.5806325175279166,1.2572320857852446
0.7548111716399665,0.8687986945431988
1.3628551300130989,1.1674138640658243
1.8042825010034658,1.3432358322362703
1.8485011964985707,1.3595959681091183
1.2729096450802593,1.1282329746467523
1.8740428418889563,1.3689568444216773
1.7724554583490364,1.3313359674961975
1.477160360546051,1.215384861081481
1.2163052888950685,1.1028623163818176
1.1424960166256124,1.068876052976028
1.7245778264224803,1.3132318250874369
1.0501070971602926,1.0247473333267536
1.6972362546341666,1.3027802019658445
2.3128406428176476,1.5208026311187286
2.165498768154155,1.471563375513999
1.142473029597358,1.068865300024918
2.0111931533745326,1.4181654181986432
2.036260007379108,1.4269758257865155
1.8320843231334152,1.3535450946065355
1.9171058979211644,1.3845959330870377
1.4599979728323476,1.2083037585112228
2.084662555805666,1.443836055722971
1.122336115228153,1.0594036601919747
0.7735403997693209,0.8795114551666288
1.0277338761014407,1.013772102645087
1.6523560749234907,1.2854400316325498
2.011986661456168,1.4184451563088958
1.4376128851494083,1.199004956265573
1.5330251154654833,1.2381539142875102
1.7961867787476562,1.340218929409541
1.5466973218374878,1.243662865023109
1.2056121475958719,1.098003710192216
1.332650530491489,1.1544048382138257
1.9747043901610395,1.4052417550589078
0.7783046921652363,0.8822157854885824
0.9644727425683701,0.98207573158508
2.086577409142646,1.4444990166637866
1.0868269702591482,1.0425099377268057
1.3403499120311149,1.157734819391347
1.5921795761406474,1.2618159834701126
1.0978020901680035,1.0477605118384656
1.3235156889362998,1.1504415191291992
1.8762518722823245,1.369763436613171
2.5448978673635594,1.5952736026661882
1.1677325309562168,1.0806167363853925
1.873972455202929,1.3689311360338507
1.8976888796692364,1.3775662886660796
1.7616014776894307,1.3272533585150315
1.513696961225834,1.2303239253244789
1.8230916591919932,1.3502191152520369
1.3575507417800883,1.1651397949516995
1.6599346587303663,1.2883845150925892
1.7668110195693598,1.3292144370150965
1.2727317346921037,1.1281541271883482
1.1744202135392947,1.083706700883267
2.390491244209364,1.5461213549425428
2.19213626615924,1.4805864602106964
2.120798855357004,1.4562962800738743
1.8554648982644104,1.3621545060177316
2.0921357250933372,1.4464216968413248
1.6795533591413323,1.2959758327767275
1.6566881140073846,1.2871239699451582
1.514561644951018,1.230675280060105
2.1018207025313265,1.4497657405702917
1.0584904638649286,1.0288296573606968
1.603070991204867,1.2661243979976324
1.6521680887092838,1.2853669082053123
1.5163461677229524,1.23140008434422
1.1253474496842473,1.060823948487329
1.0621443426771655,1.0306038728227085
1.107157360622604,1.052215453518244
0.9097867449315009,0.9538274188402748
2.136461264627583,1.461663868551037
1.9774473501452985,1.4062173907846889
1.1914706440970373,1.0915450719494075
1.555459180504794,1.247180492352568
1.7615529450050476,1.3272350752617441
1.9681785138751784,1.4029178571374656
1.8317198094680216,1.353410436441223
1.3103265703993414,1.144694968277288
1.5990004572440806,1.2645158983753746
1.6536806869381133,1.2859551652130463
1.3186253243992978,1.1483141227030598
0.8050300203554882,0.8972346517803959
1.4723678208697808,1.2134116452670878
1.468035317373628,1.2116250729386662
1.2140625926181514,1.1018450855806143
1.5946020232110896,1.262775523682293
2.503301367279946,1.582182469653847
0.8340552273402058,0.9132662412134841
1.9516900989747243,1.3970290258168312
1.5415543946607573,1.241593490100829
1.3862798470025606,1.1774038589212117
1.4560296853837984,1.2066605510183046
1.5333928030942294,1.2383023875831902
2.17345627533782,1.47426465579889
1.946136280014212,1.3950398847395769
1.3841126331292848,1.1764831631303887
1.276502324373768,1.1298240236310113
1.090123649043635,1.0440898663638274
1.3313199862609004,1.1538284041662783
1.8670261891055162,1.3663916675336967
1.4813903414686682,1.2171237987438535
1.8766115920033821,1.3698947375632122
2.1182185301931318,1.4554100900409932
1.866377042763338,1.3661541065206875
1.0882644506873218,1.0431991423919604
1.6131934665856886,1.270115532770814
1.4871978301148856,1.219507207897881
1.298751631283497,1.1396278477132336
1.5780679342042232,1.256211739399144
1.7689695586270797,1.3300261496027361
1.7802789687766023,1.3342709502858114
1.5896066706193175,1.2607960464005736
1.8959945767125013,1.3769511889360861
1.097005872571314,1.047380481282382
1.6210808926203502,1.2732167500548954
1.3684811890001165,1.1698210072485946
1.318794063867947,1.1483875930485956
1.416138623705811,1.1900162283371647
1.7766858265261165,1.332923788716413
1.4772466773921362,1.2154203706504743
2.4437001119621455,1.5632338634900875
0.9874360562719553,0.9936981716154837
1.165109089878977,1.079402190973771
1.0889208718169365,1.0435137142447801
1.9298697965535985,1.3891975369088438
1.3681517263845155,1.1696801812395197
2.0579055408630453,1.4345401844713328
1.1506657456536673,1.072690890076758
3.116741074698914,1.7654294306765461
1.2597531609089436,1.1223872597766529
1.5489816277555433,1.2445809044636444
0.8236335099348991,0.9075425664589508
1.8210552267137226,1.3494647926914294
1.0872479040032972,1.0427118029461915
1.6895963897231998,1.299844756008655
1.4930807997961493,1.2219168546984485
1.546577346927154,1.243614629588746
1.227865332847969,1.1080908504486304
2.162076221334367,1.4704000208563544
2.1580949760128316,1.469045600385785
1.2820608041861086,1.1322812389976744
3.3447273201237397,1.8288595681800557
1.3131006229253162,1.1459060270918013
3.2404236045733823,1.8001176640912622
2.2592902856824533,1.5030935718319247
2.748971696899966,1.6580023211382926
2.5213528988145155,1.5878768525343883
1.3968101997677285,1.181867251330592
1.1562700155548495,1.0752999653840083
1.397537207403614,1.1821747787038996
1.8915903136720955,1.37535097835865
1.239243454803937,1.1132131219150883
1.96168106408534,1.4006002513513054
1.4455779442658572,1.2023218971081984
1.151790958277512,1.073215243218951
2.2524429274349704,1.5008140882317738
1.447592234474747,1.203159272280585
1.284165096360679,1.133210084830116
1.5562621260420963,1.2475023551248696
2.6126082632549688,1.6163564777780206
1.1605216087424624,1.0772750849910446
1.2174133571093249,1.1033645621957073
2.2526730734463793,1.5008907599976686
2.2027037844014767,1.4841508630868618
2.75864471235801,1.6609168288502618
2.406604127514996,1.5513233471829773
1.8059264059581832,1.3438476126251009
1.3624002295821007,1.1672190152589619
1.5275946937973925,1.235959017847029
1.270205462139593,1.1270339223553092
1.3564688660882311,1.1646754337961418
1.4326677835295922,1.1969410108813183
1.1193614544428738,1.057998796995003
2.315580417896771,1.521703130671936
1.590773167457138,1.2612585648696852
1.9244765599814486,1.3872550450373027
1.8543575926815545,1.3617479916201656
1.659063637357736,1.2880464422363567
1.9174916380035771,1.38473522306742
1.1728400357825461,1.082977393938833
1.0549284290803012,1.0270970884392094
1.1258434659023013,1.0610577109197696
1.4189664709851924,1.1912037907029982
1.3820911141259662,1.1756237128120401
1.292450263929817,1.1368598259811176
1.2466279926322588,1.1165249628343554
1.4733073741298384,1.2137987370770487
1.9830487226222089,1.4082076276679547
1.2918232586838083,1.1365840306302954
2.2219781916826773,1.4906301324214124
1.4721908848087797,1.2133387345703506
1.5710821548593554,1.2534281610285272
1.475955902782087,1.2148892553570827
0.7488113470861777,0.8653388625770703
3.5513228346766734,1.8844953793195338
1.1532467152365447,1.0738932513227488
1.296607004601214,1.1386865260471004
1.6945052325818717,1.3017316284787244
1.8329215327040203,1.3538543247720636
1.4142284398695408,1.1892133702029846
2.0520595555742016,1.4325011537776162
1.9154177513454613,1.3839861817754762
1.7049126824042302,1.3057230496564844
1.5966004319394729,1.2635665522399178
1.7721573173781244,1.3312239921884388
1.5451252001525286,1.2430306513326728
1.2503707483844266,1.1181997801754509
2.0550219237562084,1.4335347654508448
1.3041339826487746,1.1419868574763785
1.8531662321407627,1.361310483372828
1.596227287411905,1.2634188883390596
2.0533316835936932,1.4329451083672722
1.2523049727085358,1.1190643291198838
3.0829704001040454,1.7558389448078788
3.138318363309724,1.7715299498765817
2.7205223188268652,1.649400593799719
1.4361565731787727,1.1983975021580997
1.4290978297486292,1.195448798463836
1.2028936511834254,1.0967650847758719
1.134549286256459,1.065152236188076
1.5515540545157016,1.245613926750862
1.5833463340137015,1.2583109051477308
1.2409134678045224,1.1139629562083841
1.7473191256379546,1.321861991903071
1.1351705842217985,1.065443843767375
1.7750971365185768,1.332327713634516
1.611589064834271,1.2694837788779623
1.6170992580112724,1.2716521765055382
1.6327603657438492,1.2777951188448988
1.9765753283798062,1.4059072972211952
1.28279371098079,1.1326048344329058
1.8748274376226615,1.3692433814419778
2.3778044947461137,1.5420131305362201
1.618677744177547,1.2722726689580135
1.4888976735613877,1.2202039475273745
1.0333433719934657,1.0165349831626385
0.8321736478485762,0.9122355221370061
1.506765280692929,1.2275036784844797
1.9494620014092188,1.3962313566917264
1.4470195189740422,1.2029212438784354
2.0083904046423253,1.4171769136710932
1.1914053537866716,1.0915151642495269
1.8702490203596263,1.3675704809477376
2.8308305188855876,1.6825072121347913
1.0958324999761622,1.0468201851207122
2.367924971034621,1.5388063461770038
1.810360969070239,1.345496551117928
1.8394958481224768,1.3562801510464115
2.2741604793739194,1.5080319888430482
1.9093883197673291,1.381806180246466
1.4596307771504418,1.2081518021964135
1.4957631140778431,1.2230139468043049
1.2283980263964014,1.1083311898509405
1.6106202990834158,1.2691021625871637
1.3494756860395878,1.1616693531464053
0.8496316235615782,0.921754643905621
1.1798083257552403,1.0861898203146816
1.10308054237328,1.0502764123664208
2.0576254781567074,1.4344425670471117
1.4054489140311492,1.1855163069444254
1.5884384047459987,1.260332656383226
2.1902603582171207,1.479952822970084
2.79055719673251,1.6704960930012707
0.9187487121729692,0.9585138038510291
1.2195229511788073,1.1043201307495971
1.465974392179059,1.2107742944822784
1.6389246392542685,1.280204920805364
1.738631177692177,1.3185716429880392
2.14367409045376,1.464129123559039
1.8662930144866254,1.3661233525881276
2.0297174328748597,1.4246815198053422
0.9681957263363928,0.9839693726617678
1.0538546201861965,1.0265742156250548
1.5103931015817906,1.228980513100916
1.3872756196286278,1.1778266509247564
2.1555642925668237,1.4681840118210059
1.4114123320962306,1.1880287589516638
1.5922306603595344,1.2618362256487703
1.4435409352475965,1.2014744838104539
1.5531873186605891,1.2462693603954922
1.2632817303171775,1.123958064305416
1.5002479032104743,1.22484607327226
2.100997003588053,1.4494816327184188
1.0172011010024922,1.0085638804768353
1.2567690863475767,1.1210571289401698
1.5449749299861306,1.2429702047861528
1.8818731012111432,1.3718137997596989
1.9955973508563651,1.4126561332668206
2.0070000511616897,1.4166862924309283
1.239187629170707,1.1131880475331681
2.776647487477847,1.6663275450756514
1.5540936711308055,1.2466329335978596
1.7908950918578872,1.338243285751095
1.8296018857401732,1.3526277705785037
1.0863820217360107,1.0422965133473348
1.3909969136035938,1.1794053220176657
1.4293325836828565,1.1955469809601196
0.9906270172253995,0.9953024752432797
1.6505559522084823,1.2847396437443979
1.2190533938015675,1.104107510073891
1.8754036506595668,1.3694537782121625
1.2929248649201472,1.1370685401153913
1.1097187887391136,1.0534319098732075
1.150988901903738,1.0728415082870992
1.2178983755503119,1.1035843309644768
1.9334685364585416,1.3904921921602227
1.3589067000892798,1.1657215362552413
1.011138945947231,1.0055540492421235
1.0693160727383266,1.0340774017153294
1.980117649574785,1.4071665322820839
1.8696673322382402,1.3673577923273192
1.4596020051136291,1.2081398946784387
1.6294985613889126,1.2765181398589338
1.3384357844808161,1.1569078547926002
1.3011750265889155,1.1406905919612538
1.4787757574279452,1.216049241366461
1.398317742743647,1.1825048595010708
1.6850136122181916,1.2980807417946665
1.2218723496144226,1.1053833496187748
2.196964133381144,1.4822159536926944
1.8544449890832695,1.3617800810275018
2.3977917435776543,1.5484804627691156
2.384410518063209,1.5441536575299781
1.1946547099997356,1.0930026120736105
1.197798024572998,1.0944395938438074
1.3241161667317434,1.1507024666401577
1.5323170338530663,1.2378679387774232
2.434854757335326,1.560402113987073
1.1950357003061642,1.0931768842717835
1.319829958515361,1.148838525866608
1.346082937630304,1.1602081440975598
1.087543898789873,1.0428537283770303
1.1559006422698737,1.0751281980628513
0.9700026181438597,0.9848871093398774
0.9777694067708941,0.9888222321382616
2.1292407216278195,1.4591918042628322
2.176912360590915,1.4754363288840746
1.2085235510138015,1.0993286819754142
1.888362015488075,1.3741768501499634
2.0447546116243673,1.429949164000024
1.8171321359092683,1.3480104361277283
2.210987587175054,1.486938999143897
1.1889742348403471,1.0904009514120698
1.0741888149289198,1.036430805663803
1.5828836562089643,1.2581270429527236
1.5743515384481541,1.254731659936958
1.146823379188901,1.0708983981633837
1.1953781197542845,1.0933334897250173
2.336917581259259,1.5286980019805283
1.5308534365188327,1.2372766208568045
1.714950038730569,1.3095610099306443
1.2435414304937482,1.115141888054497
3.196807210181453,1.787961747404416
3.4633570439693764,1.8610096840074144
3.450043549117715,1.8574292850920906
2.389722800205963,1.5458728279538272
1.1852784784095043,1.088704954709725
1.7690439247058038,1.3300541059317113
1.4291407155716556,1.1954667354517463
1.1592907307085614,1.0767036410770428
2.027060676938509,1.423748811040244
2.9570282430148165,1.7196011871985948
2.450629693385999,1.565448719500578
1.6679322636451293,1.2914845193207425
1.0851553202025026,1.04170788621499
1.2901709025373014,1.1358569023152967
1.3695613252399585,1.1702825834985149
1.204407521778567,1.0974550203897047
1.2433863939462644,1.1150723716182123
1.5878494745446825,1.2600989939463814
1.5287257491388435,1.2364164950124386
1.8533297103636714,1.3613705264782514
1.6522086048891849,1.2853826686590981
1.6752334506045152,1.2943080972490728
1.8817596858665517,1.3717724614040594
1.350304920972572,1.162026213547944
1.1378552030295779,1.066702959136037
1.0952104011302333,1.0465230055427512
1.0449991400051626,1.0222519943757324
1.0913178277504305,1.0446615852755525
1.8520401386531065,1.360896814109397
1.371855154643564,1.1712622057607613
1.788762397621747,1.3374462223288632
1.398557814101408,1.182606364815194
1.4396255244073268,1.1998439583576386
1.9591822949375106,1.3997079320120718
1.6254199659122093,1.2749195919399032
1.561517379119428,1.24960688983353
1.438597542606221,1.199415500402684
0.9110427325996189,0.9544855853283584
1.8666738031587207,1.3662627138141188
1.787262013123949,1.3368851907041042
1.3133328020541766,1.146007330715723
1.5243385677113812,1.2346410683722542
1.6248092436638837,1.2746800554115074
1.43441039090161,1.1976687317040593
1.1730505443377202,1.0830745793054697
2.481901344215805,1.575405136533395
1.6825688916126904,1.2971387326005999
1.8590130023666214,1.3634562707936846
2.065745479561659,1.437270148427796
1.9669373556019245,1.4024754385021951
2.1874389996216346,1.4789993237394108
2.1287788238848777,1.4590335239071368
2.531764116338252,1.5911518206438542
3.088028987955645,1.7572788589053374
2.6057331486498962,1.6142283446433148
1.0061315549814451,1.0030610923475425
1.7689514020142543,1.330019323925128
1.3733893251323235,1.1719169446391342
1.3734738711182366,1.1719530157468927
1.478432983642761,1.21590829573729
2.515530133001993,1.5860422860069
3.4104107809498077,1.8467297530905293
2.4008356815734917,1.5494630300763848
1.3444610841028848,1.1595089840544077
1.3925461935556698,1.1800619447959797
1.3818046013291847,1.175501850840391
1.1594240764076311,1.076765562417201
2.01527005720791,1.4196020770652282
1.0795139044929516,1.038996585409669
1.5689427524731907,1.252574449872418
1.5164820757706707,1.2314552674663708
0.8339875816035046,0.9132292054043741
1.4999429639849429,1.224721586314597
1.573105224965511,1.2542349161801831
1.549277904047641,1.244699925302336
1.5350251859146729,1.2389613335026533
0.8235211470453127,0.9074806593230033
2.1548715785311283,1.4679480844127726
1.9962724183884601,1.412895048610639
1.7286726572118751,1.314789966957413
1.4632582832964134,1.2096521331756553
2.1607203993854163,1.4699389100862037
1.2386157265455653,1.1129311418706753
1.2506777710818784,1.1183370561158557
1.4778755580262006,1.2156790522280956
1.8546590648555266,1.3618586802071375
0.9696888837493649,0.984727822166798
1.4637696216595097,1.2098634723221913
1.5179928350836012,1.2320685188266118
1.9034172553035305,1.3796438871330277
1.4200969212894816,1.1916781953570694
1.350649076059256,1.1621742881595927
2.131879056856578,1.4600955642890565
1.2468230652280483,1.11661231644114
1.123638563154628,1.0600181900112036
2.0003221787708023,1.4143274651829407
1.8877028334936767,1.373936983086807
1.6355618095503177,1.2788908513044879
1.474468213718983,1.2142768274652131
1.5770291786161472,1.2557982236872878
1.6150807267618206,1.270858263836617
1.6190843284100034,1.2724324455192124
1.0640278806937309,1.0315172711562957
1.1727293946231045,1.0829263108000953
1.9125076808668482,1.3829344456144146
1.7691764964991632,1.3301039419906864
1.5085020458152822,1.2282109125941205
1.6623943988797438,1.2893387448144664
1.1210553595889585,1.058799017561387
1.4477422508454694,1.2032216133553575
2.098985094226405,1.4487874565395729
1.7553165449563142,1.3248835967572072
3.16621616305622,1.7793864569160405
1.0101518656755968,1.0050631152696814
1.0407696534779176,1.0201811865928119
1.2144777568240441,1.1020334644755776
1.390609892110716,1.1792412357574322
1.7017313688900804,1.3045042617370326
1.6702014929746658,1.29236275595309
1.8144029983784273,1.3469977722247455
1.1284317560300965,1.0622766852520564
1.2807970341572694,1.1317230377425695
2.4144883744233825,1.5538624052416554
1.770011086685647,1.3304176361900977
1.8283990194381428,1.3521830569261482
2.027541897165124,1.4239177985983333
2.357052633272021,1.5352695637157734
1.5079732059315958,1.2279956050131433
1.9851095482895253,1.4089391570573675
1.9911164894432312,1.4110692716671394
1.533493519719481,1.238343054133014
1.5784146798682765,1.2563497442465121
1.5632011357372266,1.250280422840103
1.1669883017113416,1.0802723275689985
2.34613433603954,1.5317096121783462
1.3464132016518544,1.160350465011263
1.195879918408046,1.0935629467058794
1.5928381722012044,1.2620769280044717
1.4647283164842977,1.2102596070613518
1.531643672903936,1.2375959247282353
1.5613253724233678,1.2495300606321433
1.5248490759432993,1.2348477946464897
2.5141121073520836,1.58559519025257
1.853863685728081,1.3615666291915651
1.1345602159949422,1.0651573667749485
1.8733661922430056,1.368709681504082
2.2189412717023305,1.4896111142517467
2.0893417867468895,1.445455563739989
2.198206808004138,1.4826350892934304
1.1781284430569705,1.0854162533594982
1.416051383137088,1.189979572571348
1.5870355048740277,1.259775974081911
2.2853224144219033,1.5117282872334907
1.3673741736225242,1.1693477556409488
1.2556039684134759,1.120537356991491
1.6488071239037598,1.2840588475236483
1.8731331794500097,1.3686245575211669
1.56178589195858,1.249714324139153
1.3647685023201466,1.1682330684928186
0.9184488636710242,0.9583573778455635
1.5351178743340808,1.238998738632966
1.4513977654559445,1.204739708591007
1.8766043836615491,1.3698921065768461
1.6825248999124518,1.2971217752826647
1.836470152286588,1.3551642528810255
1.911210218236031,1.382465268365188
1.2464529276171628,1.11644656281309
1.3858028282535286,1.1772012692201486
1.5181406365804946,1.2321284984044865
1.0470120125996063,1.0232360493061248
0.9751678677146612,0.9875058823696501
1.3075744721663687,1.1434922265439187
1.8095733614044256,1.3452038363773817
1.3135502392575724,1.1461021940724014
2.0281730003681386,1.424139389374558
2.057109442418993,1.4342626825024045
1.6102122469460878,1.2689413883021106
1.7960010953227026,1.340149654077
1.925077539371213,1.3874716355195205
1.4146502122666427,1.189390689498889
1.4178828393072653,1.1907488565215023
1.2887444400299268,1.1352288051445518
1.2066139304315093,1.0984597991877123
1.418221943937111,1.190891239340147
1.9184887197180387,1.3850952024023615
2.4515381686572053,1.565738857107789
1.012984128280168,1.006471126401631
2.707124783402659,1.6453342467117917
2.0190550601385326,1.420934572786
2.2356868796949207,1.4952213480601864
2.2963841905991207,1.5153825228631617
1.3314590470727408,1.1538886632048782
1.496328380934561,1.223245020809225
2.3424043507763845,1.5304915389430889
2.5491025470406274,1.5965909141168966
2.177830752369954,1.4757475232471013
1.4370689456794463,1.1987781052719666
1.5684824702121882,1.2523907019026403
1.5024167223345213,1.2257310970741182
1.5407941525643827,1.2412872965451562
1.5924690629545923,1.2619306886491795
1.2147640367098413,1.102163343933122
1.8363292547893555,1.355112266489148
1.8530153667137723,1.3612550704088386
1.5134802952933317,1.2302358697799913
2.62323952043996,1.6196417876925626
1.0386828682726414,1.0191579211646453
1.6830264383986142,1.2973150883261222
1.6259671895950383,1.2751341849370357
1.3957534243272716,1.1814200879988759
1.69624806020666,1.3024008830642968
1.6770178835789682,1.294997252344177
1.8322866132056117,1.3536198185626611
2.2258553782764103,1.4919300849156472
2.993221217973149,1.730092835073641
1.3448488497474684,1.1596761831422893
0.996617001961653,0.9983070679713998
1.0791996959580115,1.0388453667211552
0.9214375018143637,0.9599153617972596
1.0250384118561089,1.0124418066516756
2.6209540684291417,1.6189360915209536
1.21011861192278,1.1000539131891582
1.2801490904086683,1.1314367372543055
1.5409824786315913,1.2413631534049943
2.5778914364655265,1.6055813390998062
1.593895323375594,1.2624956726165812
1.7101257986885803,1.3077177825083592
1.3205712422082483,1.1491611036787872
1.1117534278571506,1.0543971869543045
1.1157507803277567,1.056291049061648
1.3052666586784722,1.142482673250878
1.270234141299563,1.1270466455739812
1.1119578526000897,1.0544941216526955
1.2692998293649151,1.1266320736446815
1.5082823750094416,1.228121482187101
1.1932281927800477,1.092349849077688
1.6926880985897232,1.3010334732779643
1.4475876631142144,1.2031573725470057
1.8224001668516856,1.349963024253511
1.3126938343798256,1.1457285168746676
1.8927521822415616,1.375773303361263
1.3245770754514632,1.1509027219758685
1.6644178068683744,1.2901231750760755
1.2371515825119805,1.1122731600249915
1.69475172995428,1.3018263056008201
1.299289431189428,1.1398637774705485
1.9738230181206333,1.4049281184888547
1.1165753171702242,1.0566812751110073
1.3640170310237936,1.1679113969063721
1.3423307886467981,1.1585900002359757
1.3700944620486268,1.1705103425637156
1.2445018775823327,1.1155724438970034
1.185264281142851,1.088698434435749
1.242804802491329,1.114811554699416
1.451974377180554,1.2049789944976443
1.671030568197933,1.29268347564202
2.1994317609489977,1.4830481317034176
0.8737173203742956,0.934728474143318
3.431064958218332,1.8523134071258924
1.636464119346956,1.2792435731114524
1.5186808873200528,1.2323477136425631
1.1590328840926014,1.0765838955198064
1.5962664204842254,1.2634343752186836
1.7726379253636826,1.3314044935194123
1.1671249117040203,1.0803355551420217
1.759440090568328,1.3264388755492384
2.7201651389969146,1.6492923145994813
2.1965403068354092,1.4820729762179086
2.619608207259461,1.6185203759172948
1.4331527537658355,1.1971435810987066
1.2898855012618993,1.1357312627826617
1.1832116078159902,1.0877553069583206
1.5243286079386291,1.2346370348967461
0.823022761597864,0.9072060193792059
1.2423335600549015,1.114600179461183
1.5365904430583643,1.2395928537460856
1.9233962989234639,1.3868656383815499
1.6001288846800994,1.2649620091845049
1.8325076675527965,1.3537014691403702
1.6035236663619743,1.266303149471711
2.2982327241402327,1.5159923232458115
2.355249333719765,1.5346821604878857
1.3269090070326253,1.1519153645266762
1.9155045786254496,1.3840175499701763
0.803536220687001,0.8964018187660047
2.019665935494784,1.4211495120129987
1.519568246479387,1.2327076889836401
1.2833451564319869,1.1328482495162302
1.6546297470591773,1.2863241220855564
1.802094521862205,1.342421141766698
1.5601737677085397,1.2490691604985449
1.3022935944780663,1.1411807895675716
2.2038645594541086,1.4845418685419784
2.2698776141078842,1.5066113015996807
1.858161458164458,1.3631439609096532
1.5463526817208906,1.2435242988059745
1.9092807451491658,1.381767254333799
2.136327034155191,1.4616179508186096
1.6911472522519433,1.3004411760060288
1.6825150360816394,1.297117973077869
1.6733358617122587,1.2935748380794436
2.319605693739761,1.5230251783013178
1.68860020266705,1.299461504880791
2.338445243119197,1.52919758145218
2.450227734100494,1.5653203295493527
2.290269376229102,1.5133635968362336
2.1263789012460386,1.458210856236518
1.4417607274692152,1.2007334123231581
1.3975271077340334,1.1821705070479611
1.3516779489045259,1.1626168538708381
1.3788288076481832,1.17423541406661
1.83558974784535,1.3548393808290893
1.271084594433683,1.1274238752278058
1.2050666148880347,1.0977552618357311
1.7269782721280085,1.3141454531854564
1.5950964685979616,1.262971285737709
1.6956944197945336,1.3021883196352722
2.3146180506904126,1.5213868839616085
1.3444457512471562,1.1595023722473172
1.5185330543016227,1.2322877319447851
2.100858615268355,1.4494338947562786
1.7864807424282736,1.3365929606384561
1.5815255096815544,1.2575871777660403
2.255366671290831,1.5017878249908776
2.0700030514255774,1.438750517437119
1.3262313307423965,1.1516211750147687
1.666032980930203,1.2907489999725752
0.9741245432121644,0.986977478573936
1.076911831728361,1.0377436252410135
1.5491256208865147,1.2446387511589516
1.0896235014638926,1.0438503252209546
1.2074240000360175,1.098828467066638
1.6762702486003915,1.2947085573983017
1.160462151425649,1.0772474884749785
0.9031697310113698,0.9503524246359188
1.4497152304222833,1.204041207941939
2.9476983180423657,1.7168862274601557
2.480835066591875,1.5750666863951746
1.7501111885238758,1.3229176801766147
1.2056142010565798,1.0980046452800551
4.722015141689707,2.1730198208230194
1.322878775063685,1.1501646730202093
2.145944828487533,1.4649043752025361
1.67473307036243,1.2941147825299075
2.0530920529427807,1.4328614911926347
1.0421593312213717,1.0208620529833459
1.681080393367989,1.2965648434875863
1.2549577039080857,1.120248947291666
2.095877772629101,1.4477146723816474
1.4258868028521774,1.1941050217012645
1.3078527898601544,1.1436139164334065
2.066742291506146,1.4376168792505692
1.9354501321235138,1.3912045615665274
1.934918863353716,1.3910136100533725
1.7513227649057082,1.3233755192331873
1.8393480661278703,1.3562256693219865
0.9493144327922243,0.9743276824519687
1.5806540028933926,1.2572406304655417
1.7176020582863716,1.310573179294606
1.8246108037507698,1.3507815529354736
2.1425265008314636,1.4637371693140349
2.2203056585494427,1.4900690113378785
1.2518894172195056,1.1188786427577861
1.550067176257224,1.2450169381406921
2.2280201568506,1.4926554045896192
3.472162857284138,1.8633740518972937
2.891524937920015,1.700448452003181
1.1299450197706562,1.0629887204343498
1.225690264817796,1.1071089670027048
1.6811341883873046,1.2965855885313953
1.3967563355896797,1.1818444633663432
1.328731321534463,1.1527060863613339
1.9696065561126783,1.4034267191815462
2.591375781237226,1.6097750716287123
2.371725513525851,1.540040750605597
2.6704858288657167,1.6341621182935666
1.3354283504522366,1.1556073513318599
1.411216087258495,1.1879461634512294
1.191861323819537,1.0917240144924618
1.8681979628567278,1.3668203842702698
1.7251869553055836,1.3134637243965224
1.867605558482976,1.3666036581551273
1.8182212075040047,1.3484143307989591
2.200292734322239,1.4833383748566067
1.6136036521243884,1.2702769981875561
1.383099704245956,1.1760525941665858
1.3120567600218103,1.145450461618402
2.2914156314929865,1.5137422605889639
1.220102780018323,1.1045826270670398
1.2833029443842976,1.1328296184264859
2.691298023717918,1.640517608475422
1.2394650588884182,1.1133126510052862
1.1328409067430336,1.0643499925978455
2.0871171267614708,1.4446858228561221
1.4842248960621645,1.2182876901874058
1.7752313885470035,1.3323780951918278
2.431359611709496,1.5592817614881205
1.8301895229498686,1.352844973731236
2.336784910575487,1.5286546080051855
1.2536812359336074,1.119679077206325
1.5805651079931076,1.2572052767917845
1.1347768759548997,1.06525906518316
1.6259238578445152,1.2751171937686807
1.7074737568244343,1.3067033928265566
0.9816830159146603,0.9907991804168291
1.0775103890794189,1.0380319788327423
0.9536643337825437,0.9765573888832871
2.272532777565919,1.5074922147612966
2.627456951762607,1.6209432290375276
2.412297878116782,1.5531573900016644
1.5437726027180367,1.2424864597725147
2.046807205144114,1.4306666995300177
1.515528495083334,1.231068030241763
1.3991975113084398,1.1828767946444971
2.7685574025460418,1.6638982548659764
1.7776437647744998,1.3332830775099862
0.8997295011311863,0.9485407219150828
1.4074955906406805,1.1863791934456203
1.982473517515503,1.408003379795483
1.6516898717373383,1.2851808712151525
1.373404828838613,1.1719235592983925
2.2043988711070006,1.484721816067576
2.58360713492175,1.6073603002817227
2.1534386147683446,1.4674599193055817
2.3093094439088335,1.51964122210107
2.6036130002030213,1.6135715045212657
0.9074050727338485,0.9525781189665489
1.1138213447250396,1.0553773470778305
1.183568091252443,1.0879191565794046
1.426998185702909,1.1945702933284876
1.2785712467571764,1.1307392479069507
2.055097105800565,1.4335609878203874
1.2760617770252705,1.1296290439897827
1.055751907722953,1.027497886967634
1.0776971707422074,1.0381219440615863
1.1149829166149716,1.055927514848899
1.223974508028704,1.106333814013069
0.9741384896332826,0.9869845437661537
1.3041940066581565,1.1420131376906995
1.69202191499247,1.3007774271536503
1.5053128886093035,1.2269119318880648
1.722976996243755,1.3126221833580884
1.302486767755287,1.1412654238849467
2.0888998070497187,1.4453026697026885
1.7078277998502307,1.3068388576447483
0.9004760098524492,0.9489341441071921
1.813966917229983,1.346835890979292
2.31484410242511,1.521461173485906
1.4290290051013692,1.1954200120047218
1.9420890009513976,1.3935885335892362
1.401734064981724,1.1839485060515613
1.4767150379596308,1.2152016449789849
1.7669342420548704,1.3292607878271556
1.4865433908056411,1.2192388571586952
1.5197923959950346,1.2327986031769482
1.5454610782415548,1.2431657484991914
1.1552736963187444,1.0748365905191097
1.322972991217749,1.1502056299713321
1.308184850348353,1.1437590875478774
1.2305945228560533,1.1093216498635792
2.3179303315421467,1.5224750676257877
1.8685801594523574,1.366960189417511
1.7754166329104568,1.3324476098182836
1.7241171168497915,1.3130564027679053
0.9546071173985797,0.9770399773799329
2.2596055703009323,1.5031984467464474
2.627253502704879,1.6208804714428757
2.317945859369952,1.5224801671515962
1.6474231454151664,1.2835198266544878
1.110106441358924,1.0536158889077765
1.8508762489488473,1.3604691282601187
1.7784246885327728,1.3335759028014764
1.937245983494365,1.3918498422941912
1.6594183519778496,1.2881841296871537
1.672606426873485,1.2932928619896906
1.5711018206656673,1.2534360058118912
1.8700711620704513,1.3675054523000818
1.6571422411458125,1.2873003694343494
1.4614440811274836,1.2089020146924578
1.294572547008413,1.137792840111245
1.6296296205246061,1.2765694734422433
1.5115635758374895,1.2294566181193582
1.5375386546623846,1.239975263730041
1.3256169256848955,1.1513543875301364
1.674175954587748,1.2938995148726766
1.4154094847289336,1.189709832156116
1.906399327238264,1.3807242039010774
1.7619331511307517,1.327378299932145
1.5933990920566468,1.262299129389166
1.5452601861010788,1.2430849472586654
2.6219093331589782,1.6192310931917588
2.152011786740528,1.4669736830429263
1.2562734334550902,1.1208360421823926
1.4556909225170107,1.2065201707874638
1.3968996540831888,1.181905095209928
1.7701494464366023,1.330469633789739
2.5440787207568225,1.595016840273739
1.546265613195643,1.243489289537969
1.7044709867942336,1.3055539003787755
1.6094608336451477,1.2686452749469206
1.3420090225689012,1.1584511308505427
0.9471626265161444,0.9732228041492577
1.8337181934203992,1.3541485123207126
2.0571070842737083,1.4342618604263686
1.1293204089609619,1.0626948804623846
1.5697119325705822,1.252881451922161
1.5243709309239672,1.2346541746270359
1.8363645404135869,1.3551252858734453
2.5228208851624956,1.5883390334442127
2.9478102744344246,1.7169188316383581
2.5182631962908855,1.586903650601033
1.7878380041327004,1.3371005961156028
2.268410896307794,1.5061244624226093
2.054699699848302,1.4334223731504618
2.0437800235913266,1.4296083462233027
1.8153412689255055,1.3473460093552456
2.1234666619764813,1.457211948199877
2.084067365309637,1.4436299267158592
3.1838935699543267,1.7843468188539824
1.0476608724960412,1.0235530628629086
1.3823972618152607,1.1757539120986418
2.6795119002568786,1.6369214704001163
0.6526488939354521,0.8078668788454272
3.445947832063271,1.8563264346723265
2.203288928884969,1.4843479810627187
2.863943182722444,1.6923188773757871
2.8121089506964956,1.6769343906952638
1.455271386425869,1.2063462962291835
1.4891778910024933,1.2203187661437045
1.6277974271707432,1.2758516477908954
2.7061892285436,1.6450499167331063
1.6585098945647907,1.2878314697835236
2.112942087019964,1.4535962599772896
2.356923731608942,1.5352275830016024
0.9389039676660216,0.9689705711042114
1.0660455892863585,1.0324948374139014
1.5432720451199962,1.2422850096173568
1.1978034448986776,1.0944420701429005
1.2108810012160476,1.1004003822318709
1.1020067350310851,1.0497650856411092
1.2192225702586912,1.1041841197276345
1.0749240164150737,1.036785424480434
1.4018212493001903,1.1839853247824443
2.032015187243328,1.4254877015405387
1.2160888500977214,1.1027641860786563
1.7453319809293228,1.3211101320212948
1.8828589425583968,1.3721730731064492
1.4266942559540856,1.1944430735510527
1.6245456724583924,1.2745766640176621
1.2339513374687272,1.1108336227665812
1.2964108351497032,1.1386003843094834
1.2850583276245808,1.1336041317958314
1.315939940312173,1.1471442543604413
1.2402639904428605,1.1136714014658275
1.6837937199235604,1.2976107736619484
1.750657206881287,1.3231240330676814
1.5759306205225063,1.2553607531393143
1.5562600783264564,1.2475015343984377
1.3048207079017338,1.1422874891644983
1.8271346565410056,1.3517154495458745
1.1802075889209096,1.086373595463784
2.4378755739474163,1.5613697748923592
1.5612800432402683,1.2495119220080568
1.5792796594240186,1.2566939402352582
0.6874975838839279,0.8291547406147588
2.98403945395775,1.727437250367651
2.4719091535420374,1.572230629882918
2.699866813888549,1.6431271447725977
2.7003732502462285,1.6432812450235743
2.4694007728032585,1.5714327134189547
1.1842557410659027,1.0882351497107152
1.2389170916275907,1.1130665261463892
2.095857628773285,1.447707715242716
2.3974141933695092,1.5483585480661477
1.9728369509893708,1.4045771431250655
1.9383716277025962,1.3922541534154589
2.2844506954682324,1.511439941072166
1.5564306381094393,1.2475698930759107
1.2812329283122803,1.1319156012319471
1.1297172541593792,1.0628815804968017
1.6608607640178925,1.288743870603423
1.335896380377975,1.1558098374637478
2.3402155233702073,1.5297762984731484
2.0273496962777218,1.4238503068362636
1.8465198327228747,1.358867113710121
1.4007518524211704,1.1835336296114152
1.8570563967121416,1.3627385650637989
1.8959104748297462,1.3769206494310942
1.7119196678719186,1.3084034805334013
1.5643107704840389,1.25072409846618
1.7871229317023907,1.336833172726646
1.8119148258630584,1.346073856020931
1.2920452321387992,1.1366816758172884
0.7756515669043109,0.8807108304683842
1.3039477358263007,1.1419053094833655
2.8032140539326127,1.6742801599292194
3.4239664742013938,1.850396301931398
2.049581529553129,1.4316359626501176
1.1968070603760599,1.0939867734008761
2.6462783095134017,1.6267385498331937
1.2602945447187752,1.1226284090110918
2.3746460400779723,1.5409886566999682
0.8033250801561416,0.8962840398869889
1.045961588766396,1.0227226353055827
1.8176987899254693,1.348220601357756
1.2680646005183558,1.1260837448957142
1.532644389644289,1.2380001573684427
1.9420716588544658,1.393582311474448
1.011893062543079,1.0059289550177384
1.5044299447217468,1.2265520554471983
1.4896668291835324,1.2205190818596539
1.3891767157018526,1.1786334102263742
1.76129210261043,1.3271368062903048
0.9424956427367492,0.9708221478400404
1.4699930814330957,1.2124327121259537
1.3009430276218468,1.1405888950984253
2.345393931515243,1.5314679009092038
1.8768948955103006,1.3699981370462884
1.8675892124008564,1.366597677592369
1.8769205623812537,1.370007504498152
2.2142465609683915,1.488034462291916
1.5276793283825933,1.2359932557998015
1.1814558655892096,1.0869479590068742
1.3100489036251466,1.1445736776744198
2.002055600455565,1.414940140237588
1.3924036451777164,1.180001544565818
1.628977729912705,1.276314118825262
1.959544522976969,1.399837320182945
1.5295424198069423,1.236746708023491
1.786861385375684,1.336735346048605
1.7004648329273828,1.3040187241475418
1.9540744209729877,1.397882119841651
0.9754874739093649,0.9876676940699057
1.7182935400260833,1.3108369616493438
1.2122374591422522,1.1010165571608141
1.9584962593316793,1.3994628467135808
1.3308103142782506,1.153607521767369
1.5608630925385072,1.2493450654396916
1.686676685910971,1.2987211732742987
1.713008366367231,1.3088194552218542
1.9709014424624216,1.4038879736155665
1.486347538138733,1.2191585369174647
1.6512487545726517,1.2850092429911357
1.7605451410785058,1.3268553580094953
1.6145074524545573,1.2706326976961348
1.5449334316871297,1.2429535114746366
1.6155956602527592,1.2710608405000758
1.6973585197852457,1.302827125824929
1.584791530610125,1.2588850347073497
2.4745335068946646,1.5730650040270633
1.0053459721731675,1.002669423176536
1.8516248990983748,1.3607442445582398
1.2043256462669485,1.0974177173104818
2.2486941698596365,1.4995646601129398
0.9583387514200328,0.9789477776776618
2.739911019998916,1.6552676581142145
3.015106774093702,1.7364062814023975
1.8671547634582517,1.3664387155881714
2.1005566496050054,1.4493297242535963
1.279879263367605,1.1313174900829586
1.5435057898294644,1.242379084591118
1.4019761389261491,1.1840507332568775
1.3074682579605457,1.143445782693935
2.929503225947047,1.711579161460856
2.957977819322171,1.7198772686799984
1.1641521184474062,1.0789588122108305
1.2161670939519083,1.1027996617481837
1.0480821914038039,1.0237588541271836
1.7842906951611743,1.3357734445485785
2.1104337689055774,1.4527332063753404
2.18318222996174,1.4775595520863922
1.8041572986358605,1.3431892266675833
1.2437432839823934,1.1152323901243155
1.5107785012269386,1.2291372995833048
1.2211916453131975,1.1050754025464495
1.3540302009563143,1.1636280337617835
1.7153013306528164,1.3096951288955825
1.2254492537829504,1.1070001146264397
1.6032680869500586,1.2662022298788052
2.1018055219455603,1.4497605050302482
1.9245000517007618,1.3872635119906966
1.393780133195281,1.1805846573606151
1.8732775716032941,1.368677307331167
1.5932352324159214,1.2622342224864296
1.3314198662297858,1.1538716853401794
1.1146074493186764,1.0557497095991437
1.703487465884142,1.3051771779663257
1.3152477097801978,1.1468424956288452
1.4581769770105408,1.2075499894457955
2.480840760665247,1.5750684939599442
2.305613072993962,1.5184245364831148
1.1383836271155738,1.0669506207484833
1.544857987034596,1.2429231621603147
1.506837059394188,1.2275329158088544
1.4049856527035143,1.1853209070557704
1.2959102136394833,1.1383805223384154
1.3981539789816946,1.1824356130384837
1.6495433865011282,1.2843455090049283
1.9268810988988863,1.388121428009411
3.333993527224564,1.8259226509424116
2.0147923761884896,1.41943382240543
1.7087463029533556,1.3071902321213067
1.4520467392000675,1.2050090203812034
1.458272294051509,1.2075894559209719
1.3957711760522304,1.1814276008508648
1.3774490491016698,1.1736477534173828
1.1898342862896958,1.090795254064527
1.0252828641144638,1.0125625235581572
1.1276628841100849,1.0619147254417771
1.023988580971445,1.0119232090289485
1.3493418174775709,1.161611732670418
1.469531684346025,1.2122424197931803
1.5581226396020895,1.2482478277978655
1.546043840208607,1.2434001126783796
1.2386260737694197,1.1129357904971067
1.2179139211232783,1.1035913741613235
1.765827538842206,1.3288444374125234
1.0634037838118957,1.0312147127596152
2.8729258870891785,1.6949707629009942
0.9159448556285579,0.9570500800002881
1.0095046710712334,1.0047410965374282
1.4472461249975035,1.2030154300745703
1.8451532099733658,1.358364166920405
1.727083520931048,1.3141854971544344
2.0516790297429766,1.4323683289374198
1.185591263099267,1.0888485951220523
1.7977611501136688,1.340806156800329
1.4652447940414417,1.2104729629535067
2.506752545115906,1.5832727323856448
1.3732046868458792,1.1718381658086918
1.3006486352505802,1.1404598350010315
1.1283517978785413,1.0622390493097782
1.643659638873203,1.282052900185169
1.3602392939319268,1.166292970883357
1.4648756137279582,1.2103204591049257
1.1637749034466123,1.0787839929506797
1.892019469527994,1.3755069863610268
2.1091902312741992,1.4523051439949524
1.758170244428233,1.3259601217337695
1.3945611669051174,1.1809153936269599
2.067612644000865,1.4379195540783445
1.5760220254861634,1.2553971584666597
1.718164629405117,1.310787789615511
1.460083254124256,1.2083390476700884
1.6807019521840645,1.2964188953359421
0.9377794251094378,0.968390120307636
0.784867886472123,0.8859276982192864
1.4701673851945256,1.2125045918240993
1.8366186655037187,1.3552190470561276
1.1126592159629154,1.0548266283910903
1.0590113306559696,1.0290827618107155
1.0720658767492224,1.0354061409655742
1.3812963568699552,1.1752856490530101
1.3394027192510447,1.1573256755343522
1.2809855819024119,1.131806335864229
1.001916174966737,1.000957628956759
2.050009975548682,1.4317855899361056
1.208467563622631,1.099303217325698
1.0597788844529934,1.0294556252957159
1.5072869930479673,1.2277161695799104
1.719310041276531,1.311224634178496
2.1458134052464084,1.46485951723925
2.2481347159838636,1.4993781097454584
2.1126193057788973,1.4534852272310501
2.104608681256858,1.4507269492419508
1.6688199299786668,1.291828134845602
1.4247736873371992,1.1936388429241063
1.996520059687727,1.4129826820197504
1.7307153359865217,1.3155665456321552
1.6327116642684492,1.2777760618623473
3.199697988413113,1.7887699652032156
1.3734876543431431,1.1719588961832847
1.5129408296149565,1.2300165972924741
2.4738998790214435,1.5728635919943736
1.4997648941707555,1.2246488860774567
1.5666868585566427,1.2516736230170558
1.447583827638667,1.2031557786249738
1.4600585344936612,1.208328818862507
1.2540324902266113,1.1198359211181839
1.2845806482970303,1.133393421675382
1.7676177013178263,1.3295178454303749
1.2580592896239056,1.1216324217959757
1.7404869065401578,1.3192751443653283
1.5321388516352235,1.2377959652685993
1.2845134609423814,1.133363781379298
1.2127194325719168,1.101235411967812
1.30348532896822,1.1417028199002663
1.5631600606355214,1.2502639963765738
1.590856060898138,1.2612914258402528
1.4352417491792435,1.1980157549795594
1.4370541408844884,1.198771930303879
1.3066294218455599,1.1430789219671404
1.4996604835337144,1.2246062565305285
2.249507563907944,1.4998358456537648
2.0413469799239334,1.4287571451873595
2.402437307517954,1.5499797764867624
2.1047048740369685,1.4507601021660916
1.1328014628559901,1.0643314628704679
1.1555980898337987,1.0749874835707618
1.0620591519587301,1.0305625415076614
2.0727812128918637,1.4397156708502772
2.382296592186719,1.5434690123830537
3.346227669003848,1.8292697092019667
1.1062471032809509,1.0517828213471405
1.3402526050456145,1.157692793898975
1.0984258430457083,1.0480581296119544
1.13487046915177,1.0653029940593286
0.8258950605697334,0.9087876872899046
0.7638524736325857,0.8739865408761085
1.936318037219637,1.3915164523711665
1.185184973278495,1.0886620105792684
2.0688990686353748,1.4383668060113786
1.746119263424899,1.3214080609050707
2.113868833622415,1.453915002200065
1.8114900792667683,1.345916074377139
0.984350715686125,0.9921445034298809
1.2534096238335481,1.1195577804801091
1.4520067630542104,1.2049924327788164
1.8771792246493784,1.3701019030164794
0.8993679959914198,0.9483501441932826
1.3457971025192343,1.1600849548715104
1.268588056540048,1.1263161441354057
1.6729282376075096,1.2934172712653522
1.2936179007708821,1.1373732460238732
1.689749656431365,1.2999037104460334
2.5536079121484674,1.5980012240760229
0.8632905738740431,0.9291343142269815
1.6027798997937994,1.2660094390618892
1.2108998026972735,1.1004089252170184
1.269662962001838,1.1267932206051996
1.8445855611078767,1.3581552050880918
1.8570562540483744,1.362738512719287
1.7937786489540672,1.3393202189745614
2.1507819574366964,1.466554450893896
1.3252725472870561,1.1512048242111637
1.716591278476069,1.3101874974506775
1.442977219005046,1.2012398673891265
1.6946818300310844,1.3017994584539834
1.5469579802632765,1.243767655256912
1.4449390311178165,1.2020561680378403
1.3140893160103349,1.14633734825763
2.048912374231917,1.4314022405431386
1.0710825316479817,1.0349311724206502
1.2798333783389393,1.1312972104354095
1.2766384256394332,1.1298842532044746
1.1368697698523782,1.0662409529990762
1.8153185246893961,1.3473375689445448
1.9660303931469334,1.4021520577836533
2.1202717834732776,1.4561153056929514
2.3330298901703546,1.5274259033322548
1.6531327048418545,1.2857420833284778
1.4812082726709606,1.217049001754227
2.1742766385352894,1.474542857476611
1.6880181472381635,1.2992375253348263
1.9568669448668425,1.3988806042214048
1.3788269634660442,1.1742346287970067
1.4542183882322428,1.2059097761575046
1.519673063121372,1.232750203050631
1.240840091322981,1.1139300208374765
2.5010911283353576,1.5814838375194853
1.992098223427237,1.4114170976104963
1.1413520222873015,1.0683407800357063
1.0692383170104187,1.0340398043646186
1.175178712403086,1.0840566001842735
0.8672101726145979,0.9312412000199507
1.4933510162740797,1.222027420426432
1.5636174736643564,1.2504469095744755
0.9101960215514887,0.9540419390946546
1.4177188020106486,1.1906799746408137
1.5325490960918626,1.237961669879913
3.13116980292644,1.769511176264914
2.3313872328841745,1.5268880878715947
2.2856286706022564,1.5118295772349
1.6168439121890619,1.2715517733026296
1.774855198904185,1.3322369154561755
1.2042793807859582,1.0973966378597841
2.681547163154295,1.6375430263520696
2.3594892502747755,1.5360629057023594
1.038978741952433,1.0193030667826095
1.2261162327392554,1.1073013287896187
1.4823424279816533,1.217514857396678
1.6109272265240835,1.2692230798894588
2.170154156722041,1.4731443095372703
3.151721701555985,1.7753089031365739
1.3110222013410595,1.1449987778775397
1.959478190424323,1.3998136270319428
1.2606456546752574,1.1227847766492283
1.467469693937125,1.2113916352431715
1.6887883251077853,1.2995338876334797
1.381384330245024,1.1753230748373078
1.195436974869745,1.0933604048390198
1.308535396845698,1.1439123204361854
1.3631069063993586,1.167521694187889
1.8449861366602303,1.3583026675451353
1.4301230324244534,1.195877515644664
1.7488280462378558,1.32243262446064
1.2996539571189416,1.1400236651574132
1.6000996451087888,1.264950451641798
1.355299355106972,1.16417324960977
2.947347337010367,1.7167840100054423
2.5158084206025504,1.5861300137764718
1.727413156558443,1.3143109055921445
2.042339080051535,1.4291042929232054
2.1452059048168106,1.4646521446462333
1.566614435611767,1.2516446922396816
0.8960291772753377,0.946588177231967
1.3952782797679457,1.1812189804468711
2.3660070813995224,1.5381830454791532
1.2000411476765405,1.0954638961081924
2.211976192862506,1.487271391798587
2.4225289147633604,1.556447530359877
4.481141344254396,2.116870648918917
1.1302797685532016,1.063146165187648
1.7962830392816758,1.3402548411707662
1.3080177451238502,1.1436860343310353
1.3519427568864024,1.1627307327521719
1.2161565269042194,1.1027948707281057
1.231366345295733,1.1096694756979364
1.7842541379219692,1.3357597605565041
1.744084322252635,1.3206378467440023
1.5249271261344999,1.2348793974046615
1.420141575423598,1.1916969310288577
1.166127432782022,1.0798738041002856
2.03979301193464,1.4282132235540461
1.584870014008429,1.2589162061108075
2.4833201492112233,1.5758553706515148
1.4261250482948953,1.1942047765332775
1.5788742265539788,1.2565326205689922
1.7525231156047525,1.3238289601020037
2.1363625411592095,1.461630097240478
1.6225480810448079,1.2737927936068754
1.7464404036611612,1.3215295697263687
1.8617061931914196,1.3644435470884897
1.49411995683391,1.22234199667438
2.355608595506986,1.5347992036442377
1.8199923264652889,1.3490709123190259
0.9879330849706642,0.9939482305284638
1.8620045176257516,1.3645528636244737
1.2611773815356837,1.1230215409936195
1.1962765388971934,1.0937442749094477
1.8931787885110558,1.3759283369823647
1.3840174584407006,1.1764427136247224
1.6607887019616734,1.2887159120464344
1.8367338225849026,1.3552615329097564
1.0167061197436142,1.0083184614711833
1.2283987665120373,1.108331523738289
2.1262572415940033,1.458169140255685
1.4512620909109577,1.2046833986201344
1.9812789790388934,1.4075791199925116
2.1471091645281204,1.4653017315652501
2.302297073121681,1.5173322223961636
2.4571932646026267,1.567543704208156
1.3104730593296459,1.144758952500327
0.9659473291181326,0.9828261947659579
1.4063622765775294,1.1859014615799786
1.318090784483645,1.1480813492447497
2.156085872705221,1.468361628722714
1.845499829936503,1.3584917482033165
1.7097371962615542,1.3075691936802252
1.3236096694971604,1.1504823638357784
1.1473955654304817,1.0711655172896866
2.0131493306448887,1.4188549364346197
2.0744725658429806,1.440302942385032
1.9554385735701938,1.3983699702046644
1.929428309433036,1.3890386277685138
1.040320123181693,1.0199608439453414
2.234262696063517,1.4947450271078064
1.382135111430066,1.1756424249873199
2.4995910571942117,1.5810095057254436
2.7014946057128353,1.6436224036295062
1.557053407041023,1.2478194609161306
1.707749894155349,1.306809050380104
1.4016813280481173,1.1839262342089212
2.2460457637856233,1.4986813416419194
1.4479371285908327,1.2033025922812735
1.359604101695442,1.1660206266166315
1.8103085355245359,1.3454770661458841
1.539188123481719,1.2406402071034612
1.6997379525359357,1.3037399865525088
2.283329343061638,1.511068940538994
2.3426405820486558,1.5305687119658025
2.0153560214816717,1.4196323543374432
0.9391117627735002,0.9690777898463571
1.6614235134723547,1.2889621846556845
1.1697475425212516,1.0815486778325105
2.1603901782120305,1.4698265809992792
2.0263037612296584,1.4234829683665549
1.4625018713323026,1.2093394359452199
1.439500554079729,1.1997918794856586
2.364175867484869,1.5375876779829074
2.7486948339783646,1.6579188261125346
1.699324097485177,1.3035812584895416
1.8223922607236112,1.3499600959745481
1.7670127710889718,1.3292903261097524
1.5339766356566162,1.2385381042408894
1.1193396321839881,1.0579884839562235
1.2404161460234513,1.11373971197199
1.3990744015971694,1.1828247552351825
1.4526925199284757,1.2052769473977654
1.5940461718263796,1.2625554133686092
1.2696514308384976,1.1267881037881513
2.2238046402503056,1.4912426496886098
1.5319262809320553,1.2377100956734801
1.3785657900047232,1.1741234134471228
2.06154018730227,1.4358064588593653
2.6677050349462452,1.6333110649677989
2.017780168920594,1.420485891841448
1.5788235427790052,1.2565124522976305
1.3698243390365796,1.1703949500218205
1.9813148071373832,1.407591846785631
1.301746338970493,1.1409409883821744
1.4504025640487301,1.2043266019019634
1.3884720087851097,1.178334421454754
1.2183207516224548,1.1037756799379368
1.5745432093777294,1.2548080368636987
1.9099513630371974,1.3820098997609234
1.466795618301129,1.2111133796227045
1.4586598222639287,1.2077499005439531
1.9113199559777674,1.382504956945098
1.6410953723235673,1.2810524471400722
1.7468784595117086,1.3216952975295435
2.635113749288193,1.6233033448151928
1.0426823291720326,1.0211181759091514
2.1949521104157665,1.4815370769628975
1.9996347761865612,1.4140844303599984
1.8696424238825775,1.3673486840899718
1.450402785346381,1.204326693778055
1.252559637123913,1.1191781078648353
1.572666859991308,1.2540601500690898
1.5863963396614038,1.25952226644129
1.9698581730239313,1.403516360084175
1.3751272882369472,1.172658214586393
2.5901543236466353,1.6093956392530195
2.38624794893287,1.544748506693847
1.905838357784756,1.3805210457594466
1.4281923661769989,1.1950700256374096
1.634322400710845,1.2784061955070638
1.3003729259476502,1.1403389522188787
1.7624174059380842,1.3275606976474124
1.2051355719927366,1.0977866696188001
1.2981709410367661,1.1393730473540113
1.263753622292129,1.124167968896165
1.1232163894862814,1.0598190361973507
1.617572062660375,1.2718380646373086
0.8796455320483288,0.9378942008821298
1.0975580480248972,1.0476440464322303
1.8780351837183118,1.370414238001894
1.457203389514027,1.2071467970027618
0.8307640030346035,0.9114625626072655
1.022460812485489,1.0111680436433348
1.1685408839090852,1.0809906955700799
1.378598390684669,1.174137296351951
1.469319518041436,1.2121549067843747
1.4246148643318395,1.193572312150311
1.58668345567794,1.2596362394270577
1.2018945476254919,1.0963095126949742
1.1801968656922344,1.086368660120603
1.0969297473411135,1.0473441398800651
1.5274313676449949,1.235892943440084
1.4460473776401288,1.2025171007682713
1.4901386743149747,1.2207123634644546
0.7784166550237341,0.882279238690186
1.0443891894734216,1.0219536141495962
1.2693305060224158,1.1266456878816942
1.9363186509407226,1.3915166728935455
2.2430590472460015,1.4976845619976196
2.2067771743192806,1.4855225256855853
1.0149235424883496,1.007434138039976
1.5353694298945346,1.239100250139001
1.5969532739618384,1.2637061659902742
1.8050136571063977,1.3435079668935341
1.2851015552579736,1.1336231980944875
1.548716161280009,1.2444742509509825
1.7162110450908095,1.3100423829368306
1.71853562933861,1.3109292999008795
1.5479178086199117,1.2441534505919725
1.68889646078675,1.2995754925308303
1.6023481226357958,1.265838900743612
1.6486800412716225,1.2840093618317674
1.8512842106936567,1.3606190542152703
2.4091094548351224,1.5521306178395948
1.4676669402941613,1.2114730456325313
1.7605026024523855,1.3268393280470645
1.4198269186753643,1.1915649032576296
2.0911469057558856,1.4460798407266058
2.097574745273203,1.4483006405001702
1.8028213390605996,1.3426918257964482
1.624414306817591,1.2745251299278453
1.634656913674307,1.278537020846212
1.6055891377971512,1.2671184387408903
1.5370045798751872,1.2397598879925045
1.1409331519686134,1.0681447242619388
2.4751831832238205,1.5732714906283087
1.2025223046355116,1.0965957799643
1.2627469170152488,1.123720123970043
1.1540748122947748,1.0742787405020984
1.1222065261050402,1.0593424970730856
2.6411650818875807,1.6251661705461324
2.503314864662277,1.5821867350797367
2.293624226920167,1.5144715999054479
1.3624503831617798,1.1672404992810093
2.4974354837857784,1.5803276507692252
1.929172733696733,1.3889466273751245
1.852077179754385,1.360910423119165
1.270836751326865,1.1273139541968178
1.9344432333634254,1.390842634291682
2.5611468862651035,1.6003583618255954
3.6586043371574974,1.9127478498635144
2.299182286751162,1.5163054727696401
1.0832935846372556,1.040813904901955
2.290752487202643,1.5135232033908972
1.6258944585108632,1.2751056656257407
1.247953446937498,1.1171183674694003
1.5305651021123727,1.2371600955868132
0.8578405323417109,0.9261968108030338
1.2383386514820294,1.1128066550313354
1.6195058499121497,1.2725980708425382
1.6601672105587828,1.288474761320059
1.4876893222902843,1.2197087038675605
1.6295383627578994,1.2765337295809693
2.2586262302522355,1.5028726593601454
2.6013879105457156,1.61288186503095
1.5363743217586416,1.2395056763720937
1.746562269779439,1.3215756769021738
2.5192750317280552,1.5872224266712134
2.0283539470850047,1.4242029164009617
1.3807910126772878,1.1750706415689602
1.1101996777112026,1.0536601338720197
1.397937395335755,1.182344025796111
1.2404477722931837,1.113753910113533
1.6266826917295996,1.2754147136243958
1.5755998767421024,1.2552290136632847
2.00308841800361,1.4153050618165717
2.028813140119707,1.4243641178152822
1.8883802071207385,1.374183469235727
2.177467446537203,1.475624425976069
1.9671665710244537,1.4025571542808706
1.6176353067472624,1.2718629276566176
1.7203321914965548,1.3116143455667733
1.5971044139400508,1.263765964860603
1.7813632077813417,1.3346771923507728
1.9396860562857547,1.3927261239331137
1.1872412525373945,1.0896060079392893
1.605354003828383,1.2670256523955554
1.8137892194631697,1.3467699207597301
2.5903209426610165,1.6094474028874062
1.4876371462212234,1.2196873149382277
1.4032682314873375,1.184596231416991
1.2719014161629467,1.1277860684380467
1.3716649465457953,1.1711810050311589
1.2992843710086157,1.1398615578256053
1.2553747272503437,1.1204350615945324
1.7180449836761538,1.3107421499578602
1.7137617439614088,1.3091072316511772
1.8105568138066312,1.3455693270161264
1.9190898723353005,1.3853121930941417
1.6761160839497522,1.294649019599425
2.2918597635773206,1.5138889535158517
2.2851248148220047,1.5116629302929951
0.9326715971297488,0.9657492413301441
1.3566241128815686,1.1647420799823318
1.8676677749454875,1.3666264211354497
1.62988974838048,1.27667135488366
1.3427333403976307,1.1587637120645566
1.4637954627455911,1.209874151614783
1.3119538219467015,1.1454055272900954
1.4155967266202472,1.1897885218055548
1.3441309842478109,1.1593666306427017
1.14202227936266,1.0686544246680776
1.242564642624941,1.1147038362834054
1.602060763993775,1.265725390435767
1.8787997456143075,1.3706931624598948
2.163148439571703,1.4707645765287194
2.0543242455678157,1.4332914028793362
1.262346101190559,1.1235417665536778
1.37231299153046,1.171457635397226
1.4424292518791948,1.2010117617572256
1.3233626110353611,1.1503749871391333
1.7245994822966872,1.3132400703209932
1.583011541667709,1.258177865672302
1.677473862885388,1.295173294538375
1.8567614147270035,1.3626303294463262
1.7840094198075374,1.335668154822723
1.2906668674980057,1.1360752032757364
1.4911884852723896,1.2211422870707531
1.6406989515520944,1.2808977131496857
2.0100485746960453,1.4177618187467333
2.1810367539948863,1.476833353494864
0.9697232738685462,0.9847452837503443
1.4637992889239113,1.2098757328436303
1.2346875092495635,1.111164933414281
1.6637768543802989,1.2898747436787414
0.7842973792497735,0.8856056567399361
0.7203526869206821,0.8487359347410018
1.380717231728944,1.175039246888777
1.2619385010540587,1.1233603611726999
1.5934977212018293,1.2623381960480438
1.7231417953269732,1.3126849566163898
1.6729802750989675,1.29343738739027
2.0038894953950726,1.4155880387298674
1.192799305081586,1.0921535171767685
1.450728595767277,1.2044619528101654
1.2369397728013523,1.1121779411593058
1.4121376178347171,1.1883339672982158
1.140658911128281,1.0680163440361206
1.2229612404438606,1.1058757798432248
1.5750467493858382,1.2550086650640457
1.9166871924583118,1.3844447235113115
1.5506820421778809,1.2452638444032176
1.689352095341669,1.2997507820123322
1.4721425121098108,1.2133188006908204
2.677948026119529,1.6364437130923657
1.5476438779936865,1.2440433585666082
1.498083781187551,1.2239623283367633
2.1744573589203227,1.4746041363431484
2.4665914291354465,1.5705385793209432
1.20985251113088,1.0999329575619052
1.5807098552761962,1.2572628425576715
2.418389782674769,1.5551172890411735
2.450734365617997,1.5654821511655752
1.98140684296132,1.4076245390590916
2.275454638666746,1.5084610166214922
1.746127648710855,1.3214112337614112
2.3105852685579142,1.520060942382875
1.432776667026992,1.196986494087127
2.4052070050743533,1.5508729816056352
2.3845249279078535,1.544190703218956
2.0680123464497875,1.4380585337356013
1.8146812795163978,1.347101065071362
1.9706648470011758,1.4038037067201297
2.3696291455397827,1.5393599791925807
2.7858489835478855,1.6690862720506348
2.9733223302451783,1.7243324303176515
1.2291096471409841,1.108652175905944
1.864811255912918,1.3655809225062123
2.366939688173271,1.5384861676899377
1.7668100131225866,1.329214058427982
1.6419717322845258,1.2813944483587112
2.1165409292004096,1.454833643136015
1.5179238401452864,1.2320405188731767
1.5535806336184823,1.2464271473369322
1.7482327311780372,1.3222075219790717
1.3837042853768744,1.176309604388604
2.112975261898382,1.4536076712436483
1.7671862026373433,1.329355559147869
1.814596791428406,1.3470697054823875
1.1769599197278562,1.0848778363151568
1.1415948738120643,1.06845443225814
1.8099202037285727,1.345332748329785
2.423450430548693,1.556743533967202
1.7204345256221962,1.3116533557393113
1.7508734441554465,1.323205745209507
1.6833481937397712,1.2974390905702553
1.86249062598162,1.3647309720166902
1.1731359483878756,1.0831140052588535
1.5906980817284138,1.2612287983266215
1.4469525969660295,1.202893427102347
1.7649180384892975,1.3285021785790558
1.2589892248605503,1.1220468906692582
1.303193453634189,1.1415749881782575
1.9092184919116655,1.3817447274774257
1.5443608706904992,1.242723167358885
0.7398680970672136,0.8601558562651385
2.344518817555041,1.5311821634133023
2.347118247318029,1.5320307592597575
2.1418048259486238,1.463490630632333
1.051555689846105,1.0254538945491918
1.2363115783111,1.1118954889336947
1.2999842654842906,1.1401685250366678
1.4306635542796533,1.1961034881144914
1.8492583647053993,1.3598743929883375
1.2049213702392279,1.0976891045461041
1.1619993871950813,1.0779607540143015
1.1467670961210037,1.0708721194059558
1.5871204481715209,1.259809687282774
1.2870677376128434,1.1344900782346417
1.7064340252806558,1.3063054869672162
1.1798976139197022,1.0862309210843255
1.3520046494212776,1.1627573476101012
1.4700915660871678,1.212473325928108
1.2776619859069855,1.1303371116206817
1.6024851912011044,1.2658930409798075
1.5790649876485248,1.2566085260129842
1.6717328601431198,1.2929550882157972
1.146087961799042,1.0705549784102832
1.2218307500663077,1.10536453266165
0.9697295986765527,0.9847484951379986
1.861177517116933,1.3642498001161418
1.0548627907041752,1.0270651345967183
1.3890056791516268,1.1785608508480276
1.3106790948315887,1.1448489397434007
1.3790643118785617,1.174335689604366
1.2185658190096362,1.1038866875769615
1.0748407081684237,1.0367452474780985
1.1208557088551705,1.0587047316675082
1.3867199457125967,1.1775907377831216
1.7417670336609106,1.3197602182445531
1.6169738481775093,1.2716028657476002
1.5124628580132928,1.2298222871672528
1.1030158500187495,1.050245614139259
1.5411813472221065,1.2414432517123393
1.2315104878704644,1.109734422224734
1.2855510619187915,1.1338214418147117
1.3403313119277163,1.157726786391209
1.3774588561524785,1.1736519314313245
1.0674687814540416,1.0331838081648597
1.0051874231874172,1.0025903566199992
1.607569808322217,1.267899762726619
1.2459862440639708,1.1162375392648156
1.2292935278636217,1.1087351026569068
1.481009585807683,1.2169673725321
1.1808014870802404,1.086646900828526
1.652732940312013,1.2855866133061642
1.6377866898198903,1.2797604032864474
1.2148222741687391,1.10218976322988
1.5073657798136446,1.2277482558788853
1.9224119829477913,1.3865107222621076
1.8187667333122186,1.348616599820801
1.3517855052188175,1.1626631090813957
1.6019653552113884,1.2656877005056928
1.1587033821135186,1.0764308533823799
1.0976392339033387,1.0476827925967567
1.6909331678051456,1.3003588611630044
1.5277124278483187,1.2360066455518428
1.8082703256190797,1.344719422637704
1.7660378056021255,1.3289235514513713
1.4735983916030155,1.2139186099582688
1.1732474274881288,1.083165466347653
1.2179765518864516,1.103619749681226
1.162435185047596,1.0781628750089645
1.806183165308835,1.3439431406532178
1.4193228790044221,1.1913533812452215
1.668411046407604,1.2916698674226337
1.82560142561514,1.3511481878813811
1.6453003879109713,1.2826926318923686
1.1769770608905252,1.0848857363291884
1.055469022402475,1.0273602203718397
1.1415262040358818,1.0684222966766848
1.7727165420915922,1.3314340171753132
1.8641240817854703,1.365329294267676
3.1299133967345676,1.769156125596203
2.3093884154229665,1.519667205483808
1.6947527016868054,1.3018266788197288
1.2318087621329457,1.1098688040182703
3.311541291637445,1.819764075817919
1.190195450429663,1.0909607923429985
1.6201203828026602,1.2728394960884346
1.0344259177168398,1.017067312284118
2.374587889714519,1.5409697887092138
1.5285347071292115,1.2363392362653591
2.483805786076867,1.576009449869152
3.037152361769243,1.7427427698226847
0.9272463194644232,0.9629363008342884
2.371694737736313,1.540030758698122
1.2841024103965215,1.133182425912316
1.3245506905696354,1.1508912592289662
2.0874736033273287,1.4448091927058495
1.4358964683306894,1.1982889753021553
2.6376636699788514,1.6240885659282414
2.671056378378114,1.634336678404457
1.6819739695653508,1.2969093914246095
1.8473166780513752,1.3591602841649602
1.6470977801677569,1.2833930731337757
1.318393870089258,1.1482133382299902
2.2776722767038193,1.5091959040177054
2.5454519523314976,1.5954472577717815
0.9572945378322816,0.9784142976430187
1.4104441848946259,1.1876212295570612
1.8696861387711778,1.3673646692712145
1.5007792640741011,1.225062963310091
1.73685536440666,1.3178980857436056
2.0069397239433266,1.416665000606469
2.914015444175147,1.707048752723585
1.3443947999511026,1.1594804008482
1.9741550187855317,1.4050462692685717
1.7747889732373638,1.3322120601606051
1.6259936171522835,1.27514454755227
1.8862215874583455,1.3733978256347814
3.08731699368862,1.7570762629119487
3.8543999405897487,1.9632625755587938
1.295367036017979,1.1381419226168497
1.765793299909848,1.3288315543776976
1.3083000528071618,1.1438094477696719
1.4292677665717712,1.1955198729305052
1.6618442992637523,1.289125400907046
1.569741478827951,1.2528932431887208
1.5334464320523078,1.2383240416192798
2.0307458183805585,1.4250423917836825
1.9681432533536636,1.4029052902294095
1.7733752678433,1.3316813687377698
2.3027217731319505,1.5174721655213155
2.5363599417618223,1.5925953477772758
2.138471836257529,1.4623514749394309
1.4360180930591617,1.1983397235588753
1.2757937893623943,1.1295104202097448
1.5444822873496546,1.2427720174471482
1.3125596748581014,1.1456699676862012
2.150488814548167,1.4664545047658883
1.427322147591474,1.1947058832999333
1.9571429390162807,1.3989792489584256
1.8362647912199586,1.3550884809561177
2.2471337306844603,1.4990442724230864
1.7253440763079169,1.313523534736975
1.7266644529962198,1.3140260473050829
2.189863925484529,1.4798188826625132
2.093691124389085,1.4469592683932346
1.8118065056544235,1.34603361980837
1.880467387987586,1.3713013483503858
1.1601440425212048,1.0770998294128566
1.326706186305475,1.1518273248649187
2.0775969880868868,1.4413871749418636
1.6431760433232538,1.2818642842841257
1.4007251188380434,1.1835223355890008
1.9352955435084869,1.3911490011887608
1.699350937573846,1.303591553199792
1.5748725837461486,1.2549392749237505
0.9869058639216518,0.99343135843482
1.4982880704919106,1.224045779573587
1.7482907654577187,1.3222294677769508
1.1670501921026593,1.0803009729249804
1.701521890864768,1.3044239689858386
1.9349045944238972,1.391008481075474
1.6069016344214175,1.2676362389981668
1.5530354830162192,1.2462084428442215
1.2058319268092188,1.0981037869023214
1.0641121946722858,1.0315581392593856
2.2856559414656155,1.5118385963672232
2.3582606966388457,1.5356629502071233
1.9924821501750394,1.4115530986027551
1.3157995767752106,1.147083073179624
1.6535845323458804,1.2859177782214073
0.8671016692473342,0.9311829408055832
1.032435445960337,1.0160883061822614
2.0996964243688137,1.4490329272893745
1.0435382359786392,1.0215371926555779
1.1556167963789248,1.074996184355519
1.6754468774433753,1.2943905428592157
0.9308732657626403,0.9648177370688416
1.0894410252150937,1.043762916190786
1.2223559544093279,1.1056020777880837
1.6574648247160846,1.2874256579376087
1.1508586583422338,1.0727808062890731
0.9464871497015734,0.9728757113329397
1.7614189114091168,1.327184580760761
1.5123448070596515,1.2297742911037177
1.961867705708056,1.4006668789216286
1.3075376451158232,1.1434761235442668
1.3028359165215908,1.1414183792639712
1.0593220250704063,1.0292337077021945
1.7834795987117047,1.3354698044926754
1.817007634413697,1.3479642556142566
1.2113367508138806,1.1006074462831335
1.878092162033273,1.3704350265639276
1.4175933624686317,1.190627297884872
1.215771701662983,1.1026203796697134
1.2470700323842712,1.116722898656722
1.6679038356562137,1.291473513339013
1.53867406138148,1.240433013661552
1.4358318492872326,1.1982620119519907
2.041916483052315,1.4289564314744923
1.4362204525168498,1.1984241538440594
0.8423429034119794,0.917792407580265
3.8867720925759257,1.9714898154887652
1.0748051043696725,1.0367280763872813
0.8711129908540053,0.933334340337912
1.1644444563196028,1.0790942759182827
2.0784570790910983,1.4416854993690886
2.0739443518753613,1.440119561659851
1.9920046517381218,1.4113839490861875
1.5158873305238123,1.2312137631312494
1.5545010284893936,1.2467963059334888
1.4885308147046026,1.2200536114059097
1.725332096749434,1.3135189746438511
1.929488738233621,1.3890603796212824
1.5594101744077955,1.2487634581488183
1.4480551833569777,1.2033516457615279
1.8600844518666142,1.36384913090364
2.0324525717429323,1.4256411090253158
1.4129243695697222,1.1886649526126873
1.2557058380991715,1.120582811798919
2.379273661427478,1.5424894364070951
2.44119892005466,1.5624336530088758
1.8622971268476278,1.3646600773993602
0.9740784591791692,0.9869541322570007
1.5070113594595516,1.227603909842076
1.6086067837513984,1.2683086311112917
1.695452617113208,1.3020954715815611
2.004874365656177,1.4159358621265925
1.178067103902941,1.085387996940698
1.4178881091500215,1.190751069346579
1.499508054298045,1.2245440189303303
1.6503197950794044,1.2846477319013974
1.759789909997546,1.326570733130181
1.957633305302016,1.3991544965807086
1.914977321703609,1.3838270562839885
2.143810479395865,1.4641756996330273
1.97405105246466,1.4050092713091469
1.0851177129571772,1.0416898352951214
1.3230419669520836,1.1502356136688185
1.9332333353071771,1.3904076148048015
1.140264897259543,1.0678318675051532
1.1729064603529484,1.0830080610747772
1.51609994486404,1.2313001034938802
1.3014881779292906,1.1408278476305225
1.7852168673353779,1.3361200796842243
1.3541739041339091,1.163689780024689
1.964979752083805,1.4017773546764853
1.8095127835186247,1.3451813199411538
1.7451152579075055,1.3210281064033065
1.2733520630992863,1.1284290243959902
1.5367919745762488,1.2396741404805736
1.822418520630547,1.3499698221184602
1.2847610433593095,1.1334730007191656
1.3060433381708032,1.142822531354192
1.118510335440899,1.0575964898962642
1.6278803765549579,1.2758841548334072
1.0288720515442558,1.0143333039707687
1.2740704224323562,1.1287472801439462
1.0696833986288652,1.034254996907854
1.2196642877000787,1.104384121445106
2.3038286131129784,1.5178368203179742
2.6157689756016693,1.6173339097421007
1.5143605422322148,1.2305935731313629
2.2315853517145414,1.4938491730139765
2.220723595666976,1.490209245598408
3.0079604294076203,1.7343472632110388
2.1019543039618656,1.4498118167410092
1.723765623144591,1.3129225503222157
1.2491032567982916,1.117632881047391
1.2427269673139638,1.114776644585795
1.0153551873144264,1.0076483450660882
1.0195652918353175,1.0097352582906658
1.0316965136311647,1.015724624901437
2.5150848977958873,1.5859019193493296
1.6203691232522932,1.2729372031849384
2.2030840152267377,1.484278954653315
0.951180420374892,0.9752847893691832
2.1107700462083967,1.4528489412903176
1.6856942455663522,1.2983428844362925
1.3717555498198093,1.1712196846961758
1.7040814389279626,1.3054047031200564
1.7374200935719244,1.3181123220620936
1.922530045507298,1.386553297030914
1.5487239396233003,1.2444773760994212
1.0502474563586333,1.0248158158218643
1.485734935932495,1.2189072712608187
1.7104738038310296,1.307850833937506
1.453126803825464,1.205457093315836
0.8085815632021307,0.899211634267557
2.0498131496164453,1.431716853856392
2.1277285217170445,1.4586735487137088
2.095957465424831,1.4477421957741063
1.5273771501533397,1.2358710087033111
1.7486814078135295,1.322377180615852
0.7965377328656156,0.8924896261949579
1.3274302948907144,1.1521416123422998
2.1565457472298477,1.468518214810374
1.2525174587681644,1.119159264255166
1.051399170283246,1.025377574497924
1.3632811374143907,1.1675963075542808
1.4776744142017946,1.2155963204130698
1.6192794546807914,1.2725091177201016
2.4795851030003146,1.5746698393632599
1.7543855966281834,1.3245322180408385
2.1831789648252093,1.4775584471773728
1.5345891991523983,1.2387853725130913
1.348040451020048,1.1610514420214326
2.0090145079594337,1.4173970890189642
2.07494777942103,1.4404679029471743
1.194209434389796,1.092798899335919
1.6970847507195395,1.3027220542846196
1.510438158568223,1.2289988440060564
1.4397854217710164,1.1999105890736261
1.5755659060707556,1.2552154819276073
1.6600021121105808,1.2884106923301206
2.1049438145948836,1.4508424499561914
1.9470245614609993,1.3953582197632977
2.202428991180146,1.4840582842934928
1.7035812770887926,1.3052131155825828
1.8121440983917998,1.3461590167553756
1.7710672318804959,1.3308144994252564
0.9633396621849586,0.981498681703118
1.31171173976496,1.1452998470989857
1.4135759094151477,1.188938984731827
1.664081878030967,1.289992975961872
1.7885908306838596,1.3373820810388704
1.6652654115831902,1.2904516308576583
1.6786604365693407,1.295631288819987
1.411011896545583,1.1878602175953124
1.6739066489411178,1.293795443237113
1.6056218448087811,1.267131344734547
1.219280786824539,1.1042104812147633
1.3024577792915069,1.1412527236732042
1.3905930078097668,1.1792340767675291
1.2869558647356492,1.1344407718059366
2.296031789334505,1.5152662437124722
2.5197163336501283,1.587361437622235
0.9264499252808374,0.9625226881901732
1.428585436713452,1.1952344693462669
1.2131048658639134,1.1014103984727552
1.509386998512267,1.2285711206569472
1.644624011165096,1.2824289497532002
1.0349270353202962,1.0173136366530708
1.3981693421779102,1.18244210944042
1.6948504457096458,1.3018642193829761
1.766757063496586,1.3291941406343115
1.4185542466142098,1.1910307496509944
2.2413800888497564,1.497123939041039
1.2015420438809115,1.096148732554534
0.9327518300264136,0.9657907796341885
1.399148064849099,1.1828558935259608
1.0087652569740817,1.0043730666311605
1.7321600314896248,1.3161155084146774
1.0066218476069746,1.0033054607680427
1.4309001948704776,1.196202405477634
1.521766564044701,1.233599028876361
1.421179062665264,1.1921321498329218
2.233753574501409,1.4945747135895915
1.6118438643701736,1.2695841304813846
1.2907200359144582,1.136098603077417
1.3639238176320012,1.1678714902042953
1.546503570952604,1.2435849673233446
1.5091663039373882,1.2284812997914898
1.2841467320442037,1.1332019820156527
1.0302972896835259,1.0150356100568718
2.1316217165049003,1.4600074371402703
2.1499880149749995,1.466283742996218
2.783226747947794,1.6683005568385434
3.845928596825541,1.9611039230049847
0.9503113471535048,0.9748391391165544
1.2302737154111607,1.1091770442139346
1.4351554387876322,1.1979797322107049
1.8304169688107876,1.3529290331760893
2.3166119026949406,1.522042017388134
1.4057729033432593,1.185652943885039
1.5814005106004398,1.2575374788054787
2.209138896084141,1.4863172259259263
1.105537488364636,1.0514454281438652
1.0952218534929914,1.046528477153389
1.7090644623148106,1.3073119223486072
1.1592460939091414,1.0766829124255393
1.7665418081859348,1.329113166056952
1.198818427900169,1.094905670777245
2.5330199639211077,1.5915464064616864
1.5902799285227331,1.2610630152862041
1.5963179679274573,1.263454774785175
1.9829481146118348,1.4081719052061203
1.6382501826632738,1.27994147626494
1.8154908579669964,1.3474015206934407
0.9187909726642639,0.9585358483980992
1.1405865769736974,1.0679824797128918
0.9262424376011884,0.9624148988877865
1.407393475139427,1.186336156044916
1.4246386942310614,1.1935822947040817
1.6518411149118872,1.2852397110702296
2.3539559635696845,1.5342607221622029
1.9825960709848793,1.4080468994266062
2.7608194142397395,1.661571368987724
1.6232828284889078,1.2740811702905384
1.6659726912221144,1.2907256452174933
1.9112008909884632,1.3824618949498981
1.130152245295921,1.0630861890251049
1.6781335892721803,1.2954279560331328
1.0837688545602573,1.0410421963399261
1.6041519640820372,1.2665512086299697
1.637671843125702,1.279715532110829
1.4983026801216648,1.2240517473218462
1.2681825278252645,1.1261361053732646
1.3003495286675357,1.1403286932580166
1.8759055272428802,1.3696370056488982
1.1669451888758573,1.0802523727702973
2.0544029230866108,1.4333188490655562
1.7949858846533606,1.3397708328864906
1.0896453701568858,1.0438608001821343
1.7043255239931578,1.3054981899616551
2.1390051870303974,1.4625338242346388
1.214036885452574,1.1018334200107447
2.0012854243794855,1.4146679555215371
1.7710611939498864,1.3308122309138455
1.1827446637418317,1.0875406492365385
2.3233985217429725,1.5242698323272597
1.9401672789919673,1.3928988760825272
1.7069953632728723,1.3065203263910103
1.5276903680413272,1.2359977216974662
1.4728554390369424,1.2136125572178884
1.2824060142179234,1.1324336687938608
1.6756025861103163,1.2944506889450507
1.418175653655892,1.1908718040393316
1.8440702606787602,1.3579654858201515
0.9354508095798894,0.9671870602835262
2.105841197509687,1.4511516797046706
0.8189520151454451,0.9049596759775792
1.291503712174057,1.1364434487355968
1.720116936951081,1.311532285897332
1.4497959019303197,1.204074707786157
1.783001018162646,1.3352906118754246
1.5219811893301223,1.2336860173196915
2.5269896171557753,1.5896507846554775
1.3769108896395024,1.1734184631407085
1.3016143557049276,1.1408831472613343
1.5356797397530155,1.2392254596129857
1.0655830562189634,1.0322708250352537
0.9703336326877021,0.985055141952826
1.2171131691153907,1.103228520804004
1.6328299432218885,1.2778223441550427
1.4555050097158015,1.2064431232825696
1.6741714741909657,1.2938977835172938
1.1385351717574295,1.0670216360306053
2.858533521319321,1.6907198234241299
1.2618205557471618,1.1233078632980193
1.50375104815092,1.2262752742149374
1.623432151588785,1.2741397692517038
1.2353351381604232,1.1114563141034484
1.6368988992669262,1.2794134981572323
1.0386266307954977,1.0191303306228785
1.7538702547233487,1.3243376664292792
1.19701636394396,1.0940824301413308
1.4669500122017598,1.2111771184272595
1.4924252901155315,1.2216485951842009
2.1679979165223844,1.4724122780398106
1.5320794339807768,1.237771963643052
1.0762514545937487,1.0374253971220044
0.9245080588594313,0.9615134210500815
1.1788721644542481,1.0857587966276157
2.5537172834349,1.5980354449870315
1.5037356319768236,1.226268988426611
1.5768342558374366,1.2557206121735187
1.9825215195235284,1.4080204258190037
2.0259919396698587,1.423373436477532
1.5217094124356476,1.2335758640779446
1.1156124944616248,1.0562255888121745
2.294645910670327,1.5148088693529382
2.4850982875605463,1.5764194516563623
2.8074683062202066,1.6755501503148769
1.382072669593383,1.17561586821265
1.131081622559169,1.063523212045308
1.3611311642626966,1.1666752608428348
1.5334585558729972,1.2383289368633026
1.059311027284745,1.0292283649825946
2.1055925095079413,1.45106599074885
2.341771353483096,1.5302847295464646
1.714669408906065,1.3094538590214109
1.4139921306835657,1.1891140108011367
1.8611345419162708,1.3642340495370546
1.1890489171457894,1.0904351962156162
0.9590704610771967,0.9793214288869598
1.5665771516111044,1.251629798147641
1.6952846955681264,1.3020309887126829
1.3044398665369252,1.142120775810039
1.2671028897265935,1.125656648239859
2.273465370944735,1.5078015025011533
1.1168181640346133,1.056796179040506
1.3844859754039605,1.1766418212030203
1.7485371824571148,1.3223226468820364
1.3841485163004907,1.176498413216308
1.7137966508332103,1.3091205639028096
2.263665295566294,1.5045482031381694
2.7792541400434967,1.6671095165115868
1.346044424444777,1.1601915464460069
1.5283232018404669,1.2362536963910227
2.511454306134158,1.5847568602577993
1.5607553701642367,1.2493019531579372
1.7382074088113908,1.3184109407963023
1.2647018618643426,1.1245896415423462
1.7656889846189483,1.3287923030402262
1.6373383237275454,1.279585215500533
2.2060780509160867,1.4852871947593458
1.1959773439091625,1.0936074907887028
1.1356384858826267,1.065663401774982
1.4316211449598264,1.1965037170689552
1.6330036609733722,1.2778903164878324
1.1637303906089669,1.0787633617290526
1.2640325211624834,1.1242920088493396
0.9825025681579953,0.9912126755434453
1.1755292768911019,1.0842182791721886
1.310668838663605,1.1448444604677113
1.1408914251637305,1.0681251917091603
2.3611801964536743,1.5366132227901965
2.3356314057655556,1.5282772673064124
1.297978789853875,1.1392887210246028
1.6074741020429948,1.2678620201122024
1.6435851398072427,1.2820238452568824
1.5330244012460408,1.2381536258663708
1.199875130481986,1.0953881186510952
3.279717053474714,1.8109989104013051
2.0427519370422753,1.4292487316916798
1.9218323406459175,1.386301677358113
1.2342425660655043,1.1109647006388206
2.423824239957857,1.5568635906712756
2.564139316899166,1.6012930140668091
1.9810974350490116,1.407514630491993
0.7599681444583786,0.8717615181105315
0.6861497093440746,0.8283415414815767
2.0454622974321115,1.4301965939800414
1.026757153026195,1.0132902609944472
2.6586859432725034,1.6305477433281441
1.0458678766532004,1.0226768192607087
2.6376316970824587,1.6240787225631825
2.2201912083407005,1.49003060651139
1.1704630123593545,1.0818793890075522
1.9725833777381512,1.404486873465947
1.228714647815842,1.1084740176548307
1.4120841310157106,1.1883114621241817
1.553412390054107,1.246359655177472
1.8286567468265142,1.3522783540479062
2.2073795836519845,1.4857252719301723
2.54401170586855,1.5949958325552296
2.4449021508784736,1.5636182880992642
1.0482091073746667,1.0238208375368547
2.4519174590122956,1.56585997426727
1.5245423702133531,1.2347236007355464
1.4684570171069324,1.2117990828132081
1.5046166525028588,1.2266281639122993
1.5274540179859757,1.2359021069591134
1.583593869732452,1.2584092616205795
1.60965507837211,1.2687218286023576
1.5239965799962676,1.2345025637868345
1.8288564395111337,1.3523521876756563
1.5025403576655385,1.2257815293377277
1.6910254577522765,1.3003943470164259
2.366763644546371,1.5384289533632585
1.5130442658381495,1.2300586432516742
1.1911573199102568,1.0914015392651124
1.1440262555809428,1.0695916302874395
1.2242943426378552,1.1064783516354286
1.8084149329831238,1.3447731901637257
1.9858906561635912,1.4092163269575013
2.1125938949452974,1.4534764858590927
2.104421095997011,1.4506622956418944
1.7573975029270372,1.325668700289419
2.1007205180105983,1.449386255630499
2.912307045162506,1.7065482838649793
1.6447338124675883,1.2824717589356844
1.4391038441058581,1.199626543598406
1.2919359281019906,1.1366335944806447
1.7421573353084825,1.3199080783556416
1.1773489706595077,1.0850571278322205
1.8634240602931564,1.3650729139108857
1.108272985451118,1.0527454514036705
2.080999783523786,1.4425670811174731
1.4674690743452226,1.2113913795075573
3.127254922030011,1.7684046262182225
1.4910304139713793,1.2210775626353059
2.2817313632231344,1.5105400899092796
2.618032569590397,1.6180335502054328
2.0796201943076675,1.4420888302416282
1.9742380882906703,1.405075830085576
0.9874331115465057,0.9936966899142342
0.7785655237274267,0.8823636006360568
1.0143536002213667,1.0071512300649623
0.8543858012182911,0.9243299201141826
2.485686965208529,1.5766061541198324
2.670514619288265,1.6341709271946632
2.8662567582374607,1.6930022912676346
0.9953018530481437,0.9976481609506147
1.2385177233749398,1.1128871116941466
1.321392094082118,1.1495182008485634
1.165298494686289,1.0794899233833954
1.6968187093871663,1.3026199404995942
1.6861487072087702,1.2985178886749194
1.440440599987677,1.2001835692874974
2.2338040008870608,1.4945915833053058
1.5080934796494598,1.2280445755954708
1.4734068325747496,1.2138397062935244
1.7782817163915572,1.3335222969232863
1.7470257233989148,1.3217510065813889
1.4867586042440892,1.2193271112560768
2.700257950925473,1.6432461626078647
1.5115103368805038,1.229434966511244
1.3207139435632147,1.1492231913615452
1.9630697117560094,1.4010958967022955
1.4083818005111373,1.186752628188005
1.5273816287711575,1.2358728206296785
1.9628290560845265,1.4010100128423517
1.4651884528519563,1.2104496903432032
1.900707645962133,1.3786615414822208
2.897962172252646,1.7023402046161766
2.2425442769798734,1.497512696767501
1.5203770857676782,1.2330357195830453
1.526319442642675,1.2354430147289979
1.6383219046540212,1.2799694936419466
2.114101664179812,1.453995070204783
2.1365177701468894,1.4616831976002493
2.0131137313466034,1.4188423912988375
2.0871689913350564,1.4447037728666234
1.7039326110833952,1.3053476973907738
1.40799358583468,1.1865890551638676
0.8637702404068255,0.9293924038891352
1.6508167987173767,1.2848411569985516
1.119306197057766,1.0579726825668827
2.031893707107998,1.4254450908779328
1.5155513931465021,1.2310773302869735
1.504582946662909,1.2266144246106472
1.452502702078532,1.2051982003299424
2.73280936318513,1.6531210975561137
2.0448118480283437,1.4299691773001066
1.3539061993564927,1.1635747502229896
1.1603551687156346,1.0771978317447704
2.360002386647154,1.53622992636101
2.6394966829457025,1.624652788427639
2.436541174373138,1.560942399441164
1.6877832812651676,1.2991471361109055
1.522089901535537,1.2337300764492762
1.5477672938396823,1.2440929602886122
1.4557958859022855,1.2065636683997598
1.504310585180343,1.2265033979489592
1.1670624164621242,1.0803066307591211
1.4253312945946561,1.1938723946028136
1.8048583128530165,1.3434501527235823
1.9434595440486644,1.394080178486397
2.204525941356348,1.4847646080629575
2.489100599780772,1.577688372201802
2.74062954245941,1.655484685057343
1.7915082784298424,1.3384723674509842
1.7525589787705833,1.3238425052741671
1.9435276944786304,1.3941046210663783
1.622435782634885,1.2737487125154965
1.3326765024002054,1.1544160872060842
1.4531226604105967,1.20545537470725
1.1789023698288197,1.0857727063381266
1.560433999574688,1.249173326474228
2.0058109428269986,1.416266550768957
1.602026175861995,1.2657117269986855
1.4366755157228865,1.1986139978003287
2.1270956979970475,1.4584566150547802
1.2804181986374794,1.1315556542377752
1.6345888987674195,1.2785104218454457
0.9918008028958212,0.9958919634658275
2.527372770761489,1.5897712951118124
2.6059921470821283,1.6143085662543355
0.9054054909452092,0.9515279769640035
0.8779468096911174,0.9369881587784967
0.8561810486565113,0.9253005180245558
1.6287882397566131,1.276239883312151
1.5265392134304123,1.2355319556492306
1.581799052007865,1.2576959298685295
2.2384860097826356,1.4961570805843334
1.2160829537897684,1.1027615126534696
1.0270720698511793,1.013445642277463
1.1414225720327213,1.0683737978969352
1.1639532676026143,1.0788666588613323
2.3032641183484124,1.5176508552194778
1.4402012911380857,1.200083868376742
1.8946843668699644,1.3764753419040838
1.599451474945793,1.2646942219152395
1.4426835084790088,1.2011176080963133
1.1390513024384232,1.0672634643978136
1.7799610893226043,1.3341518239400658
1.547301138853368,1.2439055988512022
1.7433442206378194,1.3203576108910113
2.0035286132420396,1.4154605657672132
1.2916047064460616,1.1364878822257902
1.4635403607916069,1.2097687220256634
1.5854937829200413,1.2591639221801272
2.2120744054346217,1.487304409135743
1.6036172302852865,1.2663400926628228
1.4756578859920202,1.214766597331364
1.2576723357247344,1.121459912669523
2.3950833217547705,1.5476056738571264
1.9343065341425885,1.390793490832693
1.9364738388524017,1.3915724339222884
1.0300176429058217,1.0148978485078297
1.9840826099707103,1.4085746731965296
1.4073697334468234,1.1863261496935922
3.18033382184593,1.7833490465542436
1.265832027977831,1.1250920086721046
1.7551354790061788,1.3248152622181626
1.4332916756829135,1.197201601938
1.6713793492400764,1.2928183744208142
2.0688159997402136,1.438337929604936
1.8642209109208128,1.3653647538005413
1.4524056105534795,1.2051579193423074
2.240095145941228,1.4966947404000683
1.4816476943428374,1.2172295158854953
1.39904876668297,1.1828139188743807
2.063498347693449,1.4364881996359904
1.8793832199723712,1.370905985096123
1.8895411295779787,1.374605808796827
1.2008053235536953,1.0958126315906818
2.1708126290819694,1.4733677847306046
2.2171681752296895,1.489015841161433
1.8780827691107713,1.370431599573934
1.3580962979541624,1.165373887623265
2.2036970068180572,1.4844854350306227
1.753664455096667,1.3242599650735754
1.7169797457305644,1.3103357377903437
1.7042108619638507,1.3054542741757946
1.1721852904327008,1.08267506225677
1.6299015707486004,1.276675985028543
1.3846307271256861,1.1767033301243293
1.8452780906654418,1.358410133452133
1.7087514078580919,1.3071921847448797
1.8161833623520423,1.3476584739287778
2.0079577788264156,1.4170242689616912
1.717144151462865,1.3103984704901273
1.913951470268438,1.3834563492457714
1.7321906837461964,1.3161271533351921
1.4393035304560295,1.1997097692592278
1.563117861672624,1.250247120241684
1.3750762891204877,1.1726364692949336
1.847992026365666,1.359408704682174
1.3032673746935364,1.1416073645056501
1.253870452128375,1.1197635697451382
1.614626532889839,1.2706795555488564
2.0440065619624397,1.4296875749486109
1.4122838117944518,1.188395477858466
1.6365623369116329,1.2792819614579238
1.6956945456734158,1.3021883679688648
2.3272815533695157,1.525543035567832
1.999020693552527,1.4138672828637513
2.18231398155732,1.4772657112237189
1.0336682631277592,1.016694773827307
2.1127469095797733,1.4535291223707123
1.587645882407136,1.260018207172871
1.7848289717449555,1.335974914339695
1.8858225861527274,1.3732525573079146
1.8950889745972523,1.3766223064432932
1.5448689658722803,1.242927578691647
1.2326407663001764,1.110243561701745
1.2143997871624783,1.101998088547561
1.8660439162011675,1.366032179782441
1.966537730157297,1.402332959805658
1.772716980149738,1.3314341816814446
1.194354652645661,1.0928653405821145
2.3001029932475583,1.5166090442983513
2.3501368454995433,1.5330156051063353
1.40313528209599,1.1845401141776457
1.349946223963957,1.1618718621104296
1.426942053130937,1.1945467982171887
1.41977074900997,1.191541333319986
0.8773194121467179,0.9366533041348426
1.2096814061980832,1.0998551751017418
1.6162643507637455,1.2713238575452541
1.877668687044077,1.3702805139985306
1.9236360018268812,1.3869520546244132
1.499922452272881,1.2247132122553757
1.1468609764054878,1.0709159520734985
1.4965098232087026,1.2233191828826615
0.8681468201997069,0.9317439670852218
1.2562898849550512,1.1208433810997196
1.2806208398082501,1.1316451916604648
2.0541419326296286,1.4332278020711253
1.253329057200891,1.1195217984482888
1.3018656996009625,1.140993295160389
1.7985300859165192,1.3410928699819857
1.8690228549726924,1.3671221068261212
1.1381630232480795,1.0668472351972795
1.2165818258177261,1.1029876816255593
1.1610900387486016,1.0775388803883605
1.473589159780832,1.2139148074641943
2.2498514320982244,1.4999504765485507
2.658580440896691,1.6305153911866919
2.017230837846999,1.4202925184084436
1.8038316435351653,1.3430679966163908
1.4481877230805726,1.2034067155706638
1.5714257013140132,1.2535651962758112
1.215209747495446,1.1023655235426433
1.92879289773556,1.3888098853822866
1.317487985576697,1.1478187947479763
1.612485783841267,1.2698369123006572
1.9223457263093426,1.3864868287543675
1.5138689361520956,1.2303938134402723
1.5360670428947227,1.239381717992775
2.0114589431404095,1.4182591241167495
1.4209165749082544,1.1920220530293282
1.9239076360110663,1.3870499760322503
1.4977953838856364,1.2238445096848032
1.055215828645486,1.0272369875766185
1.2491653802604221,1.1176606731295604
1.6551285369808832,1.2865179893732086
1.1912084876105646,1.0914249802943694
1.7573384820788616,1.3256464393188938
1.2012014869747922,1.095993379074341
1.0760931658089716,1.0373491050793708
1.0869226323363657,1.04255581737208
1.3495589167784365,1.1617051763586304
1.1902749873296277,1.0909972444188976
1.5709192795576354,1.253363187411229
1.5899445796540341,1.2609300455037282
1.7768977501505288,1.3330032821229394
1.872684257960703,1.3684605430777692
2.032379553029041,1.4256154997154882
1.9455424334854607,1.3948270263675926
1.6423906867573923,1.281557913930304
2.123019014802233,1.457058342964424
1.5375519935283604,1.2399806424006627
1.6473567226442778,1.2834939511521968
1.7509893043311175,1.323249524591306
1.29495134438151,1.1379592894218624
1.3320303196118777,1.1541361789719087
1.0621970853906768,1.0306294607620514
1.1448086872578447,1.0699573296434979
1.2280299222027704,1.1081651150450327
1.3329550305048363,1.154536716828372
1.6958587830961833,1.3022514285252995
2.220219933548543,1.4900402456137025
1.3250246228291325,1.1510971387459585
2.114805629445068,1.4542371297161505
2.713973775686084,1.64741426960133
1.1151229707846735,1.0559938308459351
1.4438856252201913,1.20161791981486
1.6408937835435822,1.280973763799861
1.685289540749775,1.298187020713801
1.8703944781295303,1.3676236610009094
1.3420991045082546,1.1584900105345124
1.3943665506728502,1.180832990169588
2.0248928205790926,1.4229872875676342
1.921762713447791,1.3862765645598252
1.10245413240114,1.0499781580590808
1.2992598755071925,1.1398508128291143
1.3944379984968196,1.180863242927317
1.238720565718991,1.1129782413502032
1.2643243767753602,1.1244217966472192
1.3347180278344057,1.1552999730954752
1.3593608666423223,1.1659163206003775
1.3260572148406553,1.1515455765364457
1.1457169790125101,1.0703816978127523
1.738350958213867,1.318465379983057
1.7265488898169634,1.313982073628466
1.534635214187466,1.2388039450161055
2.127422601794806,1.4585686825771373
1.2662945109141086,1.1252975210645888
1.1604423193479696,1.0772382834582002
2.3168055871271718,1.5221056425646584
2.3326936310555766,1.527315825576222
1.7447777028887856,1.3209003379849615
1.2554462581834347,1.1204669821924405
1.4292910458347605,1.195529608932694
1.3957440420028928,1.1814161172097208
1.2971134888812945,1.1389089028018415
1.443797434463071,1.2015812225825897
1.4623184397133444,1.2092635939750045
1.5756247106189911,1.255238905794029
1.899729993448797,1.3783069300590478
0.9051854200476148,0.9514123291442123
1.3446550004522528,1.15959260106826
1.3938213345195545,1.180602106774147
1.0530913984196684,1.026202415910072
2.6983842267807785,1.64267593480296
1.2491866976714983,1.1176702097092408
1.625852578462906,1.2750892433327583
2.3937748782519566,1.5471828845524231
1.2904764441408003,1.1359913926349972
1.251084041030693,1.1185186815742922
1.331447737485026,1.153883762553675
1.2677278515023438,1.125934212777258
1.2535038264273564,1.119599851030428
1.261999727034092,1.1233876121063877
2.0697143633254442,1.4386501879628155
1.881081467932041,1.3715252341579578
1.0869219177719465,1.0425554746736245
1.942923426442951,1.3938878815898181
1.220235821780402,1.1046428480646593
1.3166114641889426,1.1474369107663143
1.0100438445335176,1.0050093753460798
2.4662662894972462,1.570435063763302
2.7414881472503114,1.6557439860226917
1.5449051269074598,1.2429421253250128
1.5778899111857458,1.2561408803099061
1.548750512989556,1.2444880525700341
1.565043035724697,1.2510168007363838
1.6485394328341378,1.2839546069990706
2.2475880064316662,1.4991957865574683
3.057719900744125,1.7486337240097267
3.26242135476362,1.8062174162496663
0.9833163159381932,0.9916230715035795
2.440006446701511,1.5620519987188362
1.1977864013784523,1.094434283718512
1.2079695527485128,1.0990766819237467
2.6594200293212724,1.6307728319178219
1.2418014885159023,1.114361471209366
1.2150997860645154,1.1023156472011615
1.5816245820656085,1.2576265670164608
1.3784983870538063,1.1740947095757677
1.7169675782095004,1.3103310948800309
2.103122929374993,1.45021478732462
1.8476562779473458,1.3592852084633842
1.9513770593989415,1.3969169837176945
1.5664915557121535,1.2515956039041338
1.202329734376879,1.0965079727830889
1.5301469971021293,1.2369911063148875
1.3522706772941766,1.1628717372497177
1.1467264426879011,1.0708531377774924
1.2872136056524555,1.1345543643441929
1.4373450798745748,1.1988932729290689
1.272293744816446,1.1279599925602175
1.5079349918672276,1.2279800453864174
2.2025323990733687,1.4840931234506036
2.0005491476975563,1.4144077020779957
1.4752431248548277,1.2145958689435872
1.2885280514875153,1.135133495007312
1.5444978970034715,1.2427782976072086
1.2820057692986935,1.1322569360788626
1.5955043750216111,1.2631327622311168
1.4275769308420665,1.1948125086565116
2.3082785755014763,1.519302002730687
3.935560404684506,1.983824691015944
1.287644312454214,1.134744161674434
1.075624443601121,1.0371231573931425
1.4380854095477342,1.1992019886356653
1.7068295534510087,1.3064568701074708
1.960606393011943,1.4002165521846766
1.3215190651009676,1.1495734274507947
1.567243760272301,1.251896066082285
1.2424906464722858,1.1146706448419128
2.0186868355244103,1.4208049956008777
1.624596299142058,1.2745965240585186
1.3921623829776317,1.1798993105251108
1.6715870159461046,1.2928986874253159
0.9609532840439211,0.9802822471328965
1.327872025105249,1.1523332960151975
1.1546883599219904,1.0745642651428486
1.815308566275354,1.3473338733496438
1.30423407433442,1.142030680119593
1.002380479925942,1.0011895324692233
1.1342887371355554,1.0650299231174472
1.4689862942631275,1.212017448002762
1.1583342437793664,1.0762593756987051
1.9641524257886747,1.4014822245710699
1.3951296265540096,1.1811560551231195
1.2437295029812314,1.1152262115737916
1.2757858100572004,1.12950688800786
3.036430388383413,1.742535620405911
3.274339163860024,1.8095135157992117
3.430524905213797,1.852167623411498
2.0752110404484374,1.4405592804353584
1.4526263962767925,1.2052495161902337
1.535496209551735,1.2391514070329481
1.3930969589122426,1.1802952846267931
1.4553801796636305,1.2063913874293162
1.1466059241169795,1.0707968640769263
0.9947962075886485,0.997394710026401
2.7186530715120445,1.6488338520033012
1.2118189633301368,1.1008264910194234
1.0139009661326681,1.0069264949005305
2.2343878620492026,1.4947868951958345
2.103900285698841,1.450482776767391
1.528037292176885,1.2361380554682737
1.7076248626789903,1.3067612110401006
2.0258075245394878,1.4233086539958533
1.6950009937467818,1.30192203827525
1.8479127078020208,1.3593795304483662
2.2467936525322303,1.4989308364738616
1.842596710982365,1.3574228195305857
1.609322633061812,1.2685908059976676
1.8343031438979145,1.3543644797091787
1.5541394700709021,1.2466513025184316
1.118656740959093,1.0576657037831438
1.3336829050370678,1.154851897447057
1.6646691833484402,1.2902205948396732
1.5486140729097004,1.2444332336086579
1.6445054540023334,1.2823827252432611
1.852776808836632,1.3611674433502412
2.514877769912761,1.5858366151381298
1.5497776835753279,1.2449006721724138
1.656752016207073,1.2871487933440613
2.3276515871245547,1.5256643101038165
1.8209556842726604,1.3494279099946986
1.3121187494861086,1.1454775202884204
1.1480574594629376,1.0714744324821464
1.391542713436375,1.1796366870508797
1.6457582976296978,1.2828711149720762
1.9281794481876193,1.3885890134188803
1.5725346271791845,1.2540074270829438
1.4329425190380092,1.1970557710641594
1.570324984808262,1.2531260849604329
1.7038128160531427,1.3053018103309069
1.3670013220267574,1.1691883176061748
2.0001040367308693,1.4142503444337107
2.355059134812412,1.5346201923643557
0.8297548370788633,0.9109087973440938
1.8722145089493638,1.3682888982043828
1.9526917208037045,1.397387462661557
1.3749087113007727,1.1725650136776096
1.8220008866838817,1.3498151305582116
1.3656855870403601,1.1686255118900837
1.7299794143227059,1.3152868182729978
0.859554040527221,0.9271213731368838
1.0459413929637926,1.0227127617096565
2.1340258680356827,1.460830540492525
2.4071709734517577,1.551506033972075
1.8995236012387975,1.3782320563819423
1.3148196483273025,1.1466558543553085
1.6228298199880136,1.27390337937695
1.5418164215607708,1.241699006023912
2.2588471745710246,1.5029461648944797
3.1236941417393793,1.767397561880003
1.6077494697675725,1.2679706107665005
1.4204943877748408,1.1918449512310068
1.5513742628160672,1.2455417547461294
1.8456863091302589,1.3585603811131322
1.7734408894018034,1.3317060071208673
1.0701919540513822,1.03450082361078
1.9891623373236536,1.4103766650521603
1.8894281081809587,1.374564697706499
2.378601621101708,1.5422715782577685
3.195051446692899,1.7874706841492252
1.2162171536229767,1.10282235814431
2.547340483444059,1.596038998096243
1.2352022469571522,1.111396530027493
1.3078074186695618,1.1435940795009223
1.5405041550842264,1.2411704778491255
1.080654490536649,1.0395453287551482
1.348760633641652,1.1613615430354374
1.0950491901834323,1.0464459805376636
1.83487503703029,1.3545755929553323
1.9626849574667125,1.4009585852075401
1.2887816987098988,1.1352452152332106
0.9409908677416391,0.9700468379112624
1.4103119060159255,1.1875655375666327
1.087795641939817,1.0429744205587292
1.0079313207056024,1.003957828150965
1.3280945021616968,1.152429825265598
1.1823427667766728,1.0873558602300688
1.7879442322189816,1.3371403188218436
1.2549218930878416,1.120232963757022
1.2091684926464534,1.0996219771569016
1.2347557269045755,1.1111956294481073
1.2303990135309044,1.109233525246557
1.451071350740031,1.204604229919533
1.4158214301922354,1.1898829481054998
1.4801972318923677,1.2166335651675766
1.1979707132475885,1.0945184846532234
2.3332759087184756,1.5275064349188436
1.5048726175052645,1.2267324963109376
1.3818938081740029,1.1755397943812889
1.1307002231154824,1.0633438875149857
1.1140982137065685,1.055508509537734
1.307315987116576,1.1433791965557953
2.119479822724412,1.4558433372875021
1.7809254971257518,1.334513206051462
1.4660459644292467,1.210803850518013
1.3510599449350837,1.1623510420415528
1.902692754609378,1.3793812941349386
1.9889170949760846,1.4102897202263387
1.4794427024122188,1.2163234365958007
1.8182941565681694,1.3484413804716056
1.9886895181133075,1.4102090334816706
1.0184505393045709,1.0091831049440785
2.7671772896189806,1.6634834804166168
1.4259554529404712,1.194133766770068
1.5675327960814107,1.252011499979697
1.0037388398107971,1.0018676757989535
1.1074088182681214,1.052334936352548
2.4774440696147346,1.5739898568970305
3.1103603751308064,1.7636213808895622
1.6057904666389045,1.2671978798273396
1.9274102209713582,1.3883120041875883
1.8888889053695601,1.3743685478682783
1.405878651358396,1.185697537889995
3.0358561230039074,1.7423708339512307
3.803471893158419,1.950249187452316
1.7601967456696763,1.3267240653842367
2.2118921817024555,1.4872431481443966
2.3087573345462453,1.5194595534420274
2.051116734583557,1.4321720338644925
1.663817703784968,1.2898905782216443
1.477575562961232,1.2155556601658486
2.8438796191262976,1.6863806270015964
2.9523609334682512,1.718243560578142
1.6553430645748102,1.2866013619512495
2.7773564371534594,1.6665402596857537
0.9085846161638395,0.9531970500184311
1.400902860128749,1.1835974231675013
0.9795843974558087,0.9897395604176933
1.4239187748726159,1.1932806773230746
1.3465362959866487,1.1604035056766455
0.9999944762707071,0.9999972381315396
1.535466690988599,1.2391394961781337
1.944070355813889,1.3942992346744973
1.9583200268491403,1.3993998809665307
2.1814173582686336,1.47696220610706
2.216359979017056,1.4887444303899364
1.0517573980729444,1.025552240538211
0.9904737732299518,0.9952254886355915
1.1019604495485915,1.049743039771444
1.7927738587460427,1.338945054416365
1.348800382863047,1.1613786561079238
1.3123916038902528,1.1455966148214007
2.1114949277353725,1.4530983888695812
1.4765510371184931,1.215134164246275
1.4245036948045129,1.1935257411570614
0.9609491690623378,0.9802801482547414
1.5379575746685914,1.2401441749524897
0.8496219224865934,0.9217493816035861
0.9843478387142509,0.992143053553393
2.2627229095073615,1.504234991451589
1.3737949031204133,1.1720899722804616
2.837667568468111,1.6845377907509558
1.5934723837167917,1.2623281600743887
1.1612506397682651,1.0776133999576403
1.9179061154731867,1.3848848744473985
1.2473056634662596,1.1168283948155417
1.3452888216313441,1.1598658636374053
1.9505080000490853,1.3966058857276398
1.3383619918876655,1.1568759621876779
1.3606008248347976,1.1664479520470674
1.131195292098718,1.0635766507867301
0.9950740916286228,0.9975340052492561
1.3550005210083915,1.1640448964745267
1.4478756652101161,1.2032770525569396
1.3205351478111376,1.1491453988991722
1.1944081687306316,1.092889824607509
1.520485980495856,1.2330798759593216
1.0630624718609263,1.0310492092334518
1.2136348430596082,1.10165096244664
1.3612956052928165,1.1667457329224806
1.6865507595682279,1.2986726914693432
1.4047102937424938,1.1852047476037606
2.071080379048387,1.4391248656903914
1.5212109605568551,1.2333738121740931
1.4424865961017515,1.201035634817615
1.7034602356353743,1.3051667462954204
1.5075774591999573,1.2278344592004076
1.2680952563526222,1.1260973565161327
1.3293611034830384,1.152979229423947
1.052818596156145,1.0260694889509896
1.0058003646995208,1.0028959889736926
1.4268139960033557,1.1944931962984786
1.299494481983834,1.1399537192289142
1.3100772105284757,1.1445860433049477
1.5883348356376525,1.2602915677086999
1.4089949690401258,1.1870109388881493
1.4715735155060778,1.2130842985984436
1.2278893387780325,1.1081016825084387
1.2315931473039643,1.109771664489576
1.6351462291211347,1.2787283640872031
1.6002794011773231,1.2650215022588838
1.8378389000259137,1.3556691705670354
1.4836195178317884,1.2180392103014535
1.7103973391058496,1.3078216006420178
1.6880663839540062,1.2992560886730553
1.8351770016792945,1.354687049350991
1.3576608305690314,1.1651870367323143
1.7052805354439555,1.305863903875115
1.6604453275732467,1.2885826816984802
0.9927726572208602,0.9963797755980699
1.9680477461902763,1.4028712507533527
1.6155962848969332,1.2710610862177054
1.2343821283190828,1.1110275101540388
1.0334198146290727,1.0165725820762002
1.2734221201954616,1.128460065839931
1.9064773769099779,1.3807524676458043
1.3762209697782015,1.1731244476943619
1.267297645971518,1.1257431527535569
1.2957562215103822,1.138312883837472
1.7613602943798534,1.32716249735285
2.922779788837559,1.7096139297623774
1.1653891512525933,1.0795319130311032
1.6443774059249248,1.2823327984282882
1.09394050464388,1.0459161078422494
0.8703742874154397,0.9329385228488744
0.8809798997917769,0.9386052949945344
1.3624756871263726,1.1672513384555927
1.8606751755786057,1.364065678616175
1.7888116189725856,1.3374646234471346
2.731447302141932,1.6527090797057817
1.4842533180141495,1.218299354844346
1.3327797711491758,1.1544608140379542
1.5167169609260274,1.2315506327090362
1.9086474284289312,1.3815380662250791
1.0123327893364158,1.0061474987974754
1.2773237151945982,1.1301874690486522
1.2899936837926802,1.1357788886014215
1.3805953043423076,1.1749873634819685
2.0887708074503717,1.4452580418217267
0.9989558361834208,0.9994777817357526
1.4121219154705784,1.1883273603980422
1.6707273656411734,1.292566193910847
1.2396371136241424,1.1133899198502484
1.1230389925062394,1.059735340783839
2.1344011287247313,1.4609589757158588
1.6695537811086039,1.2921121395252828
1.8829214470278526,1.3721958486410941
1.0940073497586862,1.045948062648756
1.1518384570983682,1.0732373722054074
1.5310955971237414,1.2373744773203226
1.9528719662543894,1.3974519549001996
1.0277216971539826,1.0137660958791148
1.1723431450275885,1.0827479600662329
1.7397612430248788,1.3190000921246665
3.089938549408078,1.757822104027617
1.1780117486707375,1.0853624964364383
1.6071084455814022,1.2677178099172552
1.660408455435606,1.2885683743735161
2.039442575906967,1.4280905349126038
2.3951240132281484,1.547618820390909
1.3353897897440146,1.155590667037431
1.16517911219076,1.0794346261774077
1.9906075542078188,1.4108889234124062
2.2499803925682365,1.499993464175173
1.955569314461885,1.3984167170274693
1.3575987426698009,1.1651603935380745
1.2258598309952358,1.1071855449721315
1.9968913063042142,1.41311404575293
1.3922429320325607,1.179933443899511
1.2351686168540454,1.111381400264574
1.5241609705505277,1.2345691436896225
1.4200938088879933,1.1916768894662653
1.4009856747070388,1.1836324069182285
1.7762797924935523,1.332771470468044
2.3849713054961965,1.5443352309314828
2.0652008383766423,1.4370806652295627
1.439024555785799,1.1995934960584769
1.4736995850621095,1.2139602897385522
1.546152570316687,1.2434438348058536
1.6172040229570317,1.2716933682916773
0.9605787644364132,0.9800912021013214
1.850980938745965,1.3605076033400052
1.395910124562471,1.1814864047302749
1.3996094357466697,1.1830509015873618
1.2961930735260674,1.1385047534051262
2.6573451293879877,1.6301365370385352
1.2607986719224202,1.1228529164242396
1.326596507829586,1.1517797132392922
1.2931752992736747,1.1371786575880127
1.3539864610138719,1.1636092389689383
1.2763317653603896,1.1297485407648862
1.5682550552820709,1.25229990628526
1.4244117749712646,1.193487232848037
1.5424274495647248,1.2419450267885148
1.7301386980689897,1.31534736783444
1.1731054170085962,1.0830999109078516
1.3368138602124706,1.156206668469124
1.482759549505555,1.2176861457311383
0.6721005019495597,0.8198173588974313
1.317635062750288,1.147882861075244
1.4225574020764982,1.192710108147197
1.422857359133137,1.1928358475218361
1.7690404721746786,1.3300528080398457
1.508838512863802,1.2283478794151932
1.7364682343989017,1.3177512035277759
2.2802866901416152,1.510061816662356
1.7316716431124286,1.3159299537256641
1.9155459028594886,1.384032478975652
1.7324380476664536,1.3162211241529493
1.6652515427746026,1.2904462572205797
1.8839431805329454,1.3725680968654872
0.9945305231567882,0.9972615119199117
1.6309866037585765,1.2771008588825616
1.7237020074903806,1.3128983233633824
1.7622910628561959,1.3275131121221349
1.5930223105402819,1.2621498764173302
1.7421041367165084,1.3198879258166234
1.1764289984661886,1.0846331169875778
1.7485460861283684,1.3223260135565542
1.410481624907351,1.1876369920591692
2.1507490847420563,1.4665432433931351
2.3582123965715107,1.535647223997592
1.168511648168518,1.080977172824902
1.034195270642851,1.0169539176594242
1.301375485714804,1.1407784560179965
1.6572014117173204,1.2873233516554108
1.5830076235971,1.2581763086297166
1.7192965370410311,1.311219484693936
0.9888050584210635,0.9943867750634375
1.832684297274047,1.3537667071080035
1.3972334733585667,1.1820463076202077
1.614341177612975,1.270567266071724
1.388097218013277,1.1781753765943663
1.4662647685105077,1.210894202030263
1.4538229644884861,1.2057458125527478
1.0345372965728497,1.0171220657191788
1.212245610876326,1.1010202590671645
1.6321857543213358,1.277570254162696
1.2317044313478747,1.1098218016185637
1.1886469176745689,1.0902508508020385
1.127078388219023,1.0616394812830874
1.3798485652967372,1.174669555788664
1.6925839833167204,1.3009934601360302
1.6752837162083483,1.2943275150472342
1.757664006617087,1.3257692131804415
1.172309506389284,1.0827324260357607
1.1228389217055477,1.0596409399912536
1.6375501233812675,1.2796679738827832
1.196430500087912,1.0938146552720494
1.129726299140165,1.0628858354217376
1.7480765539178842,1.3221484613756067
1.8101308771820408,1.3454110439497815
2.349989293107884,1.5329674794684602
1.2911783918620914,1.136300308836573
1.785100455582025,1.3360765156165364
0.9224215270311767,0.9604277833503031
1.621400592436759,1.2733422919375446
1.2482934110645625,1.11727051830099
1.0682925238108207,1.033582373984203
1.3993550993183976,1.182943404951563
1.2971647266628203,1.1389313968202037
1.3136700093636762,1.146154443940116
1.124720480008069,1.0605283966061771
1.1936908800734878,1.0925616138568515
1.134245082793249,1.065009428499696
1.2529318245489405,1.1193443726346868
1.986701443141632,1.4095039706015844
2.011766081878027,1.4183674001745905
1.480592523465057,1.2167960073344493
2.5488584527847684,1.5965144699578417
1.5547714684110214,1.2469047551481314
1.9988603273037766,1.413810569809045
2.2503507760951935,1.5001169208082394
1.9602633363016218,1.4000940455203792
2.1497105262268064,1.4661891168013785
1.3374983652147343,1.156502643842518
1.1437892558864193,1.069480834744793
1.655013398588799,1.2864732405257402
1.758858996965991,1.3262198147237851
1.7482969826884776,1.3222318188156257
2.3492939190832343,1.5327406561722157
1.5961914427534167,1.2634047026797932
1.711849973591111,1.308376846933295
1.4098367928311855,1.1873654840996455
2.0917539543754646,1.446289720068377
1.1271386584830343,1.0616678663701913
2.1469585357816854,1.465250332121336
2.9945034280347205,1.7304633564553513
2.068792839827001,1.438329878653364
2.0000333874205465,1.4142253665595688
2.2538285147433657,1.5012756291711944
1.2775167248463115,1.1302728541579292
1.0674970374700192,1.0331974823188543
1.6774080897636567,1.295147902659637
1.4865069919851464,1.219223930205254
1.7008382222865437,1.3041618849999197
1.5568734282978216,1.2477473415310576
2.260594989186115,1.5035275152740355
2.7002876243501523,1.6432551914873577
1.0586575379281853,1.0289108503306714
1.556845549280871,1.2477361697413725
1.19735535274906,1.0942373384001571
0.9528735713901281,0.9761524324561857
1.3940660210327518,1.1807057300753443
1.2000259312883341,1.095456950906029
1.393835828602817,1.180608245186699
1.6844857211248365,1.297877390636279
1.4006617299397928,1.183495555521774
1.6639826067985728,1.2899544979566422
1.5780189317759825,1.2561922351996857
1.543254561592454,1.242277972755073
1.8732104872825637,1.3686528001222822
2.083022895756518,1.4432681302365538
1.4093742339613022,1.187170684426339
1.415100712759645,1.1895800573141957
1.7534079926322377,1.3241631291620521
1.446518881268537,1.202713133406523
1.6390594118967003,1.2802575568598298
1.3880672070305178,1.178162640313517
1.1852227393005943,1.0886793555958496
1.52611721794974,1.2353611690310409
2.1668960343033437,1.4720380546383112
1.6935469372238905,1.3013634915825365
0.9188321215497516,0.9585573126056426
1.3076418745997285,1.1435216983510756
1.3458520025676914,1.1601086167112507
1.5981407513241717,1.2641759178706782
1.7992430729479318,1.3413586667807875
2.689569120355564,1.6399905854472347
2.569118566088573,1.6028470189286852
1.6637212641469241,1.289853194804325
1.317083536024749,1.14764259942926
1.109441695157262,1.0533003822069287
1.1307371769007617,1.0633612635886083
1.0576218693401618,1.0284074432539672
1.5339101980168124,1.238511282959026
1.6137589532076193,1.2703381255428097
1.6054237763581058,1.2670531860810366
1.8757369631240697,1.3695754682105217
1.9474698895831384,1.395517785477182
1.3742549501507246,1.172286206585544
2.266682748043604,1.5055506461237376
2.0715472428470862,1.4392870606126793
2.046329429252791,1.4304997131257284
1.2667069909830877,1.1254807821473842
1.527572345239701,1.2359499768355113
1.4488459103817162,1.203680152856944
1.8158035425686345,1.3475175481486816
1.519823232562543,1.2328111098471424
2.1897906752591543,1.4797941327289936
1.7269205867667923,1.3141235051420366
1.7013606942737138,1.304362179102765
1.4106712639668657,1.1877168281904849
1.267752923118818,1.1259453464173197
1.5938710492521682,1.262486059032799
1.860823428775354,1.364120019930561
1.8689713526289422,1.3671032706525656
1.7906450192754957,1.3381498493350794
1.3274467243492305,1.1521487422851402
1.068591028093821,1.0337267666524945
1.3900562592819092,1.1790064712637964
1.1141362845764788,1.0555265437574173
1.1331347907943865,1.0644880416399174
1.127200210920867,1.0616968545309282
1.670277998520758,1.2923923547130562
1.7335708997523083,1.3166513964418631
1.2099956200413642,1.0999980091079093
1.9676182065116798,1.4027181493484997
1.5078538478710228,1.2279470053186428
1.44011764111635,1.2000490161307371
1.1136296736806286,1.0552865362926926
1.2441973545062075,1.115435948186272
1.4323847529760916,1.1968227742552744
2.4114759179892014,1.5528927580451914
3.5030952682983787,1.8716557558211335
1.4384478841184631,1.1993531106886175
1.4000152045444292,1.1832223816951863
1.5761835933141062,1.2554615061060639
1.539429965312886,1.2407376698210166
1.7715111411973006,1.3309812700400034
2.6859215447795153,1.638878136036818
1.7992138146124577,1.341347760505253
1.6168269131076451,1.2715450889007613
1.9967002644075411,1.4130464480715208
1.60117044028079,1.265373636631011
1.2359316419758746,1.111724625064982
1.848493943615484,1.3595933008129615
1.9355388805318987,1.391236457447798
1.1618198111305826,1.077877456453461
1.6461140869120248,1.283009776623711
2.4770384875393088,1.573861012776957
2.2754658922631177,1.5084647467750507
1.1398666485750397,1.0676453758505395
2.0761976721990845,1.4409016872080775
1.6937887350700733,1.3014563899993243
1.864688111685528,1.3655358331752148
2.4201496656872044,1.5556830222404576
2.083225856470652,1.443338441416514
1.8657131008525005,1.3659110881944332
4.601929212063472,2.145210761688341
5.202291490676328,2.280853237425926
4.102592880634061,2.025485838171687
1.6491772768017139,1.2842029733658593
1.7276145644792182,1.3143875244687993
1.1381950680875337,1.0668622535676917
1.2771981253680758,1.1301319061809005
1.5782445481637521,1.256282033686605
1.5596271346320216,1.248850325151906
2.0260428623771616,1.4233913243999914
2.075229579454621,1.4405657150767615
1.7319482743718573,1.3160350581849471
2.0923875149080655,1.4465087330908395
1.3759522216936586,1.1730098983783805
2.123337233440028,1.4571675378761455
2.1355181452585903,1.4613412145213007
1.107996159033119,1.0526139648670443
1.0996883195568785,1.0486602498220663
2.1528881379457787,1.4672723462076762
1.2079186847991645,1.099053540460684
1.597972408255142,1.264109333979914
2.3214301130437116,1.5236240064542537
1.3414281126842587,1.1582003767415459
1.2569257261726166,1.1211269893159368
1.9798045350300713,1.4070552707801038
1.9267282917834543,1.388066385942493
1.3805256874786527,1.1749577385926069
1.5790774599460358,1.2566134886853777
1.593097611845168,1.262179706636566
1.834089874030538,1.3542857431245956
1.497896904866172,1.2238859852397086
1.6187447075365016,1.272298985119654
1.5867076908504634,1.2596458592995348
1.5054889602557413,1.2269836837773114
1.7106612970610269,1.3079225118717954
1.4451861551523402,1.202158955859141
1.993650969619384,1.4119670568463643
0.9644955961452018,0.9820873668595894
0.8922630098400403,0.9445967445635414
1.7206506018608336,1.3117357210432419
2.0607419272313123,1.4355284487711528
1.5552957232643734,1.2471149599232516
1.6723461892616687,1.2931922476034523
1.4448029952944077,1.2019995820691485
1.8719754120034933,1.368201524631329
1.247538778634364,1.1169327547504209
1.6222779001622618,1.2736867354896422
2.0318716298565573,1.4254373468716741
1.4161716135315263,1.190030089338722
1.7522047791808026,1.3237087214265844
1.4248732598018767,1.1936805518235927
1.4794331050098806,1.2163194913384725
1.6779601858353475,1.2953610252880652
1.7327638281904012,1.3163448743359019
2.053771998871259,1.4330987400982735
2.1276863574115703,1.4586590956805399
1.134231890568385,1.0650032350037182
1.3265025555495649,1.1517389268187321
1.4377047361771438,1.1990432586763264
1.333322559365215,1.154695873104782
1.2840205303023104,1.1331462969547712
1.9168510748940444,1.384503909309773
2.065648562029562,1.4372364321953301
1.2205747621363574,1.1047962536759244
1.760096349060366,1.3266862285636216
2.049656254646864,1.4316620602107413
1.9371874731544139,1.3918288232230334
3.6356670197215277,1.9067425153180824
1.4419715532428603,1.2008211995309128
4.128784958111242,2.031941179786276
1.849006459050016,1.3597817689063256
1.8164800359303048,1.347768539449673
3.2113415499732922,1.7920216376967362
1.6009765202669841,1.2652970087165243
1.7180544097837491,1.310745745666851
1.8230504245385655,1.3502038455502063
2.1406498984949685,1.4630959977031475
1.6666620724076815,1.2909926693857257
1.1961426050269046,1.0936830459629996
1.4520232169323075,1.2049992601376598
2.6545481394332553,1.6292784106570783
3.3563205430671323,1.8320263489008919
3.2189538068976287,1.7941443104994728
0.7521523042747782,0.8672671470053378
0.9332216063130808,0.9660339571221505
0.9568200622629538,0.9781717958840123
0.844419525191223,0.9189230246278646
0.9892834845019071,0.9946273093485354
1.1829996337349995,1.0876578661210516
1.0905826116938506,1.0443096340137108
1.835485020281122,1.354800730838717
1.1367670441668882,1.0661927800200526
2.0715635420559693,1.4392927228524326
1.591763379781536,1.261651053097304
1.1862175565470399,1.0891361515196527
1.3530288183695203,1.1631976695168884
2.5645499671528733,1.6014212335150528
2.491896047857243,1.578574055233787
2.3424064733002252,1.530492232355403
1.7293433037084671,1.3150449816293233
1.1496203067334922,1.0722034819629584
2.7157254160387647,1.6479458170822137
1.5388754202681914,1.240514175762692
1.726016495226498,1.313779469784217
1.8155056699546503,1.3474070171832453
2.157961994620353,1.4690003385365005
2.2716722272976186,1.5072067632868487
1.838865627292361,1.3560477968317934
1.5442766201624956,1.242689269351955
1.5816163981512725,1.2576233132982517
1.2412468810801323,1.11411259802595
1.6446430495741338,1.2824363725246308
1.037004754787173,1.018334304041248
1.7981153833241856,1.3409382473940348
1.1023424350445266,1.0499249663878494
1.067035299759521,1.0329740073010167
1.5917497183185838,1.2616456389646753
1.7899254495836212,1.3378809549371802
1.8954900438845814,1.3767679702421107
1.7232266826618556,1.3127172896941122
1.5416328162942594,1.241625070741671
1.997852517277688,1.4134541086564105
1.2652495934882944,1.1248331402871692
1.529475100518509,1.2367194914444055
1.4729491811697548,1.2136511777153083
1.8073859681649156,1.3443905564101957
2.109778185197657,1.4525075508229406
1.279277732907398,1.1310516048825527
1.8093028570089882,1.3451032886023988
1.9266010651704781,1.3880205564653854
2.4251665706220873,1.5572946319248928
1.2765239576184857,1.1298335973135538
1.9704608268998944,1.403731037948472
1.8848830970048034,1.3729104475546843
2.3954192647234516,1.5477142064100373
2.3795595371153215,1.5425821006077185
1.5993683956699958,1.2646613758907939
1.5252640194059435,1.235015797229308
1.801824707753251,1.3423206426756802
2.191472370125686,1.4803622428735765
2.0347620588044992,1.4264508609848778
1.8435047822311015,1.3577572618959184
1.3973256805161447,1.182085310168494
1.8564894330663877,1.3625305255539737
2.1431417603629095,1.4639473215805647
2.0637547192050607,1.4365774323735776
1.612276506292837,1.2697545063093247
1.4319115962270457,1.1966250859091354
1.3936492259911748,1.1805292143742885
1.8238715189962533,1.350507874466585
1.794741728722663,1.339679711245439
2.388208659836599,1.5453830139601634
2.765595638949926,1.6630080092861628
2.564871511082266,1.601521623669898
1.250939931449236,1.1184542598824665
1.539583558965842,1.2407995643800984
1.548714446841673,1.2444735621304588
1.9217546272567434,1.3862736480423854
1.4424814705519777,1.2010335010115154
1.7529195661338712,1.3239786879454938
2.027434916661298,1.4238802325551465
1.9566289322594375,1.3987955291104692
2.3928412510021095,1.546881136675378
0.9897193482800808,0.9948463943142584
0.9581443171655454,0.9788484648634564
1.9664825727458348,1.4023132933641593
1.1964236112037454,1.093811506249475
1.0198108074391128,1.0098568252178686
1.331110784814482,1.1537377452499689
1.3211010572887694,1.149391603105212
2.8327908912378104,1.6830896860351234
3.3839207497043797,1.8395436253876611
3.4751609129059595,1.864178347934006
2.9082120468584463,1.7053480720540444
2.459025541631128,1.5681280373844249
0.5411845877784299,0.7356524911793815
2.311203960165724,1.520264437578451
1.7215966380262622,1.312096276203184
1.457532169393905,1.2072829698931005
1.6438610404519955,1.282131444295785
1.4275587259307352,1.194804890319225
1.6853340111350945,1.2982041484816995
2.0819333599432506,1.4428906264659322
0.9302196847087287,0.9644789705891615
1.8535047292360771,1.3614348053564949
1.7729588537870502,1.3315250105751113
1.357943884798355,1.1653084934035085
1.4111790537731599,1.1879305761588763
1.1788369213086356,1.085742566775677
2.0424677216879106,1.4291492999990976
1.8602890671686547,1.363924142747189
1.782787795940732,1.3352107683585883
2.2303942072995464,1.493450436840656
2.0885221403773833,1.4451720106538817
1.4412260327015771,1.2005107382699987
1.2527912721336807,1.1192815875076658
2.068221172937487,1.438131138991673
1.0582550621587583,1.0287152483358835
1.075410992823423,1.0370202470653227
2.496861016249975,1.580145884483447
1.6593470779480453,1.288156464855122
2.3550971079902325,1.5346325644890482
1.770787401591529,1.3307093603005613
1.799824621839228,1.34157542532622
1.7286521632527614,1.3147821733096177
1.560358589544127,1.2491431421354908
1.870851097592227,1.367790589817106
1.4614692868672756,1.2089124397024276
1.845946920388312,1.3586562922197476
2.1122857775072834,1.4533704887286254
0.9129192927560972,0.9554681013807301
2.24374044092303,1.497912027097396
2.2637451889869538,1.5045747535390037
1.578040234496401,1.2562007142556484
1.4282755321434235,1.1951048205673942
1.3411709868058763,1.1580893690928504
2.072488484293435,1.4396140053130335
1.98752910254189,1.409797539557326
1.6752398923830065,1.29431058574942
1.0205123320801035,1.0102041041691048
1.3750436440253662,1.1726225496831306
2.0813731143590886,1.4426964733994079
2.0937761721884907,1.4469886565514225
1.7314885904612476,1.3158603993058107
1.3933715532133548,1.1804116033034218
1.794869295676642,1.3397273213891856
1.3381422864296006,1.1567810019314808
1.3765118628647233,1.1732484233378382
1.2499779049283317,1.1180241074897856
1.7207435162367006,1.3117711371411938
1.550476912681183,1.2451814778100352
1.6899144336831833,1.2999670894615691
1.7313232590201604,1.3157975752448248
1.5560778728267237,1.2474285040942121
1.5805799119808956,1.2572111644353527
2.0714050306662743,1.4392376560756999
1.8372645621556665,1.3554573258334865
2.13201448292525,1.4601419393076995
1.1808102540051149,1.086650934755552
1.2345969172108449,1.111124168223716
2.638750061486859,1.6244229934000747
1.6998867394570232,1.3037970468815394
1.8647244600505977,1.3655491423052477
1.170766258321739,1.0820195276988946
0.8902774497138566,0.9435451498014584
1.3802737102071836,1.1748505054717318
1.7558493779813313,1.325084668231178
1.6625396552832055,1.289395073390311
1.883841530422808,1.372531067197682
2.021242291356361,1.4217040097560254
2.2191369168651476,1.4896767826831254
1.4062188883167495,1.185841004653132
1.4753629153313312,1.2146451808373222
2.5390538315865423,1.5934408779702316
2.4747178940500203,1.5731236105436917
1.9665449095300895,1.4023355195993894
2.130665189989035,1.4596798244783118
1.7201035466393733,1.3115271810524451
1.2203021155854508,1.1046728545526276
1.1595133441959367,1.0768070134410979
1.5937595676889005,1.2624419066590353
0.9976548298788234,0.9988267266542398
1.7112040915120956,1.3081299979406082
1.2689996002062616,1.1264988238814373
1.468910263186197,1.211986082092611
1.0962950883874587,1.0470411111257565
1.8080795556089315,1.3446484877502118
1.3049554517100659,1.1423464674563781
1.1810623661086657,1.0867669327453175
1.108662885148533,1.052930617442827
1.4664834758148877,1.2109845068434557
2.274484006772175,1.508139253110327
2.5154973313712286,1.5860319452555893
2.6440122909478694,1.6260419093454723
1.6110874213245843,1.2692861857455884
2.616321151638024,1.6175046063730465
1.9712896169535505,1.4040262166190312
1.7083293410233182,1.307030734536613
1.9246820093338965,1.3873290919366956
1.4160357374487775,1.189972998621724
1.3633351619742744,1.1676194422731554
1.7008553247709943,1.3041684418705255
1.6621221776086734,1.28923317425851
1.3179207040756726,1.1480072752712296
2.028573968948456,1.4242801581670848
1.4253805207530514,1.193893010597286
1.8216763650436743,1.3496949155433884
1.1852823820126883,1.0887067474819325
1.7391631858120689,1.3187733640819672
2.0135651742011227,1.4190014708241576
1.262358358914826,1.1235472214886324
2.1459671967072,1.464912009885645
2.0103481545862976,1.4178674672148655
2.6315704567787295,1.622211594330015
2.320185709573352,1.5232155821069295
1.8625025582688726,1.3647353436724912
1.3797718263751986,1.1746368912881966
1.4381147541259856,1.1992142236172758
1.5106334108808397,1.2290782769542548
1.1273028092986748,1.0617451715447896
1.4600521118659244,1.2083261612105916
2.58972741551285,1.6092630038352493
2.8637802210962913,1.6922707292558987
1.721204022578505,1.3119466538615452
0.9547919253479454,0.9771345482316882
1.356851280410201,1.1648395942833507
2.16025435094089,1.4697803750699932
1.7430035876858683,1.3202286119024493
0.7208137290332369,0.8490074964529094
1.5688685893917897,1.2525448452617534
1.1465174190495575,1.070755536548636
1.286262447704085,1.1341351099864976
1.808223390954124,1.3447019710531118
2.7470518698653366,1.657423262134732
1.6119336144591552,1.26961947624442
2.444480706152485,1.5634835164313325
2.123676940916233,1.4572840975308257
1.132713248898977,1.0642900210464143
2.012960998082097,1.4187885670818245
1.1200272637869464,1.05831340527603
1.4513501939359446,1.204719964944528
2.3774730233262678,1.5419056467002992
2.165336373410467,1.4715081968546648
1.9517167811287086,1.3970385753903536
1.9164745429514751,1.3843679218153948
2.208886859224419,1.4862324378186673
1.4999741132056583,1.2247343031064568
1.6462531421922346,1.2830639665239745
1.8228207880798721,1.3501188051722974
1.7788220135830002,1.3337248642741126
2.083117552439054,1.4433009223440045
1.3068202075329975,1.1431623714647878
1.961757769683964,1.4006276341997412
2.4573156645993803,1.567582745694587
1.5204683688764926,1.2330727346253718
1.5650647761084093,1.2510254897916386
1.3099677622874684,1.1445382310292078
1.1441075114139871,1.0696296141253696
1.1520950149894866,1.0733568907821325
1.203307872022933,1.0969539060612041
1.5883738908057718,1.2603070621105683
1.55982871765017,1.2489310299813077
1.3302816423348502,1.1533783604415553
1.5707688693144555,1.25330318331777
1.575707232396015,1.2552717763082284
1.9368818687823848,1.391719033707014
1.7450930112461231,1.3210196861690302
1.3589247446254498,1.1657292758721682
1.1277143278659834,1.0619389473345364
0.8480211479162598,0.9208806371708875
3.9764027664889667,1.994091965404045
1.2650218221779945,1.1247318890197764
2.5980245523121854,1.611838872937424
2.535841295832216,1.5924325090352232
2.0895638852750227,1.4455323881791866
2.8324709466944817,1.6829946365614128
2.741107156550905,1.655628930814784
1.2851933686862966,1.1336636929382085
3.0548952091989463,1.7478258520799337
1.030738322728507,1.0152528368482931
1.2753199165426246,1.1293006316046337
2.3877237302836996,1.5452261097598952
2.2576608226243002,1.5025514375968299
1.3507036562284602,1.1621977698431796
1.3492870061232287,1.1615881396274794
0.8593047940271674,0.9269869438277798
2.294676558998283,1.5148189855551333
1.2878852125206444,1.1348503040139895
1.7412478134330236,1.3195634935208778
1.559171505512431,1.24866789240071
1.4061737169633393,1.1858219583745864
1.4330866840446144,1.1971159860450509
1.6235544789079506,1.274187772232943
1.3455815503435162,1.159992047534601
1.2613146134100817,1.1230826387270358
1.4870114101977183,1.2194307730239213
1.79579399045892,1.3400723825446594
1.6746553994403865,1.2940847728956502
1.6719683413468898,1.2930461481891857
1.480874948933985,1.2169120547245742
1.5792914206381181,1.2566986196531442
1.1448121623499772,1.0699589535818546
1.391032384484513,1.17942035953451
1.407653932322767,1.1864459247360442
0.8791765701127777,0.93764415964308
1.0708966603125598,1.0348413696371825
2.213527912032813,1.487792966791016
1.62165608695404,1.2734426123520604
1.4403563101501027,1.2001484533798736
1.5822604680426875,1.2578793535322406
2.1272060101764536,1.458494432686136
1.651639041470336,1.2851610955325157
1.6807103796904248,1.2964221456340619
1.2756944980219043,1.1294664660900315
1.3560644771772075,1.1645018150167081
1.9401184115059362,1.392881334323185
2.2570452032522317,1.5023465656273294
2.5730788472223494,1.6040819328271076
1.107016780955551,1.0521486496477344
1.4860317504654934,1.2190290195337818
2.5192779128442493,1.587223334267818
1.7826614076796508,1.3351634385646016
1.431496411267911,1.1964515916943363
1.1265890504696967,1.0614089930228106
1.8484534285083012,1.3595784010156609
1.3120183417499605,1.1454336915552819
1.5572731197942478,1.2479074964893222
1.5067857842517987,1.2275120301861806
1.0201107049739206,1.0100052994781368
0.8333400560474227,0.912874611350005
1.4671696769111093,1.2112677973557744
1.8318445001018002,1.3534565010009743
2.368940259581285,1.5391362056625415
1.2840455071139902,1.1331573179016188
1.8342119657566167,1.354330818432711
1.541148073290195,1.241429850329931
2.2990895061145356,1.5162748781518922
1.6137377544031488,1.2703297817508448
1.6837774501885288,1.297604504534617
1.4536435063138382,1.205671392342805
1.2272373697880863,1.107807460612216
1.2058581158610473,1.0981157115081486
1.6774274673521679,1.2951553834780474
1.65832187285516,1.2877584683686456
1.9416638000839195,1.3934359691366947
2.041315851288352,1.4287462515395628
1.5457412747874568,1.243278438157542
1.5012319813203845,1.2252477224301968
1.9424809672730183,1.3937291585071392
1.8055917663918362,1.3437230988532705
1.444666017657798,1.201942601648597
0.9821350299989764,0.9910272599676441
1.050374621417109,1.024877856828368
1.2290516983259276,1.1086260407937059
1.7995228607792453,1.3414629554256223
0.9579695411654386,0.9787591844603241
1.1584059613574533,1.0762926931636456
0.81711761926782,0.9039455842404563
1.0981234825970907,1.047913871745713
1.0109560201459757,1.005463087410958
1.0661144608137059,1.0325281888712317
0.7969436064606413,0.8927169800449868
1.1494625383990826,1.0721299074268391
1.7550787792860456,1.3247938629409655
1.5002367763991287,1.2248415311374483
1.361075220501817,1.1666512848755695
1.0951524298806266,1.0464953081025383
1.9222297329483073,1.386444998169169
1.497706616427462,1.2238082433238722
1.3428000207433162,1.1587924839000796
1.2294696414347344,1.108814520753915
1.6686272834193365,1.2917535691529312
1.9386778768806696,1.392364132287481
2.185264212743369,1.4782639185014863
2.06243613300917,1.436118425830255
2.1217678316644495,1.456628927237287
1.1651431850811045,1.0794179844161873
1.308689460665738,1.1439796592010445
1.0396022184554932,1.0196088556184146
1.698041313722122,1.3030891426614382
1.4386017270603264,1.1994172447736136
0.8903899406087744,0.943604758682773
2.0553413360117565,1.433646168345508
1.8405193183001574,1.3566574063853252
2.057628340130048,1.4344435646375384
1.0428175013465262,1.0211843620750007
0.9833872104683521,0.9916588175720277
2.11597620707732,1.454639545412306
1.7574818283927494,1.3257005047870916
1.3934540199510907,1.180446534134897
1.7211411302545192,1.3119226845567231
1.7814525023216903,1.3347106436683909
1.6564093029812677,1.287015657628635
1.7346966752567852,1.317078841701128
0.9384367766182571,0.9687294651337168
2.3105486052732394,1.5200488825275453
2.103526639180176,1.450353970305241
1.260657173450765,1.122789906193837
1.5482206388809379,1.2442751459709134
1.5176094476583548,1.2319129221086833
1.3322945601419456,1.1542506487509312
1.7218891469793542,1.3122077377379522
1.2836771083902068,1.1329947521459254
0.9923262709837445,0.9961557463488049
2.2572316292151107,1.5024086092721616
2.601456943080844,1.6129032652582869
1.2650106854228473,1.124726938160035
1.3506195026787942,1.1621615647915715
1.152165209548723,1.0733895888952543
0.9924142709705085,0.9961999151628695
1.1014698428679521,1.0495093343405537
1.3679142547169887,1.169578665467607
1.8426490286940294,1.3574420903648263
1.6701414904858904,1.2923395414850891
1.5617279307333591,1.2496911341340944
1.8065166455703843,1.3440672027731293
2.1405681562739582,1.463068062761934
2.7819388700731604,1.6679145272085019
3.411679597557296,1.8470732518114423
1.0028072886532204,1.0014026605982334
1.3209255743387607,1.1493152632497146
1.5388054292421964,1.2404859649517186
1.0372234215408191,1.0184416632978146
1.3468638646127744,1.1605446413700657
1.4069288947781597,1.1861403351956967
1.9704120024626341,1.4037136468890776
2.1017823106280327,1.4497524997833364
1.5658946847007909,1.2513571371518168
1.342381184402801,1.1586117487764402
1.5008389234497561,1.2250873125821506
1.3743372984422435,1.1723213290059358
1.2130955060635662,1.1014061494578493
2.8615205645790738,1.691602957132398
2.0523072124589556,1.432587593293672
0.9089401843594578,0.9533835452531462
2.763766862090261,1.6624580782955884
2.25650702304439,1.502167441746888
1.3858806229707274,1.177234310989417
3.0156613494805975,1.7365659646211535
1.45271647878084,1.2052868865049682
1.7242562592749884,1.3131093858757497
1.8204616122822443,1.3492448303707687
2.1249180740317564,1.4577098730651983
2.092135202730993,1.446421516270756
1.2870881792763904,1.134499087384556
1.4573526564915202,1.2072086217765015
1.2831603243368983,1.13276666809052
1.2464536587834643,1.1164468902654816
1.3615567378497588,1.166857633925304
1.1826594232139205,1.0875014589479504
0.9820443011191242,0.9909814837418125
0.7866725282130189,0.886945617393208
1.2227589891074226,1.1057843320952883
0.7415005851316547,0.8611042823791174
1.2018507910072436,1.096289556188165
0.8061486929474388,0.8978578355995112
1.1349905494859551,1.0653593522778853
1.1996978359597683,1.0953071879430758
1.3262699756633052,1.1516379533791448
1.3688804144281168,1.1699916300675475
2.440820683608278,1.5623126075175473
1.782351424416899,1.335047349129198
1.709843260892238,1.3076097509931004
2.0318644907562455,1.4254348426905543
1.421523538494179,1.1922766199561992
1.6298234195034498,1.2766453773477777
1.6384414197019461,1.2800161794688167
1.4692935802701772,1.2121442077039255
1.8701162224658612,1.3675219275996495
1.2876599071930455,1.1347510331315172
1.9672381668841834,1.4025826773791923
1.6936180488231605,1.3013908132544814
1.9182493899534692,1.385008805009365
1.741921740115512,1.319818828519851
2.324128308998269,1.5245092026610627
2.9187554533912543,1.708436552345815
1.8968149248000592,1.3772490424030286
1.8332989904631516,1.353993718767983
1.8353670137350373,1.3547571788830046
1.6282925219161841,1.276045658241187
1.0834013198406047,1.0408656588823577
1.6600708456544342,1.2884373658251433
1.261389448657249,1.1231159551254042
1.208037477509163,1.099107582318111
1.1422518841086138,1.0687618463009492
1.1240989566072348,1.0602353307672947
1.498903948731461,1.2242973285650267
1.7389501700067203,1.3186925987532956
2.2491333774523565,1.4997110979959962
1.75258357847951,1.3238517962670557
2.1207366440948108,1.4562749205060186
2.172467669548523,1.4739293299030733
2.233219639764963,1.494396078610006
1.0735218182862496,1.0361089799274252
1.405301646234426,1.185454194068428
0.8504731510413003,0.9222110122099498
1.3855229246556993,1.1770823780244521
1.8778491722632014,1.3703463694494182
1.3673202556385857,1.1693247006877883
1.7956395250126453,1.3400147480578881
2.0980728124913886,1.4484725791299566
2.0690203926838606,1.4384089796312662
1.1833431922930513,1.0878157896873217
1.1288892211934214,1.062491986413743
1.3102430926525963,1.144658504818182
1.541489512920991,1.241567361410967
1.1757680502554853,1.0843283867240059
1.1187003376381641,1.0576863134399368
1.1000518772381305,1.0488335793814625
1.3396178678872026,1.1574186225766383
1.9247222852342725,1.3873436074867223
1.4427403773478586,1.201141281177139
2.544583309074234,1.5951750089172767
1.265736371123276,1.1250494971881353
1.6812043834501098,1.2966126574463592
1.8101242621270142,1.3454085855705746
1.2764418052308046,1.1297972407608388
1.6557093692280793,1.2867437076698993
0.846210600034436,0.9198970594770026
1.4137352170352033,1.1890059785531792
1.3401232754601475,1.1576369359432808
1.8302407525436752,1.352863907621042
1.5018369531405529,1.2254945749127382
1.8897510153626829,1.3746821506670852
1.809794088511958,1.3452858761289208
1.8637220001082095,1.3651820391831302
1.441675828155961,1.200698058695841
2.5407555024497066,1.593974749627392
1.7035578542735577,1.3052041427583494
1.3604822251463695,1.1663971129706938
2.0422794871466294,1.429083443031452
2.495385797203258,1.5796790171434378
2.450137707463772,1.5652915726674606
0.8495564207072575,0.921713849688317
0.897813565439746,0.9475302451319145
1.49759048927052,1.223760797407124
2.0119452883908022,1.4184305722843125
1.8998217634278325,1.3783402204926882
2.0884149272226322,1.445134916615965
2.1081985421656553,1.4519636848646233
1.5805942763530725,1.2572168772145371
1.720245059158811,1.3115811294612358
1.5193863310297944,1.2326338998379829
1.6515960161567167,1.2851443561548705
1.5671702322442307,1.2518666990715228
1.8991848553567288,1.3781091594488184
1.3144185292328885,1.1464809327820888
1.8533299348475898,1.3613706089260154
1.376905664737512,1.1734162367793928
1.4745601725943809,1.2143146925712383
1.685170696349036,1.2981412466865985
1.452487779802864,1.2051920095166844
2.5293469410490594,1.5903920714871096
2.0570474100292895,1.4342410571550688
1.020124335505699,1.0100120472082
1.5377097685030325,1.240044260703235
2.132504955154373,1.460309883262581
2.1396393290774194,1.4627506038547444
2.3806416136504707,1.5429327962197417
3.2845868402942515,1.8123429146533643
3.5740127647268456,1.8905059546922474
0.8073630886501643,0.8985338550383977
2.4937408643186787,1.579158277158651
1.1663821994354022,1.0799917589664294
2.284024524865054,1.5112989528432335
1.4993072600850914,1.2244620288457668
1.691677302294779,1.3006449562792988
1.5054339682851687,1.2269612741587115
1.2188118571920554,1.1039981237266916
1.9535177600756286,1.3976829969902433
1.149543491374323,1.07216766010467
1.1563036839432907,1.0753156206171706
1.4713821868893353,1.213005435638825
1.6706665801121274,1.2925426801897597
1.195550277232366,1.0934122174332817
1.2900464495973771,1.13580211727104
1.0533126713311427,1.0263102217805018
1.2485942424923941,1.1174051380284566
1.402307209785968,1.1841905293431323
1.4219777991684233,1.1924671061158976
1.7440455636674437,1.3206231724710285
1.0921443301585818,1.045057094209968
1.3687504803044364,1.169936100949294
1.1278249238920584,1.0619910187435948
1.6773927585491184,1.2951419839342397
0.8816855181160488,0.9389811063679869
2.56834223650725,1.6026048285548282
0.8673630984124847,0.9313233049873093
1.3766645447706252,1.1733134895545287
1.2857598504373855,1.1339135110039855
1.6714279979102429,1.2928371892509292
2.4614628156704508,1.5689049734354374
2.2250187020691725,1.4916496579522862
1.1553294512597152,1.0748625266794425
1.307460395852922,1.1434423447874065
2.3323629321947488,1.5272075602860107
1.4820865067986306,1.217409753040705
1.2545553433003875,1.1200693475407617
3.223739433329417,1.7954774945204457
2.3273809184315604,1.5255756023323002
2.1077954804863612,1.451824879414305
2.0791461779165274,1.4419244702537395
2.0494883320483375,1.4316034129773292
1.9729024975886018,1.4046004761456554
1.289370677583678,1.1355045916171709
1.3872261624417663,1.177805655633291
1.0167175216965991,1.0083241153997058
1.1254860702995422,1.060889282771554
1.1294791836776215,1.0627695816486382
1.4873157529399414,1.2195555554955015
1.5727608008547143,1.254097604197821
2.364391261989926,1.5376577193868362
2.8139069997761728,1.6774704169600645
1.2877365649711277,1.1347848099843105
1.5945915176986296,1.2627713639842446
2.6108808303076225,1.6158220292803358
1.363212023690425,1.1675667105953411
2.1674408879714555,1.4722231107992618
1.6988196348348295,1.303387753063082
1.1691168792567868,1.0812570828701131
1.902602104091859,1.3793484346211653
1.693510016668067,1.3013493061695875
2.917834867716815,1.7081671076674012
1.3025757245980538,1.1413043961179041
1.4302796389428443,1.1959429915103998
1.5201169451318968,1.2329302271953173
1.4773186714418802,1.2154499872236126
1.6335497185689263,1.2781039545236241
1.0390814959022863,1.0193534695591546
1.912825634753617,1.3830493970764808
2.7329716685556837,1.6531701874143763
3.1266295905379846,1.7682278107014335
3.1219270635219507,1.7668975815032264
1.665757432987377,1.290642256005659
1.2770901334901392,1.1300841267313417
1.5155374795498384,1.2310716792899747
1.497952475331432,1.223908687497328
0.9158889268154534,0.9570208601777985
4.581341264324597,2.140406798794238
0.8700730362385121,0.9327770560206292
1.7937785296028357,1.3393201744179155
1.833109632703164,1.3539237913203106
1.9728943289342884,1.4045975683213638
1.2237078085034623,1.1062132744202007
1.439310602172896,1.1997127165171235
1.2222390790585254,1.1055492205499153
1.6501726170007514,1.284590447185698
2.3842203640927977,1.5440920840716714
1.9351273478567603,1.3910885478131003
1.0090368234739797,1.0045082495798527
2.129912126287729,1.459421846584369
1.6785665121066136,1.2955950417111874
1.7057065584686708,1.3060270129169116
2.041365394818874,1.4287635895482758
1.8420709034452023,1.357229127098738
2.037076636526358,1.4272619369009873
1.933431351885778,1.3904788210849448
1.3810137239836755,1.175165402819397
1.1750617831294081,1.0840026674918324
1.5258647672194647,1.2352589879128444
1.354136313390841,1.1636736283816185
1.8050209854717232,1.3435106942156148
1.7153182774915041,1.3097015986443263
1.556051176249873,1.2474178034042456
1.4623311649579465,1.209268855531286
1.9588864234197236,1.399602237573134
1.8571937168501944,1.3627889480217377
1.4798645882890382,1.2164968509162029
1.5094485125459336,1.2285961551893012
2.977317838211311,1.7254906079753987
3.174711198520487,1.7817719266282335
3.3275337652022574,1.8241528897552028
2.2444944972400505,1.4981637084244332
1.6079461298877555,1.2680481575585982
1.8259804947584388,1.351288457272702
1.6342439369445858,1.2783755070184135
1.1437414950428166,1.069458505526426
3.0134059015090067,1.7359164442763386
1.1923186035351068,1.0919334244976233
3.0299138324204398,1.7406647673864257
1.0311769765453667,1.0154688456793575
1.8430010976436244,1.3575717651909325
1.2264062111879426,1.107432260315701
1.668499718914952,1.291704191723071
1.7700861682741575,1.330445853191387
1.693201556048276,1.3012307850832134
1.3532187074070023,1.1632792903714062
1.7265003169658044,1.3139635904262357
1.5304922862144563,1.237130666588803
1.616079765478482,1.27125125977459
1.5163509347305628,1.2314020199474105
1.6706867075055292,1.292550466134893
1.9124638616114105,1.3829186026702405
2.93613032037993,1.7135140268990885
1.247512109347162,1.1169208160595638
1.3036423141386928,1.141771568282681
1.6928358356526116,1.3010902488500218
1.5821835451746082,1.257848776751247
1.2286890130014858,1.1084624544843573
1.478787136624288,1.2160539201138607
1.6879787757490081,1.2992223734792316
1.537615812908828,1.2400063761565212
1.2881037069885053,1.1349465656974804
1.0563019197686292,1.0277654984327063
1.765188902970096,1.3286041182271324
2.182857249789776,1.4774495760565827
1.669936331850244,1.2922601641504872
1.1358451872255393,1.0657603798347635
2.153386901443735,1.4674422991871725
1.9095022468403935,1.3818474036015675
1.9378338903026764,1.3920610224780652
1.2580539569429592,1.1216300445971297
1.6311964579777944,1.2771830166337925
2.16057744065752,1.469890281843349
2.029493176327503,1.4246028135334785
1.1521657526827573,1.0733898418947132
1.502429704248059,1.2257363926424225
1.2125719844708074,1.101168463256557
1.372457501525144,1.1715193133385142
1.0158206240215515,1.0078792705585087
3.15943740359452,1.7774806338170102
2.099373825501432,1.4489216077833307
2.535191006194297,1.5922283147194365
1.1766923763418229,1.0847545235406133
1.4496823173415891,1.204027540109274
2.0441654424319435,1.429743138620341
1.491307402971999,1.2211909772725964
1.9480620153002424,1.3957299220480452
2.005713152927301,1.4162320265151827
1.132411450893589,1.0641482278769199
1.370410568062685,1.1706453639179908
1.3135083894278978,1.1460839364670887
1.2949995522831887,1.1379804709586139
1.854755379165666,1.3618940410933833
1.8332395882241534,1.3539717826543334
1.298792750827031,1.1396458883473546
1.2791527067311534,1.130996333650624
2.0556785378693316,1.433763766409701
1.076510199049464,1.0375500947180643
1.300249565496715,1.1402848615572843
1.6930109876756514,1.3011575568222518
2.5712430749091624,1.6035096117295844
0.9362141679305854,0.967581607891854
0.8060269147340999,0.897790017060838
2.1898072815354217,1.4797997437273132
1.6804829153894594,1.2963344149521987
0.980455841236079,0.9901797014865933
2.1469477035572835,1.4652466357433767
1.4670665746440081,1.2112252369580185
1.6003084285768758,1.2650329752922949
1.2914738929017897,1.1364303291015203
1.2467188980587756,1.1165656711805068
1.7041372112953623,1.3054260650436555
2.0046383193306485,1.4158525062062957
1.8675903750182266,1.3665981029615937
2.0097158504301484,1.4176444725071757
1.6112950403885526,1.2693679688681894
1.5913025277029094,1.261468401388996
1.9898851782166582,1.410632899877448
1.1557737850627323,1.0750692001274766
1.6001033992188542,1.2649519355370205
1.263754122014967,1.1241681911595645
1.529463470811525,1.2367147895984445
1.3478841722352026,1.1609841395278415
2.1110574813640244,1.4529478591346712
2.100761331131562,1.4494003350115392
1.7723224798604311,1.3312860248122607
1.428455637842992,1.1951801696158584
1.2681781534347971,1.1261341631594333
1.5903361991501366,1.2610853258801074
1.489985676047363,1.220649694239655
1.7614700777635348,1.3272038568974756
2.179289501873877,1.476241681390238
1.9901333012805882,1.410720844561598
1.3291916652537248,1.1529057486428476
1.3370699483811852,1.1563174081458711
1.224788970352935,1.1067018434758908
1.876379405416124,1.3698099887999517
1.2276986959357017,1.1080156569000736
1.272847661548848,1.1282055050161952
1.6253877465523339,1.2749069560373156
1.630500887566957,1.2769106811233732
1.8361022246190162,1.3550284958697423
1.6802814395389813,1.2962567027942349
1.7644177842971063,1.328313887715214
1.5393613425764756,1.2407100155058295
1.8255431269325535,1.3511266139531681
1.4605862917308836,1.2085471822526763
1.3576026974384015,1.165162090628768
1.1588457400026904,1.0764969763091257
1.2296800084157251,1.108909377909541
1.7562505709237193,1.3252360434744141
1.389399932807481,1.1787280996088458
2.4238613569364613,1.556875511059398
1.4107554691182618,1.1877522759895103
1.8160689794970524,1.3476160356336861
1.8725442380502022,1.3684093824766776
1.886700839017037,1.3735722911507195
1.2901639122997015,1.1358538252344363
1.0814697599176955,1.0399373826907539
1.233848010602588,1.1107871130880966
2.2377017633690834,1.4958949707011797
1.029665567577753,1.0147243801041508
1.5844278147237192,1.2587405668856944
1.582490335874193,1.2579707213898872
1.8803988142421881,1.3712763449582976
1.994335125341367,1.412209306491558
1.8097327897068385,1.3452630931185314
1.4481613125961674,1.203395742304321
1.3831330259324466,1.1760667608313937
1.2627142983713346,1.1237056101894902
1.3535085671352438,1.16340387103329
1.2101364686471634,1.1000620294543229
1.400899462865319,1.1835959880234974
1.8056257457585165,1.3437357425321828
1.4664032433543182,1.2109513794345
1.7358395882532074,1.3175126520277547
1.6693003702192835,1.2920140750855942
1.3866470254461805,1.177559775742268
1.6301520364470214,1.2767740741599594
1.7518177487059343,1.323562521646006
1.534998153665587,1.2389504242162344
1.8613588767012756,1.364316267110114
1.6231488844738724,1.2740286042604665
1.2464616956895365,1.1164504895827385
2.8577383662016103,1.690484654234285
2.841036098406908,1.6855373322495435
2.8834785748071257,1.6980808504918503
0.8608244553786043,0.9278062596138292
1.9982355005687948,1.413589579959047
3.0001103254325567,1.7320826554851696
2.649503709679787,1.6277296181122303
1.7339066893829527,1.3167789067960318
2.1300808565493425,1.4594796526671219
2.5293115274653384,1.590380937846445
1.5877202158764092,1.2600477038098237
1.5033199766883067,1.2260994970589894
1.8500109956811295,1.3601510929603113
1.2616350742997482,1.1232252998841097
1.7624864525867925,1.327586702474378
1.4428017233779589,1.201166817464568
1.572043220828739,1.2538114773875453
1.1777404876298947,1.0852375259038431
1.2203437073150416,1.1046916797527904
1.2629179828929882,1.123796237265897
1.0311910876711472,1.0154757937396377
1.1844211834891305,1.0883111611525127
1.1400140829697603,1.0677144201375948
1.0588752131800474,1.0290166243458108
1.5168612059894613,1.231609193693138
1.9082736501424815,1.3814027834569038
1.8327200732676037,1.3537799205438097
1.1578838436786474,1.0760501120666488
1.234740324904807,1.1111886990537687
0.8728779318219347,0.934279364977058
2.141540367193119,1.4634002757937143
1.1473625673569523,1.0711501142962887
1.7609199044599633,1.326996572889306
1.752118118127772,1.3236759868365717
1.7683891796331588,1.3298079484020084
1.5335391886410823,1.238361493523229
2.183657192332555,1.4777202686342754
1.8913569597341044,1.375266141419218
1.4812196120741001,1.217053660310054
1.9609860261776426,1.4003521079277321
1.9566124157160298,1.398789625253215
1.762874118619962,1.3277326984826283
2.158076563644409,1.4690393335933551
0.8315047019244227,0.9118687964419129
1.1667279929169891,1.080151837899186
1.271995571032497,1.1278278108969015
1.7365724677683574,1.3177907526494324
2.6890047876203598,1.6398185227702362
1.2681964611171455,1.1261422916830472
1.314079049838757,1.1463328704345683
1.9705182486502009,1.4037514910589413
1.159949471226964,1.077009503777457
0.9070123549111636,0.9523719624764074
0.7813524362144798,0.883941421257359
0.5778961487243377,0.7601948097194151
2.397773249777434,1.5484744911613604
2.0876882528137206,1.444883473783862
1.5071681800810721,1.2276677808271552
3.705833354626911,1.9250541173242146
3.0804896868067497,1.7551323844105748
1.8879110500162153,1.374012754677414
2.5747840135131352,1.604613353276463
2.4716123118674878,1.572136225607529
2.555851946763315,1.5987032078416916
2.260196453032149,1.5033949757239942
3.6366596344388644,1.9070027882619534
2.551642545432269,1.5973861603983768
2.725645923225544,1.650953034833379
2.2027483197911963,1.4841658666709716
1.314370291963217,1.1464598954883756
1.4849982267100559,1.2186050331054996
1.7285607197217763,1.3147473976858735
1.1340688773163594,1.0649267004429739
1.005645769789671,1.0028189117630715
1.9068701966782613,1.380894708758876
1.192283129601199,1.0919171807427517
2.4648485330773773,1.569983609174751
1.8445073049029148,1.358126395039473
1.9172063337597072,1.3846322016187935
1.645720527960873,1.2828563941302522
1.782342138570717,1.3350438714030026
1.8025647148309707,1.3425962590559273
1.3515426703466566,1.1625586739372153
1.4310349040622543,1.1962587111750762
1.9965266674955586,1.4129850202658054
1.389777301336884,1.1788881632016177
1.7800859408920282,1.3341986137348623
1.3214270397223984,1.1495334008728926
1.8058850074090695,1.3438322095444317
1.872073541770508,1.368237385021513
2.146916035423545,1.4652358292860386
1.0235886124408993,1.011725561820447
2.214979970582301,1.4882808775840335
1.7703546781686903,1.3305467591064548
1.4958670816663324,1.2230564507275747
1.5046212555883345,1.226630040227425
2.1564731484414033,1.4684934962203282
1.153811380600907,1.0741561248724074
1.5038009194748345,1.2262956085197543
1.8191771549935716,1.348768755196224
1.7782442910513534,1.3335082643356033
1.81413293766602,1.346897523075167
1.6215094517863788,1.27338503673727
1.9848040377891014,1.408830734257704
1.962542697492205,1.4009078119177596
1.071671451342689,1.0352156545100586
1.7741255518568073,1.33196304447864
1.2343433337310457,1.111010051138623
1.142018017914735,1.0686524308280663
1.3354903078224811,1.1556341582968552
1.7126734975881879,1.3086915211722692
1.2495893350923504,1.117850318733394
2.107574926749845,1.4517489200098772
2.143883305820224,1.4642005688498498
2.051605282919856,1.4323425857384315
3.372040049116057,1.836311533786154
2.852004964599404,1.688788016477913
1.4280990487277456,1.1950309823296406
2.8635784575033982,1.6922111149331807
1.5557992376656067,1.2473168152741334
2.028382587936849,1.4242129714115264
1.1569532292779554,1.0756176036482274
1.5073596574146897,1.2277457625317587
1.4103908959323646,1.1875987941777157
2.3554507817528836,1.5347477909262106
1.2710761382324893,1.1274201249900098
1.625500842210645,1.2749513097411387
1.8084131008695983,1.3447725089655864
1.4384873953040012,1.199369582449047
1.385912963246902,1.1772480466099327
1.2464072634351782,1.1164261119461414
1.7346799053429756,1.317072475356985
2.4638836511665394,1.5696762886552562
1.0168953287948743,1.0084122811602774
1.0224660851275653,1.0111706508436473
1.903820636859151,1.3797900698508998
1.6942162454298335,1.3016206226968876
2.2200200917707664,1.4899731849166837
1.104586576294777,1.05099313808168
1.5461542413250011,1.243444506733212
1.0547436288051313,1.0270071220810162
1.0514831641362246,1.0254185312038322
1.3683431588213812,1.1697620094794416
0.9951237343330308,0.997558887651767
1.4788581333277915,1.2160831111925663
1.212044949741988,1.1009291302086561
1.6848490890983958,1.298017368565766
1.2163881914831283,1.1028999009353153
1.8955992791783003,1.3768076405868397
1.4381494049912171,1.199228670851067
1.1819681258354804,1.0871835750394137
1.8386189511026088,1.3559568396901904
1.8402800921292688,1.3565692360249324
1.678292423645627,1.2954892603358883
1.2289823148693348,1.1085947478088352
1.5436945525726704,1.2424550505240302
0.9786903370428355,0.9892877928301933
1.103222983173032,1.0503442212784493
1.489466691415185,1.2204370903144435
1.473151586219271,1.2137345616811244
1.8291941597038386,1.3524770459064503
1.8875751598569952,1.3738905196037257
1.876862306678817,1.3699862432443681
1.0331060327311619,1.0164182371106698
1.3529168354238548,1.1631495327015589
1.8165743101861442,1.3478035131969883
1.6492803485949274,1.2842431033861648
2.692636536072884,1.6409255120427875
1.4684303957900695,1.2117880985510914
2.565691539692607,1.6017776186763901
2.0069958734511233,1.4166848179645053
1.8024342982129244,1.3425476893626254
1.8485904846890016,1.3596288040082858
1.9103195549406562,1.3821431021933497
1.7114018695767084,1.308205591478919
1.6713514357723809,1.292807578788267
1.6220206672247954,1.2735857518144569
1.6375068383767009,1.2796510611790626
1.6327048779880462,1.2777734063549946
1.7431196969013836,1.3202725843178686
1.4765718222052486,1.2151427168054165
1.527402057672932,1.235881085571315
1.6296524434422257,1.2765784125709732
2.339163345387879,1.529432360514148
1.3490318191552162,1.1614782904364662
1.0737714621372763,1.0362294447357092
2.467902638205011,1.570955963165426
2.263060487467801,1.5043471964502746
2.0633889568255404,1.436450123333748
1.58830846995524,1.260281107513415
2.0706942040450182,1.4389906893531377
1.8806108951290597,1.3713536725181654
1.920121208624029,1.3856843827596632
1.8464771874174721,1.3588514221273318
1.3406444711770142,1.1578620259672627
2.1125674814684223,1.4534673995203409
1.558176295064638,1.2482693199244457
1.4214290047298697,1.1922369750724349
1.6810208095528307,1.2965418657154233
1.6764671478183015,1.29478459514249
1.0869629455893877,1.0425751510511785
1.5504432698202928,1.2451679685168153
1.161515487914919,1.0777362793907046
1.317296068518158,1.1477351909382922
1.2800104888614754,1.1313754853546525
1.8730922596015152,1.3686096081795989
1.368391711427533,1.1697827624937602
1.1433482740690237,1.0692746485674407
2.141344072642942,1.46333320629409
3.164936577343871,1.7790268624570769
4.158894342565639,2.0393367408463074
1.4192854691210621,1.1913376805595726
1.3547624872616095,1.163942647754437
1.2167372803965917,1.103058149145634
1.8977856080679498,1.3776013966557779
1.3216556659633703,1.1496328396333197
1.4742753143222531,1.2141973951224954
1.283625932785027,1.1329721677009665
1.3487168469222917,1.1613426914232903
1.2015567334844712,1.0961554330862349
1.5714089886985263,1.2535585302244672
1.393264051681085,1.1803660668119382
0.984884356377493,0.9924133999385
0.9636601676366099,0.9816619416258379
2.050525917232717,1.4319657528141925
1.1178071214580032,1.0572639790790204
1.2779056191278315,1.1304448766427453
1.240872128497224,1.113944400990114
2.140950264381398,1.4631986414637617
1.335199946752065,1.1555085230114337
1.4352780535484289,1.1980309067584312
1.9036025610204743,1.37971104258119
1.7090088610042653,1.3072906566652518
1.0070825998625184,1.0035350516362238
1.163395241437809,1.0786080110205973
1.796272493563494,1.3402509069437312
1.7924269855625186,1.3388155158805557
1.644540665133852,1.2823964539618207
1.9284831692474647,1.3886983723067672
2.015210541322259,1.41958111473852
1.7855498700480343,1.336244689436794
1.4668110491460704,1.2111197501263327
1.8536145534560728,1.3614751387579844
2.3543184360388145,1.534378843714555
1.5342019254731256,1.2386290507949205
2.0887726950925813,1.4452586948683552
0.9899948340026331,0.9949848410918797
1.2949974158817439,1.13797953227716
1.170240324438715,1.0817764669462517
1.047132396593485,1.0232948727485567
1.447409823035048,1.2030834647002044
1.3912659421917595,1.179519369146501
1.5901537730034658,1.2610129947797786
1.8773964311478673,1.3701811672723674
1.6501685363028353,1.2845888588582868
1.4502860916347289,1.2042782451056437
2.1088158053615764,1.452176230821031
1.1832423455435963,1.0877694358381267
1.3998533764684107,1.1831539952467771
1.626285553512892,1.2752590142841147
1.556055843734078,1.247419674261264
1.7809615671643249,1.334526720288629
1.9468629981617862,1.3953003254359924
1.6670970180119893,1.2911611123372595
1.4762263189746365,1.215000542787795
1.6106175210298883,1.2691010680910675
1.2860110431059755,1.1340242691873819
1.4196401243276937,1.1914865187351864
1.063529245453971,1.031275542934075
1.6604286366478436,1.288576205215603
1.4364516920098076,1.198520626443203
1.2692889680005617,1.126627253354259
1.3485293406857042,1.1612619604058785
1.2155713179455787,1.1025295088774625
0.7376474774160053,0.8588640622450129
2.2279544068968606,1.4926333799352274
0.8427112098308129,0.9179930336504809
2.0991790761232645,1.4488544012851203
0.9604061768739096,0.9800031514612132
2.5307112822853264,1.5908209460166554
2.0691759538112944,1.4384630526403153
1.8900389935001456,1.374786890212496
1.142316805285959,1.0687922180133793
1.2711281842176252,1.1274432066483993
1.232895292123437,1.110358181905027
1.627952509305363,1.2759124222709657
2.1750275290542387,1.4747974535692143
2.54313823522504,1.59472199308376
1.3205685615420757,1.1491599373203347
1.3620762057514422,1.167080205363557
1.3590320252050005,1.165775289326807
2.2888083963116688,1.512880826870269
1.7103758916930103,1.3078134009456435
1.7096718789972494,1.307544216842111
1.450479515538711,1.2043585494107272
1.1714659835386152,1.0823428216321367
1.3557432143924992,1.1643638668356637
1.4536074383017386,1.2056564346038794
2.049909422769821,1.4317504750374002
1.6991489318123685,1.303514070431297
1.394843695696466,1.181035010360178
1.646117052307542,1.2830109322634558
1.2829834148101142,1.132688578034631
1.123088630372932,1.0597587604605738
1.498109124160213,1.223972681133126
1.768075390575777,1.32968996031999
0.9633147163109169,0.9814859735680979
2.2327851868039126,1.4942507108259686
1.1211910959212101,1.0588631148175907
1.144437563200685,1.069783886212858
1.3670129972636407,1.169193310476775
1.3717679204814928,1.1712249657864593
0.9165684078319163,0.9573757923782679
2.571233855862646,1.6035067370805294
1.128536596672335,1.0623260312504514
2.248366283783509,1.4994553290390178
1.0189326179500096,1.0094219226616834
1.075501737154684,1.0370639985819023
2.1320562853888867,1.4601562537580992
1.396118741623876,1.1815746872812891
1.611099033573815,1.2692907600600483
1.4954974903832423,1.222905348088413
2.067044024117958,1.4377218173617448
2.8126903840805255,1.6771077437304156
1.4480556866575856,1.2033518548860036
1.3005050534458475,1.1403968841792964
1.016101783606742,1.008018741694192
1.4783424497112911,1.2158710662365855
1.1189034977160246,1.0577823489338554
2.2968075257319036,1.515522195723937
1.6952870351541502,1.3020318871495238
1.6532248725034036,1.2857779250334809
1.4456381342453208,1.2023469275734524
1.346741920673622,1.1604921028053667
1.5098170940699924,1.2287461471231527
1.190512518961281,1.091106098856239
1.1096842441879353,1.0534155135500594
1.2132664731306357,1.1014837598124794
2.286018486676215,1.5119584937015351
1.6228011493853478,1.2738921262749636
1.623372588927927,1.274116395361086
1.5760740106779605,1.2554178629754957
1.33303144215056,1.154569808262177
1.0312336449406478,1.0154967478730041
1.3880141709937834,1.1781401321548228
2.017893109905296,1.420525645634494
1.2074742145128743,1.0988513159262605
2.181775048415674,1.4770832909540592
1.17865579537435,1.0856591524849546
1.996381213527406,1.4129335488717811
1.6807605293430585,1.2964414870494767
2.048803217442917,1.431364110714991
1.216907550634697,1.1031353274348061
1.388477350507602,1.1783366880936883
1.2497451589396262,1.117920014553647
1.9644411958563581,1.4015852438779306
1.673010820518631,1.2934491951826446
1.4952006953416583,1.2227839937379203
1.8059600062424632,1.343860114090177
1.7879014408840157,1.337124317662354
1.995606050155178,1.4126592123209256
1.6297172536138027,1.2766037966471049
2.1276897511179915,1.4586602589767061
0.8512006550339297,0.9226053625651272
1.8106861668423861,1.345617392441992
2.252267065970678,1.5007554983976163
1.4488658632060094,1.203688441086816
2.3287090351183113,1.5260108240501806
1.8546770837679214,1.361865295749885
1.704498134851323,1.305564297478804
1.5999220273028227,1.2648802422770398
0.9587672484121423,0.9791666091182554
1.8197737746084115,1.3489899090091118
1.873826827016897,1.368877944528619
1.311552605399946,1.145230372195894
1.3429248408381254,1.1588463404775136
2.252887882400432,1.5009623187809986
1.297337648277734,1.1390073082635308
2.1026844027773066,1.4500635857703987
1.6532496645589436,1.2857875658750724
1.9910130126125822,1.4110326050848656
1.5783696533128395,1.2563318245244126
1.6138210712795826,1.2703625747319474
1.1426087207580338,1.0689287725372696
1.879195356354263,1.3708374653306872
1.2823500323177963,1.1324089510056852
1.5325627874397314,1.2379671996623058
1.824656962453004,1.3507986387515365
1.5364690114710946,1.239543872346233
1.3155027760978961,1.1469536939641007
1.012909581437349,1.00643409194907
1.0047737228842302,1.0023840196672282
0.9568101872928888,0.9781667482044607
1.2159123456177683,1.1026841549681252
1.4368866033271372,1.198702049438115
1.852142651008912,1.360934477118172
1.4045798349637317,1.18514970993699
1.1095092685093337,1.0533324586802277
1.2795524332879769,1.13117303419414
2.368151081045936,1.5388798137105886
2.431423023752872,1.5593020950902592
1.1318992068785925,1.0639075180101851
1.5011520043770008,1.2252150849450887
2.0842048614846362,1.4436775476139525
1.396902369278323,1.1819062438612984
0.9345014246302433,0.9666961387272855
1.3815199714608823,1.1753807772211022
1.5497520939543594,1.2448903943538
1.530220936200644,1.2370209926273055
2.51131036470849,1.5847114452506772
2.536043060027496,1.592495858715964
1.2859511929551979,1.133997880489729
1.513640286043227,1.2303008924824963
1.8465033826172736,1.3588610608216256
1.31999825829832,1.1489117713289911
1.3921549323185953,1.1798961531925576
2.198448986561867,1.482716758710802
2.223190882981458,1.491036848297673
1.619247915585698,1.272496725176807
1.9845390231755204,1.4087366763080744
1.1011259460718774,1.0493454846102295
1.2911300455781822,1.136279035086973
1.0851764530448245,1.0417180295285402
1.231295003477491,1.1096373297061932
0.9488785778502269,0.9741039871852629
1.0971463733650664,1.0474475516058388
1.3478702920237606,1.1609781617342165
1.5383400722364649,1.2402983803248575
1.539493210366484,1.2407631564349757
1.322125456092006,1.1498371432911731
1.5047465944170173,1.226681129885439
1.5508744775739594,1.2453411089231574
1.8005369276329795,1.341840872694292
1.516124684272254,1.2313101495042806
1.948052732723693,1.3957265966956756
1.1633185192069273,1.0785724450434135
0.9407661463378405,0.9699310008128622
1.4497760724711646,1.2040664734437068
1.9446944191710016,1.394523007759643
2.3174738076203667,1.5223251320333533
1.8730371023405856,1.368589457193276
1.5897942115938748,1.2608704182404609
1.4107468558637617,1.1877486501207912
2.052757166451785,1.4327446270887862
1.916134230008626,1.3842450036061629
1.988086096444887,1.4099950696526875
1.4709223011673407,1.212815856248318
2.1005832302336973,1.4493388941975225
2.034986466714516,1.4265295183467168
2.103813760521123,1.45045295012321
1.9671434576657398,1.4025489145358674
1.7236512182166583,1.3128789807962722
2.2046467923065327,1.4848053045118517
1.2832708868073035,1.1328154690007122
1.2900307867911105,1.13579522220826
1.1612250417008065,1.077601522688608
1.1244112338445338,1.0603825884295413
1.2292422745325697,1.108711988991086
1.6533625016022502,1.2858314436979095
2.3168856787973393,1.5221319518351026
1.4445713053060634,1.201903201304524
1.0084119551215962,1.0041971694451226
1.1411705344656038,1.0682558375527857
1.0805201533522217,1.0394807133142114
1.1848706825166309,1.0885176537459698
2.2722789551147127,1.5074080254246733
2.35127502716303,1.5333867832882315
2.620177633774271,1.6186962759499606
1.1357020363656636,1.0656932186917882
1.9508340331028249,1.3967226042070147
1.7718236945056465,1.3310986794770876
2.0405610174778057,1.4284820676080627
2.230630199543635,1.4935294438154325
2.338721366220921,1.529287862444779
1.7030518228030065,1.3050102768955525
1.3924718937237164,1.1800304630490335
2.541860951147092,1.5943214704528983
2.484163446097795,1.5761229159230554
1.512298952468809,1.2297556474636777
1.398875712676027,1.1827407630905544
1.7738683992551871,1.3318665095478552
1.7329803593272344,1.3164271188817231
1.761594335057218,1.3272506677554237
1.4859191243891288,1.218982823664521
1.8575747600974182,1.362928743587653
1.9738091642574038,1.4049231880275177
1.3999043432887766,1.1831755335911813
1.1159805821228421,1.0563998211486227
0.9269402606811188,0.962777368180785
1.31652020944496,1.1473971454753407
1.1987179763408449,1.0948597975726595
1.3801399393546343,1.1747935730819412
0.8380323208123345,0.9154410526147134
1.9783711368496273,1.406545817543683
1.6582792551119883,1.2877419210043557
2.4581011221549947,1.5678332571274902
0.9540783167207797,0.9767693262591632
1.7102727737512993,1.3077739765537848
1.8062818361160593,1.3439798495945017
1.4923732969317136,1.2216273150726917
1.385428728500685,1.177042364785858
1.3375068476186203,1.1565063111019414
1.777443020200534,1.3332077933317574
1.516232612731838,1.2313539753993723
2.4257859960515264,1.557493497916292
1.2388520912445427,1.1130373269771965
1.553434040056549,1.246368340442162
1.4734985085460937,1.2138774685058182
1.142474813954159,1.06886613472135
1.5244402614447956,1.2346822512066802
1.3708116531897439,1.1708166607926895
2.598980116325346,1.6121352661378467
1.984119175663132,1.4085876528150927
1.3240208945218304,1.1506610684827354
1.3131622382376305,1.1459329117525294
1.6380796318721664,1.2798748500819002
1.400793393320197,1.1835511790033404
1.4334541146966837,1.1972694411437568
1.3973359022262077,1.1820896337529603
1.5655444850270408,1.2512172013791374
1.3376793406415612,1.1565808837437879
1.3934935526069805,1.18046327880497
1.6711376639478341,1.2927248987885374
0.8955711464669134,0.9463462085658257
1.444655503065794,1.2019382276414183
0.9497721300532141,0.9745625326541207
2.3639824647680254,1.5375247850906422
1.1525547142222465,1.0735710103305913
1.2296637419461731,1.1089020434403452
1.2031174327524043,1.0968670989469984
1.2499789990202541,1.1180245967867855
1.1733321028468378,1.083204552633914
1.2235049114095486,1.1061215626727239
1.3932067623395934,1.1803417989462177
1.5577335743654208,1.2480919735201492
1.5357068208426967,1.2392363861841278
1.746753738330023,1.3216481144124645
1.2243561827768303,1.1065062958595537
1.3378178806164616,1.1566407742321994
1.2250249932845227,1.1068084718163855
1.7048316210513002,1.305692008496376
1.3218987179872168,1.1497385433163563
1.4739451276938593,1.2140614184191256
1.8290615629645683,1.3524280250588452
1.4911038319704004,1.221107625056203
1.8119912151049744,1.3461022305549362
1.4327311697310452,1.1969674890033752
1.306877982557018,1.1431876410095667
2.849133695658792,1.6879377049105788
2.7293015128777514,1.6520597788451092
3.036756259828351,1.7426291228567112
0.9418949818023203,0.9705127417001388
2.490183127043979,1.5780314087634564
2.313014812800063,1.520859892560805
1.2329654890082382,1.1103897914733538
1.6874291400396715,1.2990108313788886
2.308373647860629,1.5193332905786765
0.9598690187239205,0.9797290537306325
1.1418000153237862,1.0685504271319095
1.18227540454594,1.0873248845427663
1.2523731730611654,1.119094800747982
2.241271315065027,1.4970876110184825
1.9429697904236147,1.3939045126634804
1.8734858640746725,1.3687533978312794
1.3571062543784165,1.1649490350991396
1.7146269272439498,1.3094376377834684
1.690421795006931,1.3001622187276982
1.4639729163757764,1.209947484966094
2.238652574597093,1.496212743762428
1.8617206319239943,1.3644488381482078
2.1807545682278517,1.4767378129606663
1.9720632734125758,1.4043017031295575
2.2108195452583983,1.4868824920814685
2.2516367781971143,1.5005454935446356
0.8729774201791511,0.9343326068264722
0.9128518046481842,0.9554327839509089
1.2799087917795233,1.1313305404608873
1.7975499614213906,1.340727400115844
1.2210143444926487,1.104995178492942
1.5731256124031585,1.2542430435936882
1.2245583565496376,1.106597648899381
2.1056912014661036,1.4510999970595078
1.7780188140439934,1.3334237188695848
1.8072283188440113,1.3443319228687576
2.283098212520962,1.5109924594520523
1.4559800195441976,1.2066399709707107
1.786622182615118,1.3366458703093793
1.4620272417719211,1.2091431849751795
1.9737737610174324,1.4049105882644035
1.9658831106275163,1.402099536633372
2.332870246364399,1.5273736433382628
1.6002530598620426,1.2650110908059433
1.1704380498490539,1.0818678523040852
1.3604104061443063,1.1663663258789265
2.919722687841656,1.7087196048040345
1.5419378107325312,1.241747885334431
1.9848216292632421,1.408836977532618
2.1871975863674304,1.4789177077739757
1.3578504507557803,1.165268402882263
1.1272037073015146,1.061698501129918
1.842019584043616,1.3572102210209058
1.3197630663526694,1.1488094125452966
1.2767787749609214,1.1299463593290264
1.2961109066005327,1.1384686673776019
2.9062468786847844,1.7047717966592433
0.587585142855396,0.7665410249004263
2.244481153444506,1.498159255034159
2.0411876167579335,1.428701374240934
1.4199769813985041,1.1916278703515222
1.8124836689842985,1.3462851365829969
1.2413223653826704,1.1141464739353935
2.6477150168836188,1.6271800812705455
2.108012301229236,1.4518995492902518
1.8825357951630302,1.3720553178217816
1.4546056413776554,1.2060703301954059
1.4364093903945483,1.1985029788843031
1.4002783267228172,1.1833335652819188
1.0011848507329213,1.0005922499864375
1.8178147676908347,1.3482636120918026
1.9430774688079988,1.3939431368631932
1.577700851307153,1.2560656238059988
0.9381958968616122,0.96860512948343
1.067682948878538,1.0332874473632871
1.2132995091334315,1.1014987558474278
1.8144447011718408,1.3470132520401723
1.8493297632121126,1.3599006446105217
1.5525219618405535,1.2460023923895787
1.0157179985246352,1.0078283576704097
1.476995778201193,1.2153171512824104
1.1573737401761535,1.0758130600509335
1.6623445215346695,1.28931940245025
1.445057615514182,1.2021054926728278
1.832469608714075,1.353687411743965
1.2914527416249888,1.1364210230477914
1.6570495006357577,1.2872643476130914
1.890362588063038,1.374904574166163
1.3442743746888712,1.1594284689832621
1.313509483144295,1.1460844136206962
1.6299385000183615,1.2766904480015355
1.750905416927399,1.323217826711611
1.93443212801112,1.3908386419750927
1.703495218155949,1.3051801477788225
1.7396980944026386,1.3189761538415463
1.3162526386823652,1.1472805405315498
1.3808585329659067,1.1750993715281728
2.168813447455698,1.4726891890197666
3.156814317356254,1.7767426142681033
2.325330051757914,1.5249032925919972
2.1358983028669773,1.4614712802060044
2.0444390851266476,1.4298388318711475
0.9568455518264574,0.9781848249827112
1.5799290319240697,1.2569522790957777
1.4596431810431232,1.208156935601962
2.129553420836425,1.4592989484120191
1.607152590702334,1.2677352210545916
1.2517690431653068,1.1188248491901254
1.2028776451184655,1.0967577878084411
0.8319801097984201,0.9121294369761455
0.7269839293293473,0.8526335258065726
2.111580855514078,1.453127955657752
1.0682529163049266,1.0335632135021673
1.4284981019667486,1.1951979342212522
1.6183838660929224,1.272157170357862
1.3944079770291435,1.1808505311973838
1.7887841501251565,1.3374543544080884
1.7091687790754224,1.3073518191655307
1.4473575922993074,1.203061757475196
1.41063088810433,1.1876998308092537
1.5016370902911802,1.2254130284484412
1.6100264187425317,1.2688681644452002
1.531593072396706,1.2375754814946465
1.2970506618245357,1.1388813203422627
1.8236056187934786,1.3504094263568656
2.3603681352584136,1.5363489627224713
1.1011301802446567,1.0493475021386656
1.1502064072282283,1.072476763024835
1.7420594561642329,1.3198709998193887
1.6845605400017696,1.2979062138697732
1.9606317564537954,1.400225609126542
1.6077992511735861,1.2679902409614934
1.1369026886915186,1.0662563897541335
1.079140300795388,1.0388167792230678
1.7929342426142616,1.3390049449551191
1.2783149231039428,1.1306258988294682
1.205730054303435,1.09805740027716
1.2338870614429556,1.1108046909528946
1.1788990203105207,1.0857711638787064
1.6476072695268384,1.2835915508941458
1.17889641813225,1.0857699655692499
1.5209519662554571,1.2332688134609815
1.0829419628839094,1.0406449744672337
1.655029814409537,1.286479620674007
1.6708565324948985,1.292616158221341
1.6709071354456517,1.2926357319235964
1.1564749141376764,1.0753952362446453
2.1613886609925674,1.4701662018263675
1.5637814492250937,1.2505124746379357
1.6755943198642909,1.294447495985948
1.7127473173360588,1.3087197245155506
1.1042568533109611,1.0508362637970585
1.249595376515964,1.1178530209808282
1.5102118094450943,1.2289067537633172
1.22683426508194,1.107625507598096
1.5798702309996087,1.2569288886009458
1.605661210452942,1.2671468780109676
1.4556703212735445,1.2065116332939125
1.433996873262818,1.1974960848632525
1.7053509266362024,1.3058908555603728
1.5651326430345014,1.2510526140152944
1.572725133357646,1.2540833837339709
1.4002094128435914,1.1833044463888367
1.4634560242287349,1.209733865041702
2.136980923289703,1.461841620453359
1.8004471510243647,1.3418074194996705
1.674770509040466,1.2941292474248722
1.3510128105558208,1.1623307664154041
1.4171584067825536,1.1904446256683061
1.1422723374516188,1.0687714149674938
1.2428954500572766,1.1148522099620544
1.2369308070971574,1.1121739104551758
1.015619349692397,1.0077794151958042
1.1743058309419805,1.0836539258185616
1.306583612772429,1.1430588842104457
1.1133655134965381,1.0551613684629182
0.9737035068502233,0.9867641596907659
1.5476209132267513,1.2440341286422778
1.5240260337031057,1.2345144931118086
1.35578660147316,1.1643824979246125
1.3127464062074732,1.1457514591775448
1.8045841722664682,1.3433481202824784
0.921189447510261,0.9597861467588814
2.517458030703239,1.5866499395592082
1.118879745669112,1.0577711215896906
0.9301429999470371,0.9644392152681459
1.2785140872956933,1.1307139723624597
1.2037325607277307,1.0971474653517324
1.2770971223305774,1.130087218904177
1.3975526232447193,1.1821812988051872
1.3307444669178394,1.1535789816557163
1.6220201564674877,1.2735855512950387
1.6335142321053333,1.2780900719844956
1.4444140056155825,1.2018377617696918
2.6060049478605425,1.6143125310362125
2.1997459152297267,1.4831540429873515
1.956927464794819,1.3989022356100582
3.499950295601871,1.8708154092806353
3.2630822287875993,1.806400351192282
2.235480014556652,1.495152171036999
1.9130259692045521,1.3831218200883653
1.8183910021044802,1.348477290170094
2.117202046122827,1.4550608393200701
2.5795295601120145,1.606091392204072
1.2721625979517184,1.127901856524635
0.8862762456043004,0.941422458625404
1.557400272285809,1.247958441730256
1.3556232355325912,1.1643123444903396
1.6903748639013376,1.3001441704293173
1.1972475174098316,1.0941880630905418
1.1708728802120838,1.0820687964321325
1.921590315220308,1.3862143828500366
2.3953263569658856,1.5476841916120632
1.5798236285754281,1.2569103502539185
1.1617574809224513,1.0778485426637878
1.7746892288954765,1.3321746240247472
1.7222093090919917,1.3123297257518751
1.2980805755963654,1.139333390889763
1.1993150310692682,1.0951324262705713
1.3327454523507747,1.1544459503808633
1.5248655577074914,1.2348544682299576
1.4909419747412662,1.2210413484977756
1.3997122219707234,1.183094341957024
1.7530568251686545,1.324030522748118
1.591297990363338,1.2614666029520314
1.3629638933895465,1.167460446177748
1.4397598915926333,1.1998999506594845
2.1526169620535165,1.4671799351318557
2.0326586412254097,1.4257133797595538
1.5653012079095403,1.2511199814204632
1.1723230564948623,1.0827386833834203
1.293159466339682,1.137171696068664
1.4523626411300665,1.2051400919105075
1.8759178577964766,1.3696415070362304
1.4420759420416203,1.200864664332172
1.3175762459440215,1.1478572410992673
1.7078478842398677,1.3068465419627002
2.1059221371789434,1.45117956751704
2.0556112379853655,1.4337402965618862
1.743906986243277,1.3205707047497597
2.007343324979024,1.4168074410374276
1.9380653354948905,1.3921441504007013
1.5955024535402949,1.2631320016294
1.735024596034513,1.317203323725883
1.2629724412574685,1.1238204666482403
1.2708398844502855,1.1273153438369787
2.4874566519585994,1.5771672872459026
2.2923842736291333,1.5140621762758402
1.2763328105548837,1.129749003343169
2.4640685461024905,1.5697351834314253
3.5426378007073467,1.8821896293167026
1.2460115297123922,1.1162488654920963
2.015312668126641,1.419617085036187
1.127365035083369,1.0617744746806494
1.446794554559957,1.202827732703215
1.2769111107398996,1.1300049162458983
1.5839398398670759,1.2585467173955347
1.1628850240343098,1.0783714684812047
1.1409552502354388,1.068155068440645
1.3209660799759513,1.1493328847535649
0.8248907282558813,0.9082349521219062
3.3127080491433434,1.8200846269180297
1.9895299215989173,1.4105069732542683
2.9838004380342302,1.7273680667519098
3.11351545398581,1.7645156428849844
2.3025786306070177,1.5174249999940748
2.195585992254671,1.4817509886126856
1.8444301791837918,1.3580980005816192
1.4144814464768556,1.1893197410607694
1.269899307773381,1.1268980911215445
2.21916802595504,1.4896872242034702
1.1970931938451725,1.0941175411468242
1.40006371094885,1.1832428791033776
1.252913503698938,1.1193361888632647
1.8367980836264883,1.3552852406879108
1.1523707266621936,1.0734853173947903
1.3211765749104873,1.1494244537639207
1.5525551233656598,1.2460156994860296
1.53064895503241,1.237193984398732
1.4209742619180141,1.192046249907282
1.3273970235850918,1.1521271733559155
1.5600016593936563,1.2490002639686095
1.1019444669493137,1.0497354271192878
1.248450809292511,1.1173409548085629
1.0639462847491303,1.0314777189785198
1.321781089288473,1.1496873876356446
1.1665475102515026,1.0800682896240879
1.3153793222219623,1.1468998745409131
1.4409647081296006,1.2004018944210313
1.0946668782045497,1.0462632929643234
1.4753486499023207,1.2146393085613196
1.7448831936095313,1.3209402687515932
1.8728661368000794,1.368526995276337
1.3469468760073675,1.1605804048007047
1.3247700050395324,1.1509865355596183
1.5917105020716436,1.261630097164634
1.3971712137122259,1.1820199717907587
1.2355268142748548,1.1115425382210322
1.5539987821687136,1.2465948749167524
1.6435254364018659,1.282000560219014
1.3467552241120273,1.160497834600318
1.0034257715495682,1.0017114212933624
1.3502274401628382,1.1619928744027814
1.1707091755293657,1.0819931494835657
1.451044464787168,1.204593070205523
2.1465804014724243,1.4651212924097528
1.5390609749482014,1.240588962931801
1.7147960878758388,1.3095022290457694
3.028790316238046,1.7403420112834276
1.1072619971858104,1.0522651743670939
2.5702620019025813,1.603203668253844
2.065871869143096,1.437314116379261
0.8923072306371022,0.9446201515091144
0.9070516578257587,0.9523925964778174
1.4728249435395293,1.2135999932183295
1.2436392093921869,1.1151857286533875
1.7782568315140324,1.3335129663839165
2.2512981365869784,1.5004326498003762
0.9685554546723764,0.9841521501639756
1.7821409676960986,1.3349685268560074
1.6690767734476721,1.2919275418720944
1.1003020291887091,1.0489528250539721
1.3724840174060318,1.171530630161257
1.1473466973695363,1.0711427063512762
1.2516355332002758,1.1187651823328593
1.3006482617542166,1.1404596712528754
1.191809983602551,1.091700500871256
2.185685100990502,1.4784062706139007
1.0669159260936807,1.0329162241409904
1.6080401282544392,1.2680852212112714
0.892441092951401,0.9446910039538859
1.515672014390472,1.2311263194288684
1.2009168577636151,1.0958635215042132
1.5159885183901303,1.2312548551742366
1.0432634066061728,1.0214026662419542
1.2136211349198538,1.1016447407943515
1.6011595644325884,1.26536933913881
1.829588174224411,1.3526227020956032
1.5305766936290164,1.2371647803057668
1.4566161969589841,1.2069035574390292
2.2967667169846417,1.5155087320713931
2.558829910493163,1.5996343052376574
2.5796211315832256,1.6061198995041515
0.8418202148622453,0.917507610247591
3.0389618898921382,1.74326185350685
1.5444178008824248,1.2427460725676927
1.4777385464068344,1.2156226990340524
1.4592149708514839,1.2079797063078022
0.98194874984534,0.9909332721456778
1.37891054510385,1.174270218094562
0.8802217785673877,0.9382013528914717
1.0661507179780958,1.0325457461914682
1.3606511714242326,1.1664695330029982
1.0052790116609658,1.0026360314994498
1.3609350605880333,1.1665912140025885
1.3092373810311506,1.144219114082242
2.1381775264852236,1.4622508425318905
1.8525791486063474,1.3610948345381182
1.9298979918461723,1.3892076849219386
1.3979895862400273,1.1823660965369513
1.5332106299870871,1.23822882779682
1.46133436266911,1.2088566344563403
1.3607479411039163,1.1665110119942788
1.2602337899017622,1.1226013495011318
1.0892839491528439,1.0436876683916716
1.1689224522539376,1.0811671712801576
1.255537945918216,1.1205078964104698
2.476457420459807,1.573676402714296
1.705612605437775,1.3059910433987574
1.8476222076522029,1.3592726759749874
1.6299478141783654,1.2766940957717183
1.3393914666263242,1.1573208140469626
1.7106622680805346,1.3079228830785607
1.8230906219595642,1.3502187311541654
1.378815443429521,1.1742297234483212
1.4716562716724793,1.2131184079357131
1.7011349957723791,1.30427565942648
1.5805879483120515,1.2572143605257027
1.491411585065918,1.221233632465925
1.4848788018602104,1.21855603148161
1.532509888251096,1.2379458341345537
1.8626690241715302,1.364796330655798
2.0320224988181894,1.4254902661253739
1.7243910286769877,1.3131607017714884
1.6619326927080715,1.2891596847202722
1.250639225232684,1.1183198224267885
1.4570584043264316,1.2070867426686582
1.4977218596931732,1.2238144711079262
1.1705478327728607,1.0819185887916247
1.1349552659943523,1.0653427927171386
2.5465162456911092,1.5957807636674624
2.3858698153843085,1.544626108605027
1.8268216610566124,1.3515996674520945
1.4920883712480315,1.2215106922364747
1.795837079679635,1.3400884596472111
2.692072623277784,1.6407536753814644
1.0314492234306192,1.0156028866789515
1.628626681167285,1.2761765869844521
1.2520401489186126,1.1189459991074693
1.1119654896184052,1.054497742822812
2.2173551060272096,1.4890786097541022
1.2103410257001994,1.100155000761347
1.690983665701951,1.3003782779260622
1.4500323845036285,1.2041729047373673
1.9000028844429735,1.3784059215060611
1.9602333332794124,1.4000833308340659
1.8314305997622247,1.3533035874341812
1.4319823508289513,1.196654649775344
1.6801937198530918,1.2962228665831705
2.1728562615876816,1.4740611458103363
2.817066908951644,1.6784120200211996
2.1561851095142472,1.468395420012691
1.6514805171646227,1.2850994191752725
1.813391772349424,1.34662235699153
1.2784827475651384,1.1307001138963144
1.2394332481294021,1.1132983643792
1.7956147193854146,1.3400054922967348
1.4186581818268735,1.1910743813158242
1.3728848475460451,1.171701688803957
1.3834257711985352,1.1761912137057202
2.593211957288354,1.610345291323682
1.0320781551567477,1.0159124741614052
1.023331948054275,1.0115987090018823
1.6136449258679249,1.270293244045612
0.9320747280011632,0.9654401731858703
1.2108776629337472,1.1003988653818884
0.8929782000913387,0.9449752378191392
1.4406416192934532,1.200267311599151
1.380355343826656,1.1748852470886917
1.2151837395045355,1.102353727033449
1.129238172809163,1.0626561874892382
1.9416854826091774,1.3934437493523653
1.3178802197110373,1.147989642684566
1.8583434444607725,1.363210711687952
1.8656016001632791,1.365870272084168
1.260479028076791,1.122710571820178
1.8921830441366188,1.3755664448279548
1.3101317082143598,1.1446098497804218
1.7672702717281226,1.329387179014497
1.6319469704354579,1.2774767983941853
1.3936875343748694,1.1805454393520265
1.909729151398916,1.3819295030496006
3.113016339146399,1.7643742060986947
1.8555727292316646,1.3621940864765434
1.9601116158001024,1.4000398622182522
1.8059268424236257,1.3438477750190405
1.809811135321273,1.3452922118711879
1.1924529750833086,1.091994951949554
1.0825300519946495,1.040447044300982
1.5674324892432947,1.2519714410653682
1.1818938069675364,1.087149394962595
1.6399443490910643,1.2806031192727372
1.931312897031157,1.3897168405942115
1.8059559900279254,1.3438586198063862
1.347715118243841,1.1609113309137098
1.4932351428953152,1.221980009204453
0.7071991526393024,0.8409513378545173
1.6240151066172384,1.2743685128789233
1.4962575811144798,1.223216081121598
0.968650049908305,0.9842002082443922
2.3070660323810115,1.5189029041979647
2.283482748306287,1.5111197001913141
1.1205899531460588,1.0585792143935469
1.4851892921728012,1.2186834257397616
1.2223570912611625,1.1056025919204253
1.454793150740285,1.2061480633571837
1.899246034084016,1.3781313558888413
1.6688543538734149,1.2918414584899398
1.0779841161616068,1.03826013896403
1.0828023106579785,1.040577873423214
1.194764172803067,1.0930526852824007
1.3648215675261748,1.1682557800097437
1.1103153387785956,1.0537150178196169
1.2912440023017222,1.1363291786721497
1.1075238440595865,1.0523895875860738
1.1610177186175907,1.0775053218511688
1.414116636983096,1.1891663621979458
1.6654149453692104,1.2905095681044796
1.914755885718129,1.3837470454234506
1.6535805077972505,1.2859162133658828
1.8977244466380874,1.377579197954908
1.7327752203482751,1.3163492015222538
1.4907674351943343,1.2209698748103224
1.1720101820235178,1.0825941908321501
1.6888890808214887,1.2995726531523695
1.8668750459241443,1.366336358999549
1.7678831082484814,1.3296176549100427
1.103953157414083,1.0506917518540264
1.8008877723706431,1.3419715989433767
0.8569196133592638,0.925699526498347
1.6718537917560108,1.2930018529592333
1.222765090799332,1.105787091080074
1.3356488834003177,1.1557027660260737
1.4266554858580633,1.1944268440796462
1.5481265363858223,1.2442373312137127
1.256054909312376,1.1207385552894913
1.3922343420570438,1.179929803868452
1.3978902442398577,1.1823240859594537
1.3815342501839347,1.175386851289368
1.2336862476845005,1.1107142961556318
2.1578514542414764,1.468962713700207
2.2253926783871627,1.491775009305077
1.4842255132689322,1.2182879434965004
1.5376889196210317,1.2400358541675445
1.5351848782664896,1.2390257778861946
1.4763147454804526,1.215036931735185
1.7444388879494712,1.3207720802430187
1.663102175553063,1.2896131883448863
0.8220816514783275,0.906687185019358
0.8966629802066074,0.9469229008776836
0.8864842689829174,0.9415329356867541
1.0946095296214835,1.046235886223314
1.490912741170241,1.221029377685173
1.4135882502963582,1.1889441745920446
1.7165955181820558,1.3101891154264929
1.8279982049893513,1.352034838674415
1.8549841008799939,1.361978010424542
1.3373459396824814,1.1564367426204
2.1299521860245085,1.4594355710426234
1.992720806073897,1.4116376327067428
1.0397431494202551,1.019677963584707
1.0692601010920582,1.0340503377940835
1.38260924978337,1.1758440584462593
1.2548582366154788,1.1202045512385133
1.3311146804764784,1.1537394335275528
1.2302031220568814,1.109145221356014
1.2728683092608968,1.1282146556665964
3.0260506559355287,1.7395547292153613
2.202124347392927,1.4839556419896542
1.7989054524848502,1.341232810695015
3.0153298355851503,1.7364705110036134
2.4291101030084863,1.5585602660816444
1.5127245327581051,1.2299286697845957
1.692682609199487,1.3010313636494268
1.1929233856031651,1.0922103211392782
1.5236307234803843,1.2343543751615191
1.5362120672708672,1.239440223355232
1.9080042015082777,1.3813052528345346
1.1927918619992528,1.0921501096457633
1.826387690193717,1.3514391181972338
1.492440549492554,1.221654840571818
1.8976988321636206,1.377569901008156
1.6140793202432355,1.270464214467781
1.691419418897866,1.3005458157626997
3.059623501198989,1.7491779501237115
1.4431853737662725,1.2013265058951594
2.3172426251438134,1.5222491994229503
1.433149136185262,1.197142070175993
1.4264109695510254,1.194324482521825
1.8812731558615619,1.3715951136766134
1.4581275389546255,1.2075295188750566
2.444051491069483,1.5633462479788292
2.2136952006252724,1.4878491861157408
1.532937552421495,1.2381185534598433
1.8225381962179221,1.350014146673257
1.4651127608809345,1.2104184238852838
1.1896181705811744,1.0906961861953925
1.7487675608555007,1.3224097552784086
1.4640071095009257,1.2099616148874004
1.2506549361056867,1.1183268467249128
1.2841772075287676,1.1332154285610339
1.927603093148989,1.3883814652857438
1.4458371481018966,1.2024296853046736
1.9348782495265258,1.3909990113319728
2.078285697272228,1.4416260601391153
2.5595072861174746,1.5998460195023378
1.2177344516939872,1.1035100596251886
1.2395207724714066,1.1133376722591428
1.7162821454115627,1.3100695193048202
1.1756066647301473,1.0842539668962006
2.0067037474847194,1.4165817122512627
1.0950868853492828,1.046463991425067
1.3802477642740798,1.174839463192346
1.4047658838931962,1.1852281990794837
1.3260480892411397,1.1515416142029518
1.540364353108566,1.2411141579679792
1.4079667349115037,1.1865777407787084
1.3680358319102814,1.1696306390952151
1.8746301181503888,1.3691713253462434
1.3314883102820372,1.1539013433920757
1.4644659092226129,1.2101511927121391
1.349975382137864,1.1618844099728096
2.1152168836880634,1.4543785214613365
1.2664573844521736,1.1253698878378493
1.4785037424107346,1.2159373924716415
1.2037871726853204,1.0971723532268394
1.6430210497620428,1.2818038265514902
1.406771649912685,1.1860740490849149
1.9429767625838024,1.3939070136073648
1.554843191682257,1.2469335153416388
1.3300671131862778,1.1532853563564733
1.4984483872709728,1.224111264252957
1.3293407529761887,1.1529704042065385
0.9901132527252842,0.9950443471148832
1.2371115992999446,1.1122551862319836
1.1764793993301181,1.0846563507996982
1.229586662019447,1.108867287829994
1.2684539180191097,1.126256595105711
2.522397022012135,1.5882055981553946
1.2079937100125693,1.0990876716679927
1.5362846516190038,1.239469504110127
1.9911288376159901,1.4110736471268925
1.4253510599735353,1.193880672418117
1.3519996885369885,1.1627552143667164
1.891459272539581,1.3753033383728772
1.0359688696633764,1.0178255595451395
1.569311167925111,1.2527215045352702
3.087340809252944,1.7570830399423198
0.910488183152451,0.9541950446069456
2.39603471437369,1.5479130189948305
2.015488543929687,1.4196790284883718
1.1998874804063229,1.0953937558733493
1.3252552981747512,1.1511973324216622
1.6149716317380083,1.2708153413214716
1.4855534455845563,1.2188328210154813
2.0289574621253323,1.4244147788215806
2.1093373418377914,1.4523557903756887
0.9338733152173667,0.9663712098450402
2.0607080158269633,1.4355166372518862
1.753514209269997,1.3242032356364324
1.24975793355056,1.117925728101183
1.4422350393542256,1.200930905320629
2.538051140243222,1.5931262160429167
2.7829024255972046,1.6682033525914053
2.5119925450980007,1.5849266686815515
2.574186792040163,1.6044272473503318
1.7670044986253917,1.3292872144970747
1.3134233630615917,1.1460468415652092
2.1341906254060974,1.4608869310819703
1.9535721153916707,1.3977024416490338
1.7908686989581615,1.3382334246902374
1.7861867499587323,1.336482977803583
1.615335847000122,1.270958633079819
1.2436910327207908,1.1152089637017768
1.8471710483334207,1.3591067096933267
1.4105437207965543,1.187663134393147
1.4794555215462877,1.2163287062082715
1.553058271733777,1.2462175860313387
1.3603938353756992,1.1663592222706087
2.044174475439461,1.4297462975785113
1.736422093985387,1.3177336961561645
1.9947711847261926,1.4123636871309715
1.893156534533513,1.3759202500630308
1.2478250419655088,1.1170608944750993
1.1926046477231416,1.092064397241821
0.839425014754461,0.916201405125784
1.095314593067934,1.0465727844101116
1.2733360986540994,1.128421950625784
1.4769343931009102,1.21529189625411
1.9780294899577988,1.406424363397406
1.4433515914762791,1.2013956848084144
1.5780693977017641,1.2562123219033334
1.9129310315041064,1.3830874995834885
1.2209807458281894,1.1049799753064258
1.4115962686397208,1.1881061689258754
1.28847317137641,1.135109321332712
1.0155343509793318,1.007737243024853
1.9798887607080764,1.4070852002306315
1.6868576622776077,1.298790846240305
1.6894530373910273,1.2997896127416264
1.5017824383705745,1.225472332764218
2.322165757982932,1.5238654002184484
1.319894785385396,1.1488667396114294
1.0874331299211701,1.042800618489062
1.07241662774074,1.0355755055720177
1.9573433068901753,1.3990508592936053
2.2270521789691866,1.4923311224286608
1.1900762295317806,1.0909061506526492
1.3024470200584877,1.1412480098815014
1.2279657695264876,1.1081361692168015
1.3955664941446893,1.1813409728544462
1.4219581007561333,1.1924588465670978
2.0101781626364943,1.4178075196007722
1.2565926285696543,1.1209784246673324
1.8877870137471329,1.3739676174303137
1.087526450781629,1.0428453628326824
3.0736954072674845,1.7531957698065224
1.1014837543749885,1.0495159619438803
1.6657926287712765,1.2906558909218508
1.3122018569760099,1.1455137960653332
1.6849393681763414,1.298052143858767
1.2409247787086475,1.1139680330730535
0.9258160027216729,0.962193329181653
2.8778455593193883,1.6964213979195701
2.203038559482996,1.4842636421751347
1.2852565947239007,1.1336915783068606
1.6017523541133596,1.2656035532951697
1.2223008940189721,1.1055771768714169
1.5503507155888487,1.24513080260222
1.7479076377276164,1.3220845803985524
1.4112736120706395,1.1879703750812305
1.6135578057546929,1.2702589522434757
1.5472978055811502,1.2439042590091691
1.659007538209881,1.2880246652179768
1.9809255024450485,1.4074535525000633
1.1441212884313867,1.069636054193849
1.9908321106922486,1.4109685009567892
1.6050850682275173,1.266919519238502
1.4130483479392804,1.188717101727438
1.672844350127553,1.2933848422366612
1.5456535897851646,1.2432431740352186
1.3191993141517815,1.1485640226612452
1.29949490180545,1.1399539033686625
1.1953268836303392,1.0933100583230446
1.3921506303988245,1.1798943301833535
1.3202276751638555,1.1490116079325985
1.4109647677944481,1.1878403797625539
1.047624855680998,1.0235354686971028
1.4654352183250061,1.210551617373256
1.0301261995591267,1.0149513286651368
1.2127813871019881,1.1012635411662315
1.4199192135129153,1.1916036310421831
2.1199407454113066,1.4560016296046192
2.135874763311968,1.4614632268079715
1.5217503002643917,1.233592436854406
1.9762768863828846,1.4058011546384803
1.915478411258188,1.3840080965291308
2.2665868990298894,1.5055188139076474
2.4648953667926574,1.569998524455567
1.8604050917489499,1.3639666754539679
2.457108900785637,1.5675167944190063
2.257360381667461,1.5024514573414547
2.1282545742325145,1.458853856365508
0.9561918668703728,0.977850636278554
1.2806057979046443,1.131638545607494
2.275607636141682,1.5085117288711023
1.1586977523187092,1.0764282383506618
1.474535417826563,1.214304499632017
1.0094972579300245,1.004737407450337
1.5729845571988061,1.2541868111245653
1.5042360998127908,1.2264730326480036
1.2267660902354833,1.1075947319464297
1.2410361105769774,1.1140180028064974
2.0360266469005284,1.4268940559482783
1.187556562196246,1.0897506880916599
1.2312787369898455,1.1096300000404844
1.1243134672633104,1.0603364877543875
1.716678939345464,1.3102209505825588
1.6460505637423894,1.2829850208565918
1.626588567700769,1.2753778137088512
2.1555554757513686,1.4681810091917715
2.2495726332981922,1.4998575376675587
1.4170315806952216,1.1903913561074029
1.421335492813197,1.1921977574266767
1.714139802786139,1.3092516193559354
1.8764695137066152,1.3698428792042594
1.4370005081971675,1.1987495602489986
1.308947594688267,1.1440924764582043
2.011768621749147,1.4183682955245251
1.9019868306919447,1.3791253861386008
1.6077128184800635,1.2679561579487137
1.868235359041923,1.3668340641943055
1.6930723691707334,1.3011811438730325
1.3030725341330978,1.1415220252509795
1.9593547883519107,1.3997695483014019
1.769475114606123,1.3302161909276713
1.776946148740862,1.3330214359645016
1.6699435134559184,1.2922629428471275
1.2529350235683077,1.1193458016039135
1.8932659844123894,1.3759600228249327
1.3574509616966839,1.1650969752328275
2.2713892671375495,1.5071128913049445
1.0154480619843176,1.007694428874308
1.1809372231622097,1.0867093554222351
1.5844438046672842,1.2587469184340767
1.1404162849651789,1.0679027507058771
2.2758445702014085,1.5085902592160034
2.3458220179524334,1.5316076579700277
1.833681704231811,1.3541350391418912
1.275934022241373,1.1295724953456387
2.1379471529259284,1.462172066798545
1.6790877343894364,1.2957961777955036
1.2177889007299378,1.1035347301874725
1.1419622712038182,1.0686263477960003
1.7855950027619008,1.336261577222776
1.2485705670161498,1.1173945440246922
1.4231885190717644,1.1929746514791353
1.1913181245038038,1.0914752056294288
1.466568667921802,1.211019681062947
1.44618004563444,1.2025722621258317
1.9655632478289216,1.4019854663401192
1.9799993749322427,1.4071245058388553
1.8841590377656987,1.3726467272265281
1.5239486966596545,1.2344831698567844
1.066118344556629,1.0325300695653512
2.1006916070521116,1.4493762820786436
1.8190113862028645,1.3487073019016633
1.016264262870507,1.008099331847069
1.0310851159478753,1.0154236140389268
1.9818586772377658,1.4077850252214525
0.9939780435023451,0.9969844750558281
1.1505261755386464,1.0726258320302782
1.1071830643057963,1.05222766752533
1.0815123027204492,1.039957836991697
1.4398638003903108,1.1999432488206727
1.8875036479103855,1.3738644940132871
1.6553272206098604,1.2865952046428046
1.2164033477979204,1.1029067720337564
2.105396920603383,1.4509985942802919
2.7239539743383347,1.6504405394737294
1.3330872209260245,1.1545939636625615
2.3892106349424864,1.5457071633859003
1.9296955826175592,1.389134832411008
1.184051234703489,1.088141183258629
2.22605954963661,1.4919985085906118
1.4686436397588367,1.2118760826746424
1.2121866472292537,1.1009934819195133
1.2613685573578806,1.123106654489181
1.4547924558998822,1.2061477753160605
0.9335015086327266,0.9661788181453403
1.577873192147515,1.256134225370647
1.428773836167009,1.1953132795075143
1.2554412048745904,1.120464727188942
1.5651869644080987,1.2510743240943356
1.541498465256211,1.2415709666612742
1.2655408417920266,1.1249625957301987
1.7726370278737122,1.3314041564730494
1.9772930012652512,1.406162508839306
2.1024229364674434,1.4499734261245767
1.9383052815679105,1.392230326335377
0.8973178277637279,0.9472686143664467
1.7968379105765613,1.3404618273477844
1.1919046408999923,1.0917438531542059
2.1169337219395135,1.454968632630791
2.460595492790088,1.5686285388166594
2.0167112182434157,1.4201095796604626
1.8253935022196515,1.3510712424663813
1.663429359928805,1.2897400357935722
1.3410587464150037,1.1580409087830204
1.8730663955227345,1.3686001591124906
1.8900230608564381,1.3747810956135664
1.7454410448100401,1.321151408737863
1.5375139191217635,1.2399652894826385
1.390101566630217,1.1790256853140295
0.9543462240465265,0.9769064561392388
0.9561950180252341,0.9778522475431726
1.9521948785704188,1.3972096759507568
1.4295137297412666,1.1956227372132342
1.6732148372816547,1.2935280581733257
2.0004015570994893,1.4143555271216248
1.6373572299629768,1.2795926031213907
1.410654125664924,1.1877096133588059
1.671121386553512,1.2927186030043476
1.44694090167541,1.202888565776319
1.0468820253338509,1.0231725296028285
1.1614200614030898,1.0776920067454754
1.220121318302395,1.1045910185685899
1.3227610164626038,1.1501134798195367
1.3252238759404675,1.1511836847091204
0.735864474200307,0.8578254334072329
0.7715573463195707,0.878383370926141
1.715194840976869,1.3096544738887692
1.1923095935861459,1.0919292988037943
2.124230094449976,1.4574738743627538
1.4796118517685397,1.2163929676582892
1.7377681390066204,1.3182443396452042
2.01991552230691,1.4212373208957432
1.259637210331133,1.1223356050358257
2.089664820808067,1.4455673006844292
2.4321719073674926,1.559542210832234
0.9441729911172199,0.9716856441860299
2.242585743885945,1.4975265419637627
2.5540359824809107,1.5981351577638578
1.6130906893935164,1.2700750723455352
1.6135043256697839,1.270237901209763
2.632845635538966,1.622604583852445
2.425859952912468,1.5575172400048958
2.6813799312951256,1.6374919637345173
2.4387622630598207,1.5616536949848454
1.3927943188332885,1.1801670724237685
2.0715155903521065,1.4392760646769982
1.4968649841987594,1.2234643371176617
1.1605968867586702,1.0773100235116493
1.4178518430840263,1.1907358410176567
1.1413883296011245,1.0683577722846989
2.591199285433388,1.6097202506750632
1.5357886915034276,1.2392694184492037
1.6391692795458388,1.2803004645573783
1.0665474764247613,1.0327378546488752
1.0200457836494217,1.009973159865856
2.6109457533473197,1.6158421189421075
1.3122851045210375,1.145550131823587
1.3559433075270535,1.1644497874649011
1.2696382561194512,1.1267822576343005
2.6674518025522604,1.633233541950526
1.3526662080005767,1.1630417911668423
1.2218706143620146,1.105382564708714
1.424576112302914,1.1935560784072585
2.205965256819008,1.485249223806903
1.852187513223627,1.360950959154527
1.5084902706068308,1.228206118942106
1.346775034817134,1.160506370002825
1.3844208083831433,1.176614128923813
2.993973428962077,1.7303102117718883
1.8723554189177236,1.368340388542896
2.205498998178292,1.4850922524133954
0.9099555103607955,0.9539158822248404
0.8811708024980339,0.9387069843662792
1.8613002534290768,1.3642947824532192
2.6383990158821957,1.6243149374065966
2.694376783118105,1.6414556902694952
2.5911145037311827,1.6096939161626918
0.9571191616011882,0.9783246708537959
1.9549324002611779,1.3981889715847347
2.0600452820536987,1.4352857841049282
2.6352988369319523,1.6233603533818215
1.2379379969781654,1.1126266206496074
1.4705430572185345,1.21265949764084
1.3553486127418668,1.1641944050466257
1.6882624821586594,1.2993315520523079
1.8749105822825483,1.3692737426397061
1.804691431214017,1.3433880419350237
1.3817738836869022,1.1754887850111129
1.9916095073654183,1.4112439574238815
1.060043197496529,1.0295839924438068
1.4982372677152074,1.2240250274055704
1.2442206856430598,1.115446406441412
1.545658927841853,1.2432453208606309
1.195259993333544,1.0932794671690966
1.3996682182992326,1.1830757449543257
1.615708498599404,1.2711052271938008
1.2675499051193557,1.1258551883432237
1.391323456660237,1.1795437493625394
1.8703422908855258,1.3676045813339197
1.9413907585619905,1.3933379915016997
1.6685074024717264,1.2917071659132833
1.4722586992315845,1.213366679628044
1.6848567823011773,1.2980203320060812
3.281298795118314,1.8114355619558522
1.71252607781031,1.3086351966114582
1.3550220221333094,1.1640541319600688
1.4350545863453787,1.1979376387547804
2.1998209401248423,1.4831793351192708
1.594282300122888,1.2626489219584707
1.4424405429216611,1.201016462385783
1.6854273889183198,1.2982401121974008
1.4623144798707766,1.2092619566788565
0.9771008363343012,0.9884841103094684
1.0809429045864263,1.0396840407481622
1.932221822707543,1.390043820427091
0.8492222384765005,0.9215325487884302
1.3233109972209542,1.150352553446531
1.2659611070925971,1.1251493710137321
2.0283937480091905,1.4242168893848965
1.282871081176003,1.1326389897827123
2.003217207010288,1.4153505597590612
2.316581349439729,1.522031980426078
1.6274795717529607,1.2757270757309185
1.7686728255560038,1.329914593331468
3.213262301075888,1.792557474971413
1.3837143205325735,1.176313869905721
1.4435001836888448,1.201457524712732
1.229543947155792,1.1088480270784595
2.2908813161695574,1.5135657620894962
0.823443472119243,0.9074378612991872
1.4214563106348577,1.192248426560026
1.3804394471480417,1.174921038686448
1.053709782955937,1.0265036692364704
2.0444357427380058,1.429837663071583
1.8549600546401137,1.3619691827057299
1.4154021112850423,1.1897067333107947
1.4852710290701676,1.2187169601963237
1.3704907041741337,1.1706795907395557
1.066172306613125,1.0325562002201745
1.8416738048346164,1.3570828290250438
0.9082576638003609,0.9530255315574504
2.077129205608199,1.4412248976506752
2.114195711222364,1.4540274107534439
1.8446409624601983,1.3581756007454258
1.2723368526391416,1.1279791011535372
2.1645020267232598,1.4712246690166868
1.9703160503957027,1.4036794685382068
1.4798920036481662,1.2165081190227076
1.0072006523006054,1.0035938682059617
3.628814395613395,1.9049447224561125
1.1336630634235574,1.0647361473264432
2.773181741684073,1.6652872850304457
0.9485950441287289,0.9739584406578798
1.2429837398897257,1.1148918063604762
1.3606477598661664,1.1664680706586728
1.514844251014983,1.230790092182653
1.4304871297461883,1.1960297361463001
1.9408367460837852,1.393139169675372
1.1461182003881905,1.0705691011738525
1.3993858028935038,1.1829563824983167
0.8269836841100527,0.9093864327721481
0.8515199365569452,0.9227783788954665
0.9098907482850723,0.9538819362400529
1.346271815659685,1.160289539580395
1.7804125597317728,1.334321010751076
1.329081434890042,1.1528579421984488
2.6729433131044287,1.63491385494907
1.2667093276016894,1.1254818202004373
1.2694124926349932,1.1266820725630604
2.0642236973324812,1.4367406506856
1.1276142866521992,1.0618918431988256
1.130557438535765,1.063276745977154
1.5115022590768503,1.2294316813377026
1.550232835045526,1.2450834650920097
1.8631530409771404,1.364973641129066
0.994877711108335,0.9974355673968796
1.3446115377240655,1.1595738604004773
2.041421755499821,1.4287833129973981
1.548366912397072,1.2443339231882542
1.8974616400879305,1.3774838075592506
1.9322068441640743,1.3900384326212258
1.1711697408146244,1.082205960441276
1.4385688894897461,1.1994035557266562
1.2317376876547261,1.1098367842411452
1.9196019892451894,1.3854970188510654
1.6588840498929003,1.2879767272326392
2.5095767957122836,1.5841643840562392
2.6539304097658305,1.629088828077165
1.6485578346795526,1.2839617730600676
1.4333786468175986,1.1972379240642181
1.8699256882185145,1.3674522617694975
1.7373462166244285,1.3180842979963112
2.5193093654263805,1.5872332422887256
3.1968368979052335,1.7879700494989377
2.8201820481368105,1.6793397655438314
2.7260384465212466,1.6510719083435605
2.435283340846675,1.560539439055186
1.769433576303754,1.3302005774708392
2.036375666349232,1.427016351114882
1.5378668481152586,1.2401075953784246
1.8653064283966285,1.365762215173867
1.2417279002310964,1.1143284525807893
1.6623398937979543,1.2893176078057549
2.073586607770828,1.4399953499129183
1.1162865395689059,1.0565446226113244
1.2207298798539383,1.104866453402373
1.0349181658771611,1.0173092773965846
1.6035821233407046,1.266326231008702
1.1283865865849338,1.0622554243612663
1.4114093566663206,1.1880275066960027
1.3808716319598715,1.1751049450835749
1.2391938955126447,1.1131908621223248
1.7829826620846412,1.3352837384184086
1.3140111212809131,1.146303241416037
1.6038473573832706,1.266430952473632
1.1919988903927394,1.0917870169555688
1.4789254352894288,1.2161107824904065
1.6888867194366346,1.2995717446284505
1.5400991397865267,1.2410073085145497
1.3173756543194013,1.1477698612175706
1.3806427206806486,1.175007540690973
2.0365527975973974,1.427078413261653
1.943354782509471,1.3940426042662653
1.7235108054014003,1.3128255045516903
0.9552423000231061,0.977364977898792
1.2082331584810133,1.0991965968292539
2.2766473960891913,1.5088563205584524
2.42588648971819,1.5575257589260572
1.6324045458707075,1.2776558792846795
1.5890693059381302,1.2605829230709618
1.5871944426774993,1.2598390542753861
2.015748032580408,1.4197704154476554
1.6046265322177407,1.2667385413800831
1.8882878849343046,1.374149877172903
2.5869904006320943,1.6084123851276744
1.9082603329308874,1.3813979632715865
1.1835569355054782,1.087914029464405
2.2816291498199717,1.5105062561340061
2.238012661879256,1.4959988843175172
1.481198028815729,1.2170447932659376
1.4365795860985844,1.1985739802359237
1.2153861109372717,1.1024455138179263
1.589519543020698,1.2607614933129494
1.3509511913456846,1.1623042593682966
1.1149311320956523,1.0559029936957525
2.019701934227912,1.421162177314015
1.6350743520725348,1.2787002588849878
1.4249441082156507,1.1937102279094582
1.2132757291186018,1.1014879614043005
1.1408842191517858,1.0681218184981458
1.3386596345788437,1.157004595746639
1.7628873164158412,1.3277376685233575
2.1926181662171897,1.4807491908548152
1.473958560809137,1.2140669507111777
1.5137652063741804,1.230351659638081
1.72897306807708,1.3149042049050874
2.916609686053363,1.7078084453630515
3.0794692782835194,1.75484166758244
2.2542103567911416,1.5014027963178773
1.1398305143552725,1.067628453327876
1.3158215533971562,1.147092652490267
2.6891820688876384,1.6398725770277514
2.8290544274769145,1.681979318385608
2.2183017732168895,1.4893964459528193
1.4040167592948436,1.1849121314658078
1.7883475071559964,1.33729110785797
1.7521263066144872,1.3236790799187268
1.1562288756353893,1.07528083570544
2.043570753768441,1.4295351530369727
1.6207078754803788,1.2730702555163163
2.1500743165338867,1.4663131713702522
1.3809772838551302,1.1751498984619495
1.536988945846248,1.2397535827116
1.7990982220374174,1.341304671593079
1.433796829587804,1.1974125561341855
1.7270887185236077,1.3141874746487305
1.7676656501380394,1.3295358777174986
2.5678538951472523,1.6024524626793932
1.5523570444367454,1.2459362120256179
1.8926964365173402,1.3757530434337917
1.5425437463769802,1.2419918463407802
1.5731417250580433,1.2542494668358617
1.456079095894043,1.2066810249167106
1.856419418844924,1.3625048325950715
1.4460892647695218,1.2025345170802881
3.3253188716541526,1.823545686747155
2.035975114175221,1.4268759981775645
1.9452469808548427,1.3947211122137797
0.9864951976760117,0.9932246461279601
1.2381077166747578,1.1127028878702336
1.5384061484444702,1.240325017261391
1.5608339672131386,1.2493334091479098
1.401621090190973,1.1839007940663664
2.0260698169242843,1.4234007927931909
1.6084653081335367,1.2682528565445996
1.7536436902277344,1.324252124871897
1.8615969085046329,1.3644034991543494
1.554023902123205,1.2466049503043075
2.6165110963698996,1.6175633206678184
2.363150584618904,1.537254235518284
0.8998763309930978,0.948618116521658
1.6267917230720992,1.2754574563944103
1.4381323042224745,1.199221540926644
1.8073422988490098,1.3443743150064307
1.7353634510307747,1.3173319441320683
1.6891789169435736,1.299684160457291
1.3442237296882824,1.15940662827512
1.6367678154548901,1.2793622690445776
1.6686012433501871,1.2917434897649716
1.4778715417685877,1.2156774003692705
1.7894631392717861,1.3377081667059472
1.715261375094955,1.3096798750438807
1.644630043682605,1.282431301740021
1.0558368216473082,1.0275392068662432
1.2205933704993206,1.104804675270394
1.3529591000110477,1.1631677007255006
3.0192035540739215,1.737585553022907
1.5860875001853623,1.2593996586411171
1.9351150452655679,1.3910841258764934
1.8717725975830841,1.3681274054645218
1.5818605122443632,1.2577203632939888
1.7600699034382,1.3266762617301178
0.9203781081988667,0.9593633869388943
1.6042180905670418,1.266577313300314
1.5936390430055398,1.2623941710121842
1.323542410183757,1.1504531325455014
1.6360488596373954,1.2790812560730438
2.3770809865472033,1.5417785141022051
3.340222288930905,1.8276275027835691
1.1948091036883395,1.0930732380258605
1.3236251276331372,1.150489081926959
1.302758049588155,1.1413842690295652
1.5622387300873617,1.2498954876658135
1.5192428299550376,1.2325756893412418
1.041524943382932,1.020551293851971
1.2320248376607787,1.109966142574078
1.0955337607904894,1.046677486521273
1.1115879323382163,1.0543187052965608
1.7818839890216138,1.3348722744223935
2.1229633428987618,1.4570392386270048
1.0821453485776293,1.040262153775494
2.3664659038162883,1.5383321825328522
3.5924801872928613,1.8953839155413506
1.3844885439886572,1.176642912692146
1.3268180574246113,1.151875886293576
1.6533374135492023,1.2858216880847835
0.906869881864576,0.9522971604833105
1.0191040806894993,1.009506850243969
1.6239555815801205,1.2743451579458842
1.9931013729429023,1.4117724225040318
1.608207719066889,1.2681512997536568
1.8747410974384253,1.3692118526504309
1.3839618008365473,1.1764190583446645
1.6060181755195424,1.2672877240467306
1.4589192739333288,1.2078573069420613
1.9637861727536887,1.4013515521644413
2.0587252555435596,1.4348258624458787
1.8922924213865102,1.3756062014204902
1.9330681948141075,1.3903482278962014
1.4417259115533252,1.2007189144647157
1.7500658081829514,1.322900528453652
2.3272562810558766,1.5255347524903773
1.4218757326558844,1.1924243089839641
1.19728513514642,1.094205252750333
1.7499992479587816,1.322875371287402
1.795330857595954,1.3398995699663292
1.7261210272592398,1.313819252126882
1.7004960041355783,1.3040306760715326
1.2276479750887404,1.1079927685182518
0.9231665585452904,0.9608155694748552
1.4311924519004553,1.1963245595992984
1.4732630870485575,1.2137804937667096
1.5278509206795234,1.236062668589066
1.297921955633758,1.1392637778994634
1.223392511424525,1.1060707533537468
1.210068519229569,1.100031144663445
1.165392756632788,1.0795335829110588
2.012692874871728,1.4186940737423723
1.7479874689569415,1.3221147714767207
1.8146050114809105,1.347072756565476
4.157381391671319,2.038965765203359
3.246720035580872,1.801865709641224
3.5454959530762444,1.8829487388339186
2.0882377105593877,1.4450736003952835
2.2536241924327745,1.5012075780626657
2.345183098499961,1.5313990657238763
1.009104980216259,1.0045421744338359
2.539298471362241,1.593517640743974
1.69007332354235,1.3000282010565578
1.508280111451003,1.228120560633606
1.1672569113625426,1.0803966453865648
1.7316698506522052,1.3159292726633165
1.572394888547628,1.253951709017388
1.4754513525251838,1.214681584830026
1.1691840367624022,1.0812881377146437
1.7355686208082695,1.3174098150569054
1.3272696233631918,1.152071882897587
1.2224075425274954,1.1056254078699057
1.6291026380210059,1.2763630510246706
1.7176142605813687,1.3105778346139418
2.0332971057104294,1.4259372727123831
0.6528367600398651,0.8079831434131934
0.6695123728877866,0.8182373573039712
3.71453442703344,1.9273127475927305
4.484028299317352,2.1175524313030247
3.6072687412362225,1.8992811116936383
1.1165216695134041,1.0566558898304614
3.2134572281079037,1.7926118453552358
3.6866327333076967,1.9200606066756583
2.6358319509932113,1.6235245458548544
1.8775785444296147,1.37024762157415
1.5933856246653195,1.2622937949088238
1.4627553766920276,1.2094442429033376
1.5525085853382585,1.2459970246105159
1.3888390744868748,1.1784901673271928
1.3380233993882165,1.1567296137767964
1.2295516369717194,1.1088514945526833
1.3013264923266403,1.140756982151168
1.9761181559179015,1.4057446979867652
1.563634711908092,1.2504538023885936
1.7653384267408825,1.3286603880378471
1.8002045104049451,1.3417170008630528
1.2232749719701035,1.1060176182910033
1.4382050472340584,1.1992518698063632
1.3077565651192657,1.1435718451934997
1.3738070077068598,1.1720951359453975
1.5360281550961472,1.2393660295070812
1.435357226315211,1.1980639491760074
1.5143328068969084,1.2305823039914512
1.1430031619461354,1.0691132596437738
0.9044623058788615,0.9510322317770631
1.3081024674036383,1.1437230728649477
1.8010573725843646,1.3420347881423806
1.3048335900829762,1.1422931279154998
1.4060298401519553,1.1857612913870799
1.95534514260796,1.398336562708692
1.976411884208465,1.405849168370656
1.1103933773917551,1.053752047396234
1.5624344899855682,1.2499737957195616
1.9407704290641767,1.3931153681817514
1.512148363781673,1.2296944188625372
1.5460405916352544,1.2433988063510655
1.5349286157645772,1.238922360668568
1.661033156853344,1.2888107529243167
1.0254797872796728,1.0126597588922317
1.5120358526086284,1.2296486703968041
1.6999081507637366,1.303805257990524
1.4865399401435222,1.2192374420692313
2.2788897858561445,1.5095992136511414
1.40458666378562,1.185152590928957
1.208361573956604,1.0992550086111066
3.2546177361347413,1.8040559126963724
2.1826436309477586,1.4773772811803214
2.165145398674724,1.4714433046076645
1.5492748991031804,1.2446987182058076
1.5224470691497507,1.2338748190759672
1.3317664199547554,1.1540218455275253
1.7746575046217354,1.3321627170213612
1.5068579532248176,1.2275414262764486
1.4286592518247556,1.1952653478724946
1.775086762390344,1.3323238203944054
2.069050803574214,1.4384195506090058
2.019265318900718,1.4210085569414135
1.5962317692679315,1.263420662039343
1.4423809920398505,1.2009916702624754
1.6618830041254133,1.289140412881938
1.4263750840681841,1.194309459088466
1.3260683919304193,1.1515504296080217
1.7923515696094887,1.3387873504068855
1.0413673491019981,1.020474080563538
1.3347177903261345,1.1552998703047337
1.3165434656057058,1.1474072797423354
1.5554639699393151,1.2471824124558986
1.8034715873465585,1.3429339474994884
1.7669529528373742,1.3292678258490176
1.5165999152584775,1.231503112159477
2.1889884589033115,1.4795230511564568
1.2173761766853988,1.1033477134092402
1.9541900356976962,1.3979234727615444
1.2716076913268595,1.1276558390425953
2.2556481602794998,1.5018815400288732
1.0705670847620026,1.0346821177356853
1.8827446646306885,1.372131431252374
1.1557720631725505,1.075068399299575
1.4714421971372464,1.213030171569218
1.6073146476011293,1.2677991353527298
1.9286089584302137,1.3887436618866038
1.8579530924020025,1.363067530389453
2.073291613127384,1.4398929172432873
1.1095293065119973,1.0533419703553055
1.8116741816715969,1.345984465613031
0.989057975634702,0.9945139393868253
1.8283978449360596,1.352182622627602
1.6268395605464665,1.2754762093220189
3.127552197230549,1.7684886760255347
1.972876261409071,1.40459113674018
1.4728610980603696,1.2136148886942553
1.9559418541298195,1.3985499112043944
2.253338907987813,1.501112556735108
